source_path	dest_path	size	sha256	copied_at_utc	verified_at_utc	status_in_sep1_backup
DCIM/DSC06245.ARW	DCIM/DSC06245.ARW	30343168	fdfebe78f3e65133db480c853e8892342909b5d412a1d49345062048fd839207	2026-04-26	2026-07-05	verified
DCIM/DSC06245.JPG	DCIM/DSC06245.JPG	9981887	96e69bf43051cd2d6200c02a9ea2cffc759d1c5046ec167bb3164ddde88af4ab	2026-04-26	2026-07-05	verified
DCIM/DSC06246.ARW	DCIM/DSC06246.ARW	30023680	a78826519995316bd62d1c9f4464b29510cf25098f63afa2db05ecc1ea4df831	2026-04-26	2026-07-05	verified
DCIM/DSC06246.JPG	DCIM/DSC06246.JPG	9743559	54640f8bc04ee6730dd00c157f59dab286197dc176e7560119d80dcbf653fa47	2026-04-26	2026-07-05	verified
DCIM/DSC06247.ARW	DCIM/DSC06247.ARW	29757440	82c6dd87d64ec1d72f3aac1fc8db51e326db3f4e052de80cd0b73f888e7c1069	2026-04-26	2026-07-05	verified
DCIM/DSC06247.JPG	DCIM/DSC06247.JPG	9087631	e63e320918cef0389ba37b5f50be570f6ad0a7dfce90486d44b7dba8a2527a6e	2026-04-26	2026-07-05	verified
DCIM/DSC06248.ARW	DCIM/DSC06248.ARW	29224960	5e07c9b09ed2767d82e97fd6140bc99a6297bd7374bdd32e087d5abb346ce1fb	2026-04-26	2026-07-05	verified
DCIM/DSC06248.JPG	DCIM/DSC06248.JPG	8099807	467e365b8d4edc3421078e2e47d61bc6fcd75e0fb02c6283ebdd45edaf216204	2026-04-26	2026-07-05	verified
DCIM/DSC06249.ARW	DCIM/DSC06249.ARW	30187520	d3cecb20eb623b80c8688bd7cb797df32dc03e7d13af6c033209c00e9825992a	2026-04-26	2026-07-05	verified
DCIM/DSC06249.JPG	DCIM/DSC06249.JPG	9779059	fcb82b34263459bd8ed5b8099e65338c11f262dbeb3b88f18e4bb13f3525a2fb	2026-04-26	2026-07-05	verified
DCIM/DSC06250.ARW	DCIM/DSC06250.ARW	30220288	f4933c88afd57199a56c3d1b803d1b69867a238ab940217b2d6d3c5730c655a7	2026-04-26	2026-07-05	verified
DCIM/DSC06250.JPG	DCIM/DSC06250.JPG	9896549	21ac7665c6f01e2f69c3224aa4a63e7608f54c90f5a9cd6fdb00581f69287db5	2026-04-26	2026-07-05	verified
DCIM/DSC06251.ARW	DCIM/DSC06251.ARW	30212096	7680bc79296b6971f4e8077c8ebde8209e9a33e2e84ba5f524b122ae3b1392b7	2026-04-26	2026-07-05	verified
DCIM/DSC06251.JPG	DCIM/DSC06251.JPG	9891859	41598b659575fa14e392b1884d61b00feb4cd3a8e9b50d407a06ba189ec6155d	2026-04-26	2026-07-05	verified
DCIM/DSC06252.ARW	DCIM/DSC06252.ARW	30044160	1175477ea85d86d44abb451733c88559f6b99f9e00073c6f4971c27a8c2b6fae	2026-04-26	2026-07-05	verified
DCIM/DSC06252.JPG	DCIM/DSC06252.JPG	9719419	56772673a0402f9272433fff10f14b93b3bbcf1c9759e65f261ff7c52675dbcd	2026-04-26	2026-07-05	verified
DCIM/DSC06253.ARW	DCIM/DSC06253.ARW	29896704	c9f612570e026ad976fe6d8068f09e675197bf689bc7a7f94cf33c3c24fdbbe8	2026-04-26	2026-07-05	verified
DCIM/DSC06253.JPG	DCIM/DSC06253.JPG	9444291	4be67d4c18e6aa87e6fc6dabdffe587dca34276e3557c325d0270b80c76dfff1	2026-04-26	2026-07-05	verified
DCIM/DSC06254.ARW	DCIM/DSC06254.ARW	29450240	e12a53e09f208b90f1c09e124882b927344dfef734280855f618a41a51f56306	2026-04-26	2026-07-05	verified
DCIM/DSC06254.JPG	DCIM/DSC06254.JPG	8398815	1357745f6cad6434a27723297908b4c7c5365cd3523456d4ca9fe0deebc1eb0c	2026-04-26	2026-07-05	verified
DCIM/DSC06255.ARW	DCIM/DSC06255.ARW	30445568	33813f8099ebcbf390cf2d4c1f53534e14f338df8296a1e757028cf27442b426	2026-04-26	2026-07-05	verified
DCIM/DSC06255.JPG	DCIM/DSC06255.JPG	10131440	1c910d398e9d24a3f7c19df27a43770ea913f3bec889f76de6941d51348f9267	2026-04-26	2026-07-05	verified
DCIM/DSC06256.ARW	DCIM/DSC06256.ARW	30310400	47c61439007361656b942738317876cd0cb2f43e0842bd121d0df2912808c4b5	2026-04-26	2026-07-05	verified
DCIM/DSC06256.JPG	DCIM/DSC06256.JPG	9974784	cd7ca2a85159a810fa2461db0179ff201d6e3dd98fdaaa506e79776b9220e099	2026-04-26	2026-07-05	verified
DCIM/DSC06257.ARW	DCIM/DSC06257.ARW	28561408	da18b8996bc3ad2fd88c4c21d0e1c7bed120da10c21550970ec058f3df70bf95	2026-04-26	2026-07-05	verified
DCIM/DSC06257.JPG	DCIM/DSC06257.JPG	6703219	d0a7e5d22dc767e4075a574b5670705bb3c5eac13dba6bf6465c67592a59db98	2026-04-26	2026-07-05	verified
DCIM/DSC06258.ARW	DCIM/DSC06258.ARW	29896704	785cd07f6bc706d8a858fb64dd2ddbb6b221f37cd9cdf912f2f4f9ee7f5c92aa	2026-04-26	2026-07-05	verified
DCIM/DSC06258.JPG	DCIM/DSC06258.JPG	9271994	909d94464bdddcabf8cbc698b85724218a2db33cf765dff1b24846dbc19ec6ae	2026-04-26	2026-07-05	verified
DCIM/DSC06259.ARW	DCIM/DSC06259.ARW	28962816	5496e1c5063de94ff0e82bbff3fa271aca45fffd3891fe65193ce7c1c431dc6c	2026-04-26	2026-07-05	verified
DCIM/DSC06259.JPG	DCIM/DSC06259.JPG	7284833	6658f1156f047e1f883ad88673ca5e510286121467ecc6790b30cf8db8bcd6e2	2026-04-26	2026-07-05	verified
DCIM/DSC06260.ARW	DCIM/DSC06260.ARW	29208576	b42d948683d1fafa4660f1df3bcf19d302eeab3586e6ba02357ee812a3452082	2026-04-26	2026-07-05	verified
DCIM/DSC06260.JPG	DCIM/DSC06260.JPG	8036382	c97f82c0cc747bc1b089a0becfe3e05b8b234c5237e87096f2fd9523cad15ba3	2026-04-26	2026-07-05	verified
DCIM/DSC06261.ARW	DCIM/DSC06261.ARW	29839360	49d893854f8d20571e555cdd5cae6c51dee9079ff78001dbecb6bb6ea265d5fa	2026-04-26	2026-07-05	verified
DCIM/DSC06261.JPG	DCIM/DSC06261.JPG	9243689	00f14c0064f86dc48ff31b2e355dce8b6dcc02e635cb3020eb349fe523da7112	2026-04-26	2026-07-05	verified
DCIM/DSC06262.ARW	DCIM/DSC06262.ARW	30056448	c92286f208a40057196cb2fe13c207e2f3e7a7b71b6ae0eb0cbf19a1e1dfe7a8	2026-04-26	2026-07-05	verified
DCIM/DSC06262.JPG	DCIM/DSC06262.JPG	9609797	911c96d4241ca7e1b24270222f94bad4e638e46737be3a2ec0bf98a140653b21	2026-04-26	2026-07-05	verified
DCIM/DSC06263.ARW	DCIM/DSC06263.ARW	30273536	e6fdebca02326b947052d1dd982cfa605d9104a413259d4c61b4025af987799c	2026-04-26	2026-07-05	verified
DCIM/DSC06263.JPG	DCIM/DSC06263.JPG	9916608	6c1bc6d58947338bf5942237cb90829af68612161c0bdf29d30b9ac1703c7dd1	2026-04-26	2026-07-05	verified
DCIM/DSC06264.ARW	DCIM/DSC06264.ARW	30298112	a1228226cc05c0c0a3c59abda60087852e5ab1badddb49ccfcd7a696539f2b61	2026-04-26	2026-07-05	verified
DCIM/DSC06264.JPG	DCIM/DSC06264.JPG	9987527	19fcfea7adcce498d0723bd11bfb9f8651319df9214d2fcff5bfbc4e5d1540ea	2026-04-26	2026-07-05	verified
DCIM/DSC06265.ARW	DCIM/DSC06265.ARW	30302208	33a5a61db05ce54915484a91eade1fcd26c733194c205eb5249c005f6650e849	2026-04-26	2026-07-05	verified
DCIM/DSC06265.JPG	DCIM/DSC06265.JPG	10014519	2cc9bbf44c39e80e6f7fa8d1ce2ce2204fad4324484c260954ca4fc4a9b0f51c	2026-04-26	2026-07-05	verified
DCIM/DSC06266.ARW	DCIM/DSC06266.ARW	30040064	b0b202b1f2b1f1eba80ed828c6991b0efd1804c9f51613173d19c0ac2f72dcea	2026-04-26	2026-07-05	verified
DCIM/DSC06266.JPG	DCIM/DSC06266.JPG	9598490	e5055ab87c6ecd1875ef37736a51ddba9aef1f9823071b85d6a04e2e15d139d4	2026-04-26	2026-07-05	verified
DCIM/DSC06267.ARW	DCIM/DSC06267.ARW	30388224	9a695212a30399a1c46c415283238e11a4fc0ca6090372531d43b7d0468d31c5	2026-04-26	2026-07-05	verified
DCIM/DSC06267.JPG	DCIM/DSC06267.JPG	10143779	e1f4cdb31a3a75a9949157955e93438a214d33de1ef573833bfdd80ac3112479	2026-04-26	2026-07-05	verified
DCIM/DSC06268.ARW	DCIM/DSC06268.ARW	30294016	e7bf991ddd6b3fe20b40180c6dade02f14e55c1f6e4a8434086155d8d610cd87	2026-04-26	2026-07-05	verified
DCIM/DSC06268.JPG	DCIM/DSC06268.JPG	9910068	e7ed4f791844affbf9b5e1fbd9f6a3984aa9b33bea28e352a8d615d91015ac62	2026-04-26	2026-07-05	verified
DCIM/DSC06269.ARW	DCIM/DSC06269.ARW	30265344	7b404164987ba6d32af6dfd1975c6fbed188718fd133df4c88acb653838e3ce4	2026-04-26	2026-07-05	verified
DCIM/DSC06269.JPG	DCIM/DSC06269.JPG	9856978	f7940f1fa63213b4f9ab7c3f9b7cc5e827e3755247193b7a50594a272a9a3731	2026-04-26	2026-07-05	verified
DCIM/DSC06270.ARW	DCIM/DSC06270.ARW	29642752	5a13c756cf26a39a2e563e21fcf68b87503aa5c221d669bc86e4328fd01810c8	2026-04-26	2026-07-05	verified
DCIM/DSC06270.JPG	DCIM/DSC06270.JPG	8872606	ed1303282c50fee40e47f02f91efdce85a8abdbfd6d5cf2260acf14bab1e3612	2026-04-26	2026-07-05	verified
DCIM/DSC06271.ARW	DCIM/DSC06271.ARW	29323264	e3daad40b3f36a7fcc1307aaf1191dfac8a4e43e0a73f3c29eb8056a400b5887	2026-04-26	2026-07-05	verified
DCIM/DSC06271.JPG	DCIM/DSC06271.JPG	8010245	d5fc69b560d2db544e9035559f24d18d78503db8f9e0ca611ac82c91a172af6e	2026-04-26	2026-07-05	verified
DCIM/DSC06272.ARW	DCIM/DSC06272.ARW	29945856	5cd7ca3717bd0221518ea0df59b2d730fe27ac315d0e0c000a17ca2f9a0cfe7f	2026-04-26	2026-07-05	verified
DCIM/DSC06272.JPG	DCIM/DSC06272.JPG	9430457	2e690677b606feef8cefb7efaba980ed8c7f8f6e4d7e1bdddfc08b97b4ae3d79	2026-04-26	2026-07-05	verified
DCIM/DSC06273.ARW	DCIM/DSC06273.ARW	30056448	ebeca47639a0143992dfb8207a7292c712543f3d63805caf17ad96d1244d4326	2026-04-26	2026-07-05	verified
DCIM/DSC06273.JPG	DCIM/DSC06273.JPG	9700038	11c34e5799206b4ebaa50602dca48097f196f41baa72da37c7462988e5edebe1	2026-04-26	2026-07-05	verified
DCIM/DSC06274.ARW	DCIM/DSC06274.ARW	30007296	810d3e81d23f870c88c46d5af0fe9277ef5d1ecc4ce1dd36d84d8796b19838ce	2026-04-26	2026-07-05	verified
DCIM/DSC06274.JPG	DCIM/DSC06274.JPG	9241367	b76f3d8e14638c60a50e09e709fa2cef230465aabd0b136b0edf3bf5d18a2026	2026-04-26	2026-07-05	verified
DCIM/DSC06275.ARW	DCIM/DSC06275.ARW	29683712	911313342e50ca9cca039bff5d87dc1c87c4ecfc12b7931342b941c23bcb32b7	2026-04-26	2026-07-05	verified
DCIM/DSC06275.JPG	DCIM/DSC06275.JPG	8670386	5d8e994718017fe41d3bf4746f4b69c5bac6360d623770f0a274afb92f3160f1	2026-04-26	2026-07-05	verified
DCIM/DSC06276.ARW	DCIM/DSC06276.ARW	29999104	6f2adae510d038d304a50571a63cb679876acb903a790dedb30dda451a1bbf85	2026-04-26	2026-07-05	verified
DCIM/DSC06276.JPG	DCIM/DSC06276.JPG	9742688	b42251cdffec860da5551791ebad2ff41c3bedffab6a8edefbe581ff69a1569a	2026-04-26	2026-07-05	verified
DCIM/DSC06277.ARW	DCIM/DSC06277.ARW	29958144	fff0b2934f6f6220d83839c53d0a4d50e29015562a0b9a367b4f7dbdc69a16cc	2026-04-26	2026-07-05	verified
DCIM/DSC06277.JPG	DCIM/DSC06277.JPG	9662019	ccb30a4e0e39dda6d3d4372523f20b52808eb977e99468f265e4405489d2cea9	2026-04-26	2026-07-05	verified
DCIM/DSC06278.ARW	DCIM/DSC06278.ARW	29896704	62de137acd4a146a21b088883dbff3935d9de171a82566d54aefcbe3bb602fc5	2026-04-26	2026-07-05	verified
DCIM/DSC06278.JPG	DCIM/DSC06278.JPG	9272305	5d65a8196c62f7833f793503fc0de37722be2fa3f01b15c0cbd700fc289029dc	2026-04-26	2026-07-05	verified
DCIM/DSC06279.ARW	DCIM/DSC06279.ARW	30023680	c6437f044d0f779094c378bce4b18f3233f849fa123ac5b261fd6906f539045f	2026-04-26	2026-07-05	verified
DCIM/DSC06279.JPG	DCIM/DSC06279.JPG	9555363	1d93921058f30ae37d6d32ed4f45d175b3f1a5404ca933b924c5f9f04b3a1444	2026-04-26	2026-07-05	verified
DCIM/DSC06280.ARW	DCIM/DSC06280.ARW	30142464	62ff2803567d5e9a43ceae7855bffee87bf0a0e7754cdd32f5b32aa38871ed41	2026-04-26	2026-07-05	verified
DCIM/DSC06280.JPG	DCIM/DSC06280.JPG	9766736	acf812af6648dff4b45f31b66e572c53ae0251f0bbf33971129091d82f625761	2026-04-26	2026-07-05	verified
DCIM/DSC06281.ARW	DCIM/DSC06281.ARW	30138368	f55d1a4314173f60753b460c576e2d81b5378b28ec383dd4008f7fccb0608d9c	2026-04-26	2026-07-05	verified
DCIM/DSC06281.JPG	DCIM/DSC06281.JPG	9774562	da6fdff203951f0d4766a0ab59522f0aa83d6fe9764fd28df7b43b31dd9d52d7	2026-04-26	2026-07-05	verified
DCIM/DSC06282.ARW	DCIM/DSC06282.ARW	29839360	ffc6bf5ac51bb52c8b659d9fa83d1e2e81b2ef78e8999a5bd7f9eaee03825ef2	2026-04-26	2026-07-05	verified
DCIM/DSC06282.JPG	DCIM/DSC06282.JPG	9163271	fb10380633c5deabca4f1b5b8f146dc21ecb28569fa3b9add2b58269b62544c1	2026-04-26	2026-07-05	verified
DCIM/DSC06283.ARW	DCIM/DSC06283.ARW	30310400	13c7bb1f47322aac3dc0959bcefc480fb3aaf5efc026dbf68f5717cae9e5ea19	2026-04-26	2026-07-05	verified
DCIM/DSC06283.JPG	DCIM/DSC06283.JPG	10122679	94e711b7c7d1d7c1dc2c5c33c98ac504d8e0ef18753001fb2f14a26f781671af	2026-04-26	2026-07-05	verified
DCIM/DSC06284.ARW	DCIM/DSC06284.ARW	29913088	a203144d1f673e2a6b19733735cd617aad923e06fb91eaa383b501f6d650d5ef	2026-04-26	2026-07-05	verified
DCIM/DSC06284.JPG	DCIM/DSC06284.JPG	9397320	c41abbc4067d6b26a545a1f7de049c822958dfbf0e1ebf407dfcf0974426d5ff	2026-04-26	2026-07-05	verified
DCIM/DSC06285.ARW	DCIM/DSC06285.ARW	29954048	78318f222ad7d7a98bcf929e98cdd71ec39ffc88e11f173cdbd74956aa9f34f6	2026-04-26	2026-07-05	verified
DCIM/DSC06285.JPG	DCIM/DSC06285.JPG	8995033	8149cbf4ad80ce07827f3306e9f6c0461dda27d23a2ac4d8bb41611fde1f0eee	2026-04-26	2026-07-05	verified
DCIM/DSC06286.ARW	DCIM/DSC06286.ARW	29851648	110cf0529875535f621427741d8e6ae015b4e1475b3bf96ed76cfbca474bbc29	2026-04-26	2026-07-05	verified
DCIM/DSC06286.JPG	DCIM/DSC06286.JPG	9329168	d0a1921eb7cbd4100f6e3611cf92f4b4b0b0c277989bfcac1f53d0d42ba40c84	2026-04-26	2026-07-05	verified
DCIM/DSC06287.ARW	DCIM/DSC06287.ARW	30060544	5d000ca758349744ac6f14d2c35d5d5faeab35ffbbb61efdf8bd7ca1d6628a65	2026-04-26	2026-07-05	verified
DCIM/DSC06287.JPG	DCIM/DSC06287.JPG	9584693	8c77214be7587027e5c9c30ba272aed2e737e796b5908c027e148479654da48a	2026-04-26	2026-07-05	verified
DCIM/DSC06288.ARW	DCIM/DSC06288.ARW	30777344	684381c78a1f5008c92bc0045cdbbd0b5687913af7fbaef4536fc072d452c3f2	2026-04-26	2026-07-05	verified
DCIM/DSC06288.JPG	DCIM/DSC06288.JPG	10755624	821b6bab3e9f9f76c21105c5396f7c5484bd4cbf99b1fa0ed4285e3d2b3e12fc	2026-04-26	2026-07-05	verified
DCIM/DSC06289.ARW	DCIM/DSC06289.ARW	30158848	e1b9cd49c9873f0b7fa15ac0d77a660c2ce0595c67b4d34e35110b4a83c4a003	2026-04-26	2026-07-05	verified
DCIM/DSC06289.JPG	DCIM/DSC06289.JPG	9877803	a333f13c98ca98718fc1030d25438ec11efe7382832901b03fc14721907e3566	2026-04-26	2026-07-05	verified
DCIM/DSC06290.ARW	DCIM/DSC06290.ARW	30019584	346faefb6769ab8837da855d20ee46e2954b603eff17f3fb6645262ad3d787f0	2026-04-26	2026-07-05	verified
DCIM/DSC06290.JPG	DCIM/DSC06290.JPG	9621491	6a720a050c1b9eb808f8a0ae7870d929bd4651aa9ecd0a0b8c8893077a1afc13	2026-04-26	2026-07-05	verified
DCIM/DSC06291.ARW	DCIM/DSC06291.ARW	30101504	a08f5c4d81b6e3f11a0b7be99175d5b14bc090f67eddaa4e1ac7076da50a6824	2026-04-26	2026-07-05	verified
DCIM/DSC06291.JPG	DCIM/DSC06291.JPG	9747080	f5d5228628358a43d57a0a24f1749a75cacd4fb0ef78db9099b3d56452c99ccf	2026-04-26	2026-07-05	verified
DCIM/DSC06292.ARW	DCIM/DSC06292.ARW	29839360	ba4f8b5dd67b9f751df7bc7caa0f723cf3b60b59ec2c7bf71a243b48fe545903	2026-04-26	2026-07-05	verified
DCIM/DSC06292.JPG	DCIM/DSC06292.JPG	9315643	73cd6635fc3bd369a63f1fe374173b3b50966291795f3114d172cc17de3a3702	2026-04-26	2026-07-05	verified
DCIM/DSC06293.ARW	DCIM/DSC06293.ARW	29925376	d1b8e8fd44949c54dbb0039633077fe741801ddcf03db0e167094892e332ac8b	2026-04-26	2026-07-05	verified
DCIM/DSC06293.JPG	DCIM/DSC06293.JPG	9490674	bbdaccb1cef6cf8d72c07265305cf450eea7b7a2484ee641968e0b89ec2e75c7	2026-04-26	2026-07-05	verified
DCIM/DSC06294.ARW	DCIM/DSC06294.ARW	30179328	81a4d2acd04db7c85e4c02ea6397653ca12bc992d058dc1f5a34ad4c6962c457	2026-04-26	2026-07-05	verified
DCIM/DSC06294.JPG	DCIM/DSC06294.JPG	9809221	f6744f1d89438b5cf3e0bb1c4e70e2c804c9f0ddc9cb71352999115ac945f8d2	2026-04-26	2026-07-05	verified
DCIM/DSC06295.ARW	DCIM/DSC06295.ARW	30363648	ab576dc8c829f8d8d28c0f72678325d6f0e51c96e1bdeaca93bde35d997c113e	2026-04-26	2026-07-05	verified
DCIM/DSC06295.JPG	DCIM/DSC06295.JPG	10086785	fd45c3faef7c7ee6e1d556b119db739d5c5f6888093c72a35aa211e91a799509	2026-04-26	2026-07-05	verified
DCIM/DSC06296.ARW	DCIM/DSC06296.ARW	30371840	0e7b0962b707d8fcf3a6c1f3b53c4d0b464c77ebe16c4e8b60eb79f9a48c2dcb	2026-04-26	2026-07-05	verified
DCIM/DSC06296.JPG	DCIM/DSC06296.JPG	10105744	9fb4f8b25b8296fd1c62ad6fe381b2303b7772e418036ee5d7aa3f8d1104ae89	2026-04-26	2026-07-05	verified
DCIM/DSC06297.ARW	DCIM/DSC06297.ARW	30363648	f81638c73ef244ccd866701ff62a685fb73645bc31bf74499af67887558d9a92	2026-04-26	2026-07-05	verified
DCIM/DSC06297.JPG	DCIM/DSC06297.JPG	10066641	248114c26142f1869a84443dadcb1e30253011d3b9906247976d9c0701e4d806	2026-04-26	2026-07-05	verified
DCIM/DSC06298.ARW	DCIM/DSC06298.ARW	30261248	dcb3cf6bb298ebe93e005a874816de354ca3ef7cecd58e41a96d6477840a4e54	2026-04-26	2026-07-05	verified
DCIM/DSC06298.JPG	DCIM/DSC06298.JPG	9936463	6ff0acf866d2fc9736c169cb9d357d05000569f143a84f81596d588e52f1a824	2026-04-26	2026-07-05	verified
DCIM/DSC06299.ARW	DCIM/DSC06299.ARW	30257152	904e17935547471c3c3370145ef5b063afe22a0c7580800fdd527483a2f50b52	2026-04-26	2026-07-05	verified
DCIM/DSC06299.JPG	DCIM/DSC06299.JPG	9858813	4238d98203be9929abae918ecdaeb563c06fcb8cba2aefd5f6c270326267a819	2026-04-26	2026-07-05	verified
DCIM/DSC06300.ARW	DCIM/DSC06300.ARW	30052352	82bd54932915b1d565528177edaf1ea8af30c9d4466378af72f3440484199646	2026-04-26	2026-07-05	verified
DCIM/DSC06300.JPG	DCIM/DSC06300.JPG	9690681	04e879043f4889d9974eb3b4f98892e3b866046d370bbe4741663de871b80157	2026-04-26	2026-07-05	verified
DCIM/DSC06301.ARW	DCIM/DSC06301.ARW	29802496	063f6564aae5928f0415e69d16a86cf167535ceab0fadfd19b5129eafd9a693a	2026-04-26	2026-07-05	verified
DCIM/DSC06301.JPG	DCIM/DSC06301.JPG	9244710	23f6dd3dde8b2b9946008ca8c8c2f1c11d9a5bc668df52bac60bf7396d93dd29	2026-04-26	2026-07-05	verified
DCIM/DSC06302.ARW	DCIM/DSC06302.ARW	29835264	72335720c028fac23578430170a5ca220fc4d74ffdd9ed6fee0bbab55386aa66	2026-04-26	2026-07-05	verified
DCIM/DSC06302.JPG	DCIM/DSC06302.JPG	9314671	68590a67ab8bd9a9a4286d8ee41e7eff187af715900c6a67d92a80619ac4f339	2026-04-26	2026-07-05	verified
DCIM/DSC06303.ARW	DCIM/DSC06303.ARW	30511104	1d54c1accb3e569b76dbc9d5202d53f49d01f912f197dcf631c427a74f7e017e	2026-04-26	2026-07-05	verified
DCIM/DSC06303.JPG	DCIM/DSC06303.JPG	10352706	96a6f162b13f0583bf14087c04f4e9a8d2fc91105ddbb470127edfdff540fc11	2026-04-26	2026-07-05	verified
DCIM/DSC06304.ARW	DCIM/DSC06304.ARW	30306304	d5cfc2ceb1ee00eb9437d9de03076bff96ecf5b2707ccd097b1090ad7bcc4afa	2026-04-26	2026-07-05	verified
DCIM/DSC06304.JPG	DCIM/DSC06304.JPG	10003833	f1fe9920654af0b6216653a885f10a842b581d2d62bdaa6e9bb14c4fabef696c	2026-04-26	2026-07-05	verified
DCIM/DSC06305.ARW	DCIM/DSC06305.ARW	30126080	0d82917b682ba2bacb2287c71200694ab98a2f7e497ac59646a68576522cc21c	2026-04-26	2026-07-05	verified
DCIM/DSC06305.JPG	DCIM/DSC06305.JPG	9803087	8443c68f05f369f65f09901a893dab1878e00a3376b7e45108446ddc4567e965	2026-04-26	2026-07-05	verified
DCIM/DSC06306.ARW	DCIM/DSC06306.ARW	30113792	eb944581d26fd19059f03a4cdf046e03670b3ae7427f89868b04a26ba732d678	2026-04-26	2026-07-05	verified
DCIM/DSC06306.JPG	DCIM/DSC06306.JPG	9732894	fb300077713197e249ced53ae65c70664e37777d94624f2d07f45c7d34dd4a9f	2026-04-26	2026-07-05	verified
DCIM/DSC06307.ARW	DCIM/DSC06307.ARW	30429184	b70c95fbfa406b124f7381b2843eaabf6f87a908fa369762d853dfc683d13882	2026-04-26	2026-07-05	verified
DCIM/DSC06307.JPG	DCIM/DSC06307.JPG	10228736	a3a3041d4d1ad1885c4119d82f95094ff2adeade53c951f0d22e1b1956177bda	2026-04-26	2026-07-05	verified
DCIM/DSC06308.ARW	DCIM/DSC06308.ARW	30474240	0c08e638d7a7f0d5a7711628e39440de460ee299df44b410f496b30c10480dc3	2026-04-26	2026-07-05	verified
DCIM/DSC06308.JPG	DCIM/DSC06308.JPG	10290524	be670691cc72d85abfd50758c3a359024fa32240475df073a804e319a1502a22	2026-04-26	2026-07-05	verified
DCIM/DSC06309.ARW	DCIM/DSC06309.ARW	30285824	6df2b1bf9713db6097e34501d20e09d2160d53c734015fac3a464cd0fbecc96f	2026-04-26	2026-07-05	verified
DCIM/DSC06309.JPG	DCIM/DSC06309.JPG	10066049	2eec4ca49612ee5749430f238ff04f6df14b5f7f6143c2c210bc6d84d5837b7c	2026-04-26	2026-07-05	verified
DCIM/DSC06310.ARW	DCIM/DSC06310.ARW	30437376	036cc05a4495a760a55cdf7c52fd46f18f16989acb7fa1b55773a4dc1db42b44	2026-04-26	2026-07-05	verified
DCIM/DSC06310.JPG	DCIM/DSC06310.JPG	10210487	c7580a65759585d77ca928d36b5639c72e432d87e6f9fcdf6540574597f12f70	2026-04-26	2026-07-05	verified
DCIM/DSC06311.ARW	DCIM/DSC06311.ARW	30453760	99cfc28f8d2ad23ac63e0f5f73e74de864870bccf7e9d975c5a477f954caade6	2026-04-26	2026-07-05	verified
DCIM/DSC06311.JPG	DCIM/DSC06311.JPG	10236847	9c3fa5839c1f2efe93d9c55433976c74d654491150875b9fe25f5e528cd92db8	2026-04-26	2026-07-05	verified
DCIM/DSC06312.ARW	DCIM/DSC06312.ARW	30019584	446bb389bb0c4701711e2eaaf4271f453e3192427e62aa11e487fca70505f524	2026-04-26	2026-07-05	verified
DCIM/DSC06312.JPG	DCIM/DSC06312.JPG	9495962	233b7e2595caeb35efd0f0c815f90ef165e23b88c170f013426c745690ed5552	2026-04-26	2026-07-05	verified
DCIM/DSC06313.ARW	DCIM/DSC06313.ARW	30019584	676d4d19be46b221adaa0eb5525849d705091191dd0e0a01d11e1f56da4ec967	2026-04-26	2026-07-05	verified
DCIM/DSC06313.JPG	DCIM/DSC06313.JPG	9486973	b6a3e3f4687953b38d1a567c94070583629c623c66d5e01983a3368e704f7664	2026-04-26	2026-07-05	verified
DCIM/DSC06314.ARW	DCIM/DSC06314.ARW	30068736	583f99628693659da2cc24b794051dfdfd6d94b5d5fcfd2b2ae3bfc9297ec1b1	2026-04-26	2026-07-05	verified
DCIM/DSC06314.JPG	DCIM/DSC06314.JPG	9577778	333983e273ae19f15a7e50879e370f818d100a666797a218468af496db20731d	2026-04-26	2026-07-05	verified
DCIM/DSC06315.ARW	DCIM/DSC06315.ARW	30072832	245274d43a3ec358a62a3ab117292fdf08856da514a83e12e5577c2fcdd605a3	2026-04-26	2026-07-05	verified
DCIM/DSC06315.JPG	DCIM/DSC06315.JPG	9589025	98215426e57e061adccb6b218b7604fbd65eeba46573a987e2f93a4adb5a6538	2026-04-26	2026-07-05	verified
DCIM/DSC06316.ARW	DCIM/DSC06316.ARW	30072832	603196e590a0b8c6af58153d9121c64bbc3dd1d5ee3a6d906ed4c13898bd6fbd	2026-04-26	2026-07-05	verified
DCIM/DSC06316.JPG	DCIM/DSC06316.JPG	9581893	3d45986ccff9df25dc7ddfae9e9a8356546684466baf2b5b4ccb94cc89cd5201	2026-04-26	2026-07-05	verified
DCIM/DSC06317.ARW	DCIM/DSC06317.ARW	30720000	75a2fba9e17be5aefd111ab329d4e6f4f2188a1c6812355748ca22436dcad49b	2026-04-26	2026-07-05	verified
DCIM/DSC06317.JPG	DCIM/DSC06317.JPG	10540594	2b2f58a991f3562aad857391b003f8d524a1598b7c49dc1cff21b4e486e8fd8b	2026-04-26	2026-07-05	verified
DCIM/DSC06318.ARW	DCIM/DSC06318.ARW	30695424	9beb7ef24f8977967a04d564d5c70876a5697d620a66baca37e68d4ce38907d5	2026-04-26	2026-07-05	verified
DCIM/DSC06318.JPG	DCIM/DSC06318.JPG	10533444	a357217bdcea30f60106293bea81494e4cf465fa35f8f0b83b80ec80fb6fc8f5	2026-04-26	2026-07-05	verified
DCIM/DSC06319.ARW	DCIM/DSC06319.ARW	30617600	702f801da79f00ab879b8118c75953444facbab6b8e047030f9df2ca97de29a3	2026-04-26	2026-07-05	verified
DCIM/DSC06319.JPG	DCIM/DSC06319.JPG	10462571	47e1d70e3f99965cbbb86d21602d96681a5566ae08d343b5bec38c0de3db407f	2026-04-26	2026-07-05	verified
DCIM/DSC06320.ARW	DCIM/DSC06320.ARW	30650368	7ed4d3c269e450af20c0b86bbb1d14ea566f957515d2330a309b276df97c0872	2026-04-26	2026-07-05	verified
DCIM/DSC06320.JPG	DCIM/DSC06320.JPG	10483899	8dcec525856a12846098c73870a6c70c6ac182f99e1a96841af56a148726bdbd	2026-04-26	2026-07-05	verified
DCIM/DSC06321.ARW	DCIM/DSC06321.ARW	30298112	1a81a986cb74e983af6d663f3764bbba2bf56c9253c2ceaf8fa23f04c82b2c0a	2026-04-26	2026-07-05	verified
DCIM/DSC06321.JPG	DCIM/DSC06321.JPG	10037066	904d240347e5a79ca009186baeae7add957ce6dab7b8810aef186523dc65ec9f	2026-04-26	2026-07-05	verified
DCIM/DSC06322.ARW	DCIM/DSC06322.ARW	30240768	5785fa09afd1dac48cfdbcdf93f40852c8cc5ae13e0a6ae1640d2c0378454b1c	2026-04-26	2026-07-05	verified
DCIM/DSC06322.JPG	DCIM/DSC06322.JPG	9968297	bfb958070c57abbc07b61205f2c8970a1d231bde62d1d22bc4996761ae91c1f1	2026-04-26	2026-07-05	verified
DCIM/DSC06323.ARW	DCIM/DSC06323.ARW	30040064	0bc3b34eb3a8fb022fa433068ef7f827ebb93ad2789a8e242892c88d44d7d3a6	2026-04-26	2026-07-05	verified
DCIM/DSC06323.JPG	DCIM/DSC06323.JPG	9656159	20c85b5d9249737f36025e2a84d162922227f5ca5ff40e46f3df5eb826ad0703	2026-04-26	2026-07-05	verified
DCIM/DSC06324.ARW	DCIM/DSC06324.ARW	30121984	f4a1d5393bf3a60609ad5376de8dd7bf5907b8f009998a17db46bddae086d184	2026-04-26	2026-07-05	verified
DCIM/DSC06324.JPG	DCIM/DSC06324.JPG	9787807	1bb972e4d649164aab48bcdba7fcd2eb8cf07de2bcb9f505a843c643006d3a40	2026-04-26	2026-07-05	verified
DCIM/DSC06325.ARW	DCIM/DSC06325.ARW	30212096	2505d85a5a3318d96c5004153d1f8696a4a79bac1c895e4480985cbf91e51120	2026-04-26	2026-07-05	verified
DCIM/DSC06325.JPG	DCIM/DSC06325.JPG	9929212	59683206bb72cf905f1a0b1f63f61f4dea63a19cf2c2edf1ce5e8fbe95878108	2026-04-26	2026-07-05	verified
DCIM/DSC06326.ARW	DCIM/DSC06326.ARW	30179328	21dfec568acf5be184d7e78390a9b366e340d0c52e08fe01d57811618757a0d4	2026-04-26	2026-07-05	verified
DCIM/DSC06326.JPG	DCIM/DSC06326.JPG	9889800	4ad9e1dad9b1283b89ac8dd1b26687af8c10dbb17501e7e808ce019097d641dd	2026-04-26	2026-07-05	verified
DCIM/DSC06327.ARW	DCIM/DSC06327.ARW	30220288	1c6d101a210b0d4dd38f2204d19f7de9e3a5f2703c62692212be46883ed2fc81	2026-04-26	2026-07-05	verified
DCIM/DSC06327.JPG	DCIM/DSC06327.JPG	9916923	4e08c8cb8d9617e257012f78a80770bae23e3d5413bb23f6ae546b2ab6a0d299	2026-04-26	2026-07-05	verified
DCIM/DSC06328.ARW	DCIM/DSC06328.ARW	30171136	c2f18b3497c6a613a1ba071ccf0d1a1a180cf5a7493bb12fed78ad6b97a446d9	2026-04-26	2026-07-05	verified
DCIM/DSC06328.JPG	DCIM/DSC06328.JPG	9860545	d3586b712d1f4eafbfde68b3d951415229dc3e91c04af658cd69435a64e05d09	2026-04-26	2026-07-05	verified
DCIM/DSC06329.ARW	DCIM/DSC06329.ARW	30138368	7820f3df0a4b843bbfcbeb0cfca465ad9c5f3cfab9dc1c2da1438a279a1894a8	2026-04-26	2026-07-05	verified
DCIM/DSC06329.JPG	DCIM/DSC06329.JPG	9824605	b48ac2f9086e43598821fe4fb230d1361f0acfdec7dd30ed2b52ae845a19d2ea	2026-04-26	2026-07-05	verified
DCIM/DSC06330.ARW	DCIM/DSC06330.ARW	30019584	aede49efefc0d9e9bf81d0f86426b4d92a6f36bff1a2a5fb1ed561400ff9c71a	2026-04-26	2026-07-05	verified
DCIM/DSC06330.JPG	DCIM/DSC06330.JPG	9588633	618cd3ea8509a08809c60f60bcde572a6aafe697defee138f9ce0052bfb8c149	2026-04-26	2026-07-05	verified
DCIM/DSC06331.ARW	DCIM/DSC06331.ARW	30003200	990dc166d7c02737c7187eeb4ed710e70a922151cd0a5dbf75c189b6e61b581e	2026-04-26	2026-07-05	verified
DCIM/DSC06331.JPG	DCIM/DSC06331.JPG	9523906	2b2ae48455090992bb56d9e4177b9d47c13dab97f413451a4df86e7a235b3dd4	2026-04-26	2026-07-05	verified
DCIM/DSC06332.ARW	DCIM/DSC06332.ARW	30261248	19882f236bba8545ee3c50f45d4b8229cfe71c08074d1ec1acce90ec9d9f415d	2026-04-26	2026-07-05	verified
DCIM/DSC06332.JPG	DCIM/DSC06332.JPG	9826150	4657b2f8aee2dfbd252f01553eb3c7fcd7bdcbf1c2c9e4a3bcf0438b4e965f44	2026-04-26	2026-07-05	verified
DCIM/DSC06333.ARW	DCIM/DSC06333.ARW	29843456	9d60a6bf92c144db19b1fb94143afd1aead5f70045b92aaa3480b41e7f5b7d8b	2026-04-26	2026-07-05	verified
DCIM/DSC06333.JPG	DCIM/DSC06333.JPG	9246501	e39ffbd5c8fb941f2874e50859115d57c3af3e8f9c276e7bffdbb271ba639935	2026-04-26	2026-07-05	verified
DCIM/DSC06334.ARW	DCIM/DSC06334.ARW	30556160	fb9b921d40dc6cf4e01418cf7dacf0773768b3295aec30b0e02271dbbd6e6fbc	2026-04-26	2026-07-05	verified
DCIM/DSC06334.JPG	DCIM/DSC06334.JPG	10362909	748245f04fbc76bee5f08ad6ba5bd7cd48cdb3296dfc25a54cfaf6947f6b45e9	2026-04-26	2026-07-05	verified
DCIM/DSC06335.ARW	DCIM/DSC06335.ARW	29999104	3a1c3416368b8f66df2d23ddc8883d1fa271a8c4c09ccef57d27bffec37eb712	2026-04-26	2026-07-05	verified
DCIM/DSC06335.JPG	DCIM/DSC06335.JPG	9364410	e37adf0a78ae323eafd8d64c856f22b71c56f7b4a13e30d4083ebd865f197c20	2026-04-26	2026-07-05	verified
DCIM/DSC06336.ARW	DCIM/DSC06336.ARW	29888512	122da476babbb140b0f06ed4e9c8c1e219a6409d1ec4923efad5b02195d87e5b	2026-04-26	2026-07-05	verified
DCIM/DSC06336.JPG	DCIM/DSC06336.JPG	9125161	a75557cff07a02d42c4e2884eb96a2b8718b332b0280ec5c08241df561001b09	2026-04-26	2026-07-05	verified
DCIM/DSC06337.ARW	DCIM/DSC06337.ARW	29990912	76b7f990d7e3b8e6bacdb388e438026e9439f0bb0d6705cf5b02e4be2b524116	2026-04-26	2026-07-05	verified
DCIM/DSC06337.JPG	DCIM/DSC06337.JPG	9126693	e0ad6743d6bbd1eb15007c4158eb8b016e1b70a785c7f0b82c42c5e04a93e1db	2026-04-26	2026-07-05	verified
DCIM/DSC06338.ARW	DCIM/DSC06338.ARW	29929472	7bb9976290d2043ff5242ea9c3b214829a68bb5487236bf109398e88cc5dc7aa	2026-04-26	2026-07-05	verified
DCIM/DSC06338.JPG	DCIM/DSC06338.JPG	8964424	9a3315a87c95e606043bb3feb3716045b4f7cfbb2900ba94adc964cecfceea2b	2026-04-26	2026-07-05	verified
DCIM/DSC06339.ARW	DCIM/DSC06339.ARW	30040064	ce2767441e919a042417054ad760593ec232dd575dcfecfaafc140865bdadccc	2026-04-26	2026-07-05	verified
DCIM/DSC06339.JPG	DCIM/DSC06339.JPG	9451160	1bfe37af92b6f6b44d00acea4c133ae162f2a796c114df520f7917338584c6a4	2026-04-26	2026-07-05	verified
DCIM/DSC06340.ARW	DCIM/DSC06340.ARW	30023680	9a6a89ef0b60f6a865b1ae7ba75d3769f3bd664360ea7c4398e26f62698c84e3	2026-04-26	2026-07-05	verified
DCIM/DSC06340.JPG	DCIM/DSC06340.JPG	9390077	dbb14329ec45767380cf2d6af8777ae8864bdb9ccd715ed6a2867c1e3be62474	2026-04-26	2026-07-05	verified
DCIM/DSC06341.ARW	DCIM/DSC06341.ARW	29999104	5508fdd18252a2a673f98ddc758fe7e7053a834751924390c1e57778e7f6bbce	2026-04-26	2026-07-05	verified
DCIM/DSC06341.JPG	DCIM/DSC06341.JPG	9336669	a85e9b763969c388c902563321d74503354a9c003c42a92ab96aded144c30e45	2026-04-26	2026-07-05	verified
DCIM/DSC06342.ARW	DCIM/DSC06342.ARW	29687808	6b07a632b2460992abae6eb6d722ed499721c3f414a0275b81956fc0f24a8e69	2026-04-26	2026-07-05	verified
DCIM/DSC06342.JPG	DCIM/DSC06342.JPG	8909391	0f831518c6e256bf600ad329f1c4fb6c1546982699ef90612b6e342b7002c7c1	2026-04-26	2026-07-05	verified
DCIM/DSC06343.ARW	DCIM/DSC06343.ARW	29442048	2ede9eed3fac11b437505b0c0a3002e8834570ac3427008de9c8fc68b8c56e9d	2026-04-26	2026-07-05	verified
DCIM/DSC06343.JPG	DCIM/DSC06343.JPG	7694113	e80d881b398130acbb2f217d830352531a5376b7a6e21ecfe3a58c9d50cbbc0a	2026-04-26	2026-07-05	verified
DCIM/DSC06344.ARW	DCIM/DSC06344.ARW	29868032	529dfb3f4a895b2c55d53812b57d8121b02442d8c14ef63315bd29749689b05e	2026-04-26	2026-07-05	verified
DCIM/DSC06344.JPG	DCIM/DSC06344.JPG	8788556	ec65ff8ac7cde1b63499478b81b9a2e7f17d2bbe6d81853b63eb7d4a2737de0e	2026-04-26	2026-07-05	verified
DCIM/DSC06345.ARW	DCIM/DSC06345.ARW	29859840	27f14262818c2f40dd5388e2b5c8fe6bcdc03f1865917be59e1fc18dc6cca277	2026-04-26	2026-07-05	verified
DCIM/DSC06345.JPG	DCIM/DSC06345.JPG	8827280	f8b44be6f347ef3e297f9c2eb188f668244d791487c80299b117a450b201d67e	2026-04-26	2026-07-05	verified
DCIM/DSC06346.ARW	DCIM/DSC06346.ARW	30572544	e4b1ff19842a9de81ecfd6875fcff25ecefba3a059488248c182e60b8db6cc31	2026-04-26	2026-07-05	verified
DCIM/DSC06346.JPG	DCIM/DSC06346.JPG	10488188	3622bdb018227045fd879cbb05c8c0e13967ccc7678c5556620179a5003f3846	2026-04-26	2026-07-05	verified
DCIM/DSC06347.ARW	DCIM/DSC06347.ARW	30699520	5bd5691e0171ea24e3262a16093b2bb2344f11e7aab3335d6383a814291fafb5	2026-04-26	2026-07-05	verified
DCIM/DSC06347.JPG	DCIM/DSC06347.JPG	10609137	9738699b409a67614c6c80478061fe5eff495f5c412bb506468c85533382d38c	2026-04-26	2026-07-05	verified
DCIM/DSC06348.ARW	DCIM/DSC06348.ARW	29052928	de43b1f1734635a78fa3ed38983e4862952029fcc162b01a31068c799c82cc47	2026-04-26	2026-07-05	verified
DCIM/DSC06348.JPG	DCIM/DSC06348.JPG	7588883	f3f50ebcb0b17d2370baa416518195d67f1442012b9232b32626701ec3d8ca44	2026-04-26	2026-07-05	verified
DCIM/DSC06349.ARW	DCIM/DSC06349.ARW	30011392	5eea99b5693b22124ffa4e09b0ef8cca1df862c303d533525b16fad037df468b	2026-04-26	2026-07-05	verified
DCIM/DSC06349.JPG	DCIM/DSC06349.JPG	9009255	a4e3d64b7a373e8877713d71de3ed1221b0648fdfe6db443811882bc865c4900	2026-04-26	2026-07-05	verified
DCIM/DSC06350.ARW	DCIM/DSC06350.ARW	30031872	45cc4195ced14b6dee953ac8b111ba42c1dd67e617f0359d88eade1c4af3d035	2026-04-26	2026-07-05	verified
DCIM/DSC06350.JPG	DCIM/DSC06350.JPG	9599083	44a397b15f996ef83ffee0a9a1941da5580bd51c9726fae7b40abbae520eb805	2026-04-26	2026-07-05	verified
DCIM/DSC06351.ARW	DCIM/DSC06351.ARW	29990912	25d2cef66763fb9131f4e32ee8f0b2fe1c5cc5c0253855cd2b0505edb8ed94ea	2026-04-26	2026-07-05	verified
DCIM/DSC06351.JPG	DCIM/DSC06351.JPG	9468024	62a0230f3aefd77baf0ac277dad42d62f1db4ad85b8ea816344e749c17f72405	2026-04-26	2026-07-05	verified
DCIM/DSC06352.ARW	DCIM/DSC06352.ARW	30015488	15ea5ae553ddf7ae2e76f18e8fd6c9c098b070e2e29c1a51220445e90d5c8ccc	2026-04-26	2026-07-05	verified
DCIM/DSC06352.JPG	DCIM/DSC06352.JPG	9555380	bafe7d437730152a2751d5b364c241612eb158abd671d85911e097e031b69b08	2026-04-26	2026-07-05	verified
DCIM/DSC06353.ARW	DCIM/DSC06353.ARW	29863936	178c744f53fe8f89cfdbd82b15b7a5c07bee1bd59de10fa3014e5c551019685c	2026-04-26	2026-07-05	verified
DCIM/DSC06353.JPG	DCIM/DSC06353.JPG	9359396	a4a5edcc3f2a368925633a868c0370ae14b103788bb7c52c2d56b520a4702834	2026-04-26	2026-07-05	verified
DCIM/DSC06354.ARW	DCIM/DSC06354.ARW	28213248	e6d7b5f02b8a1422a39796b046eed1c1949f893e3f7870aa547458876465aa90	2026-04-26	2026-07-05	verified
DCIM/DSC06354.JPG	DCIM/DSC06354.JPG	6172091	0e8d41cd9546a1e1405a0e5340efd713faa82b8c1272ba436e9f5f61ae566db0	2026-04-26	2026-07-05	verified
DCIM/DSC06355.ARW	DCIM/DSC06355.ARW	30253056	3a9e0085742d560786dd66f1544917550cfaff679ff2b5a9d0594633ff800ec2	2026-04-26	2026-07-05	verified
DCIM/DSC06355.JPG	DCIM/DSC06355.JPG	9866080	dc978185fdb7f1842b1f94782e3dd31c7c81e762ef83635305189ca341eb787f	2026-04-26	2026-07-05	verified
DCIM/DSC06356.ARW	DCIM/DSC06356.ARW	30183424	1ff2f4b45296d09919a1cb5313045a8408ada41bd48b66d46a95ffa81cf02241	2026-04-26	2026-07-05	verified
DCIM/DSC06356.JPG	DCIM/DSC06356.JPG	9730034	fd187fac574419d486bab4bba6bd15688aecce386fd1b83d6a5b4c9b405db4bf	2026-04-26	2026-07-05	verified
DCIM/DSC06357.ARW	DCIM/DSC06357.ARW	30183424	2c4487bc4a794e7f4a4abc4a79084259d9e7d2aa658e11a1040296a04d49db2a	2026-04-26	2026-07-05	verified
DCIM/DSC06357.JPG	DCIM/DSC06357.JPG	9803930	a3394976f541bf05501d0d03808c77b19b2de5524383b7ea339e405c4078377a	2026-04-26	2026-07-05	verified
DCIM/DSC06358.ARW	DCIM/DSC06358.ARW	30453760	04b80757b7525cb2744bd6b4dcb6c94862dd86f46bbc91bd8d7237d803930fea	2026-04-26	2026-07-05	verified
DCIM/DSC06358.JPG	DCIM/DSC06358.JPG	10131698	bcf55b4317ba0d395ba96ba6e284e0fb24b34719c2ad787375dd34a51e735dd2	2026-04-26	2026-07-05	verified
DCIM/DSC06359.ARW	DCIM/DSC06359.ARW	30420992	dba41aea95e63cccd558233d3fc31a64e49b968dc500636df461fe956b78cd9a	2026-04-26	2026-07-05	verified
DCIM/DSC06359.JPG	DCIM/DSC06359.JPG	10109689	4bee3f74d98fa19dbc9843793c3a54513257c550f0818daed61cd3b6492dd535	2026-04-26	2026-07-05	verified
DCIM/DSC06360.ARW	DCIM/DSC06360.ARW	30523392	8c223bbb13d0bad45cdf9f991cc7186ede8aa472b267b66e32afb583de24adf9	2026-04-26	2026-07-05	verified
DCIM/DSC06360.JPG	DCIM/DSC06360.JPG	10200971	47fa657ebd111f6327b9b9c3e0da60135fb7f967280de6efc886766a0bee36ff	2026-04-26	2026-07-05	verified
DCIM/DSC06361.ARW	DCIM/DSC06361.ARW	30507008	d769d899ee748f93593bf861235da91e0931a1f51a15ffe54fac5cc7803ce7eb	2026-04-26	2026-07-05	verified
DCIM/DSC06361.JPG	DCIM/DSC06361.JPG	10237458	675b8fa97630a31dc9b4e04a738e2d09208c304b71c815ffbd76667be094f512	2026-04-26	2026-07-05	verified
DCIM/DSC06362.ARW	DCIM/DSC06362.ARW	30474240	370a51d64e5fa94ff49feeb7ee1e23eb0195efb8a773701a39d8a5e3bfcb5bd6	2026-04-26	2026-07-05	verified
DCIM/DSC06362.JPG	DCIM/DSC06362.JPG	10180996	1b42980d3cf7c4585e173076a52aef30931cbae4de9497bd97229843b0f63032	2026-04-26	2026-07-05	verified
DCIM/DSC06363.ARW	DCIM/DSC06363.ARW	30445568	c7bcb4a7ee50810c9366cd2497962f1914c78c357036f68d4fadc4408ad259a0	2026-04-26	2026-07-05	verified
DCIM/DSC06363.JPG	DCIM/DSC06363.JPG	10136524	fac2451a67f20c741380fd1a5ffe3ac7812096dfd29793280967b1bc15006e2b	2026-04-26	2026-07-05	verified
DCIM/DSC06364.ARW	DCIM/DSC06364.ARW	30482432	72ae0445d412dfd756f113e7e6d607732616df49f97415553bca68e7f2f7c593	2026-04-26	2026-07-05	verified
DCIM/DSC06364.JPG	DCIM/DSC06364.JPG	10208481	ae71595bb270f4a348f66205471ed927b8ad4648b1fe6b5127e38f52d7c7c8dc	2026-04-26	2026-07-05	verified
DCIM/DSC06365.ARW	DCIM/DSC06365.ARW	30490624	e021234e5ccfb088f31cfd06cbfab0899d06721a943a87abab96362f19703cb1	2026-04-26	2026-07-05	verified
DCIM/DSC06365.JPG	DCIM/DSC06365.JPG	10227625	c418b5e348c806500eb7496f4b5a8df29be7a20ab2cdc906b7d9187f7e8592ea	2026-04-26	2026-07-05	verified
DCIM/DSC06366.ARW	DCIM/DSC06366.ARW	30511104	92e6b6ef7831b1b2e391c528b9d48d57fb7b1c64d9bd615888f6e146beaa1a43	2026-04-26	2026-07-05	verified
DCIM/DSC06366.JPG	DCIM/DSC06366.JPG	10258605	20cb25919bd5092230184a4b42dbf47ea11f606c02ea21dd516d55c6b4d4db9e	2026-04-26	2026-07-05	verified
DCIM/DSC06367.ARW	DCIM/DSC06367.ARW	30199808	a04fb8b32a4cb38fb568a65661e648e7c7101df69f47f0ea52b3106f211f1834	2026-04-26	2026-07-05	verified
DCIM/DSC06367.JPG	DCIM/DSC06367.JPG	9789897	fe53a8a4f18b8bd6f7ac97eca4537b350d87e2dcefb036693a9ba7d5aed50387	2026-04-26	2026-07-05	verified
DCIM/DSC06368.ARW	DCIM/DSC06368.ARW	30285824	3f7c18825c0bb194e4830e3e0fde6d2d289b4c24267345e937b2d20d4adb1623	2026-04-26	2026-07-05	verified
DCIM/DSC06368.JPG	DCIM/DSC06368.JPG	9899755	34ced19e848f07d8efb74d2fe7c22e0e2d909df9f83bf42639db68d2a0049d78	2026-04-26	2026-07-05	verified
DCIM/DSC06369.ARW	DCIM/DSC06369.ARW	30371840	bf9b28a5689790516aa29334796f3d76fc73389f9fd2e1de49f7967eb686dbdd	2026-04-26	2026-07-05	verified
DCIM/DSC06369.JPG	DCIM/DSC06369.JPG	10023669	2f34330ede270806954285708a4d2c80d950013d124656088ed0241ee42f0fd8	2026-04-26	2026-07-05	verified
DCIM/DSC06370.ARW	DCIM/DSC06370.ARW	30294016	07550a1e7222c6bb4202903295aed307843aab2725c3a93bae4aa4f20f2d3b97	2026-04-26	2026-07-05	verified
DCIM/DSC06370.JPG	DCIM/DSC06370.JPG	9852787	69aa131841cb1e14d2a59e80dc879d42f221070dd838fae7ff8769df3f26400c	2026-04-26	2026-07-05	verified
DCIM/DSC06371.ARW	DCIM/DSC06371.ARW	30330880	463d38d4a69b94fd0cc79b1e40a0f70f26582be11de61b574d8942e0b1b1e5cd	2026-04-26	2026-07-05	verified
DCIM/DSC06371.JPG	DCIM/DSC06371.JPG	9948172	f400baf52965c1711a6a10e3359c673682e15711d1233f10dfd520eb6cb50504	2026-04-26	2026-07-05	verified
DCIM/DSC06372.ARW	DCIM/DSC06372.ARW	30056448	79e3d3b71b09e2cde72d0ebc83d35ae07c1b998894dbcbc8a7580984f8ea584f	2026-04-26	2026-07-05	verified
DCIM/DSC06372.JPG	DCIM/DSC06372.JPG	9539473	b1047e30a04a775bc64b5cea2eb36814ded8948c0f0cac226db70c9c5c873076	2026-04-26	2026-07-05	verified
DCIM/DSC06373.ARW	DCIM/DSC06373.ARW	30056448	ecec2d7a3248e73fde13c7b55ec5430db1e5f35f86e4be657afe69fd7a010bbc	2026-04-26	2026-07-05	verified
DCIM/DSC06373.JPG	DCIM/DSC06373.JPG	9538800	f8ae651bb4fb6b6839491f6e4393fe655d5aae2220c4edf02df408ab84c4893b	2026-04-26	2026-07-05	verified
DCIM/DSC06374.ARW	DCIM/DSC06374.ARW	30130176	ff8926a8a869e844c87d1337485320bae56e5c12826a687e20329920d12bc77f	2026-04-26	2026-07-05	verified
DCIM/DSC06374.JPG	DCIM/DSC06374.JPG	9522766	15a228bd9f7bbe6d89591ca9195faecf794c3765639d76b7e2e1fc109f59ad6b	2026-04-26	2026-07-05	verified
DCIM/DSC06375.ARW	DCIM/DSC06375.ARW	30023680	88df0d350a2cd58e7a91708e1096381b17fa0a2d560484d115ca1b872cfd4c6d	2026-04-26	2026-07-05	verified
DCIM/DSC06375.JPG	DCIM/DSC06375.JPG	9365889	e35107f07e80f9f5446744a625134a5042a75159e5c05e348058a31969932d6f	2026-04-26	2026-07-05	verified
DCIM/DSC06376.ARW	DCIM/DSC06376.ARW	29884416	3347c59d6b2c04815b5f802bcd8c8ef04d028a891b817058862a29948d922a86	2026-04-26	2026-07-05	verified
DCIM/DSC06376.JPG	DCIM/DSC06376.JPG	9382273	5deaab6ef342a877a1f295a48ce34e07b61d2737f5a0ae236417c6d83b9e0353	2026-04-26	2026-07-05	verified
DCIM/DSC06377.ARW	DCIM/DSC06377.ARW	29904896	c38a8c7c9ccae85c12f4e5898915e4a75fcb674276fc2363d9818bb123008f5e	2026-04-26	2026-07-05	verified
DCIM/DSC06377.JPG	DCIM/DSC06377.JPG	9429547	58c0cb4bb8e767c6fb3e50103f490bdbf0efa56c0954f5943bf20482e686e5a8	2026-04-26	2026-07-05	verified
DCIM/DSC06378.ARW	DCIM/DSC06378.ARW	29818880	de4af0096b136391ed0de0d110b49ec45d5353dfbf42c09b6c062aa0b068d890	2026-04-26	2026-07-05	verified
DCIM/DSC06378.JPG	DCIM/DSC06378.JPG	9280039	6c055a97191333f4256b769e84922ca66e04e8b4ec882429ae70ceae788b8dc1	2026-04-26	2026-07-05	verified
DCIM/DSC06379.ARW	DCIM/DSC06379.ARW	29921280	ce042a71dcf01c3f85f4f94274caabd07fe3919d3c70069f5bd982083b613d58	2026-04-26	2026-07-05	verified
DCIM/DSC06379.JPG	DCIM/DSC06379.JPG	9463638	a5d19e420c4942bda91b353c2eddd24c15c955e3fafb89d50e27c0015bfc054b	2026-04-26	2026-07-05	verified
DCIM/DSC06380.ARW	DCIM/DSC06380.ARW	29921280	4ea0261a58d5444b15fa9903b82a3923bf749a8f25a8a33bafbf01af67406a9f	2026-04-26	2026-07-05	verified
DCIM/DSC06380.JPG	DCIM/DSC06380.JPG	9411711	fdcf1c78c3e665d6f56d7faa981f049a1e67555df156ddc054e5cf434083afec	2026-04-26	2026-07-05	verified
DCIM/DSC06381.ARW	DCIM/DSC06381.ARW	29917184	5585ca085bff136c118d92397e0519b09fd72b72fd24ef093785894f2f8b6969	2026-04-26	2026-07-05	verified
DCIM/DSC06381.JPG	DCIM/DSC06381.JPG	9458539	40435458e3d5e615fceb0403729863fb46bc975315f980ef51018d2cd3877c12	2026-04-26	2026-07-05	verified
DCIM/DSC06382.ARW	DCIM/DSC06382.ARW	29913088	13523d4b0c60973c296ccf07a45c4e767ed0411a96b147cff8fc64d00c301983	2026-04-26	2026-07-05	verified
DCIM/DSC06382.JPG	DCIM/DSC06382.JPG	9389159	b7a5946edd461671544e5016fb64ac27870fcffcdc6271f03c4d6730da2481e3	2026-04-26	2026-07-05	verified
DCIM/DSC06383.ARW	DCIM/DSC06383.ARW	30523392	96b96302459e1bb5f6a5f2ec35f063400ba9ebdbd49402a76376a6940d8a302c	2026-04-26	2026-07-05	verified
DCIM/DSC06383.JPG	DCIM/DSC06383.JPG	10213927	3dbd331e85633841f084bee51bc766f0446846e03bd45a6d6028bb889b6af69f	2026-04-26	2026-07-05	verified
DCIM/DSC06384.ARW	DCIM/DSC06384.ARW	30441472	7533bcc2bab52e822eab89fe3ffe37bd3f085cc7940c07c369eb0422e54834d7	2026-04-26	2026-07-05	verified
DCIM/DSC06384.JPG	DCIM/DSC06384.JPG	10079690	7f22e05060440b41c020b25c55c508dfd91b4a0e0d3fd1294da495ddd14c3ab9	2026-04-26	2026-07-05	verified
DCIM/DSC06385.ARW	DCIM/DSC06385.ARW	30470144	3a009426077747ec9e37e0f51a7b2590cfcb84a0adf2a5aa552765691c87be0a	2026-04-26	2026-07-05	verified
DCIM/DSC06385.JPG	DCIM/DSC06385.JPG	10116932	319dce398a0d35914b40260d8f34e73807215a3cac022f6c39fad7fd838f47da	2026-04-26	2026-07-05	verified
DCIM/DSC06386.ARW	DCIM/DSC06386.ARW	30453760	48d7eaa4b1ce18efc3cd705d40b35fb1970d5555a35eb851636792e1c315c71b	2026-04-26	2026-07-05	verified
DCIM/DSC06386.JPG	DCIM/DSC06386.JPG	10093123	fc9cc50976923a8361dc9c544d61aa81b6ce5662fccde0c58215547a6aaf2014	2026-04-26	2026-07-05	verified
DCIM/DSC06387.ARW	DCIM/DSC06387.ARW	29954048	a86a1e6e6c5e04a31d6e27bd0c774c7798ea869c75405f9706d42267f35d73f5	2026-04-26	2026-07-05	verified
DCIM/DSC06387.JPG	DCIM/DSC06387.JPG	9397615	08eff57bc64d7c88fe85d615a578c15f547ebc155cad41c57cf44a5c2ee6c6fc	2026-04-26	2026-07-05	verified
DCIM/DSC06388.ARW	DCIM/DSC06388.ARW	29954048	ceaae9567aeea7650bfdf78f8fc9f764de87d8112b715a3957062a8bade61304	2026-04-26	2026-07-05	verified
DCIM/DSC06388.JPG	DCIM/DSC06388.JPG	9306454	e9e6d5b7bb7e058c52d552a197b535d4ff4c6462e6b1a17fac51d9716e80038a	2026-04-26	2026-07-05	verified
DCIM/DSC06389.ARW	DCIM/DSC06389.ARW	30494720	687738dc9443c6e15345b77c8ad3da2881e89da74bbf20851a727e4e81d14e0e	2026-04-26	2026-07-05	verified
DCIM/DSC06389.JPG	DCIM/DSC06389.JPG	10131618	0be6de1138361e6584038a0b1ffa400ddb418caaa754b0df7681c8b90b42ec2a	2026-04-26	2026-07-05	verified
DCIM/DSC06390.ARW	DCIM/DSC06390.ARW	30511104	b8bf83389383a9265c706a044f140aa40d409a48e18237b1ea65e34f178892ab	2026-04-26	2026-07-05	verified
DCIM/DSC06390.JPG	DCIM/DSC06390.JPG	10136075	8b9f011cd7cf04bcb382a2bb60b4e081d363f2d2428999b66990a7c5dab57327	2026-04-26	2026-07-05	verified
DCIM/DSC06391.ARW	DCIM/DSC06391.ARW	30490624	c67e4bc98249ebc4fb079afe64b49f43bbf90aff88f845a1c5a1f13ddab82d16	2026-04-26	2026-07-05	verified
DCIM/DSC06391.JPG	DCIM/DSC06391.JPG	10172017	282f9bde0873a1292a5e3725444a2b2bfdd960d5f3f5c0645d19461dfa80db9c	2026-04-26	2026-07-05	verified
DCIM/DSC06392.ARW	DCIM/DSC06392.ARW	30625792	f29cc286fae9f800a94faa49436fb8868e65419955082a23a38991604d5d6eff	2026-04-26	2026-07-05	verified
DCIM/DSC06392.JPG	DCIM/DSC06392.JPG	10311111	72a15ad22e8b209cdf581b298302f29d3bf3a3b222f2f3032c8774f7233d2813	2026-04-26	2026-07-05	verified
DCIM/DSC06393.ARW	DCIM/DSC06393.ARW	30482432	d791b7f72d190fd14f1a7b063c60128536c0f302aa91f9eafe52ad8988b6f25a	2026-04-26	2026-07-05	verified
DCIM/DSC06393.JPG	DCIM/DSC06393.JPG	10147632	8353a1b9da5e1fab49549db576971bc2eb5b9bbcbf19a3968e960417b4f587e0	2026-04-26	2026-07-05	verified
DCIM/DSC06394.ARW	DCIM/DSC06394.ARW	30375936	258c72131aa035b7834aa05f70cc87abc88b48911c842d75d1e1059741bf2162	2026-04-26	2026-07-05	verified
DCIM/DSC06394.JPG	DCIM/DSC06394.JPG	9986918	5da6afb9c5466026723576076103e4611452c3150f9aa41137ef4d9e7d72d542	2026-04-26	2026-07-05	verified
DCIM/DSC06395.ARW	DCIM/DSC06395.ARW	30531584	087d5e69cd8da43038b6f683bede3dd8e96d047d1570d7aa82de1f752d65a982	2026-04-26	2026-07-05	verified
DCIM/DSC06395.JPG	DCIM/DSC06395.JPG	10216976	ce2d42286c131cc4d76901b99f58a7ea87050dabc01c57b16b4cdb0c7ac778c6	2026-04-26	2026-07-05	verified
DCIM/DSC06396.ARW	DCIM/DSC06396.ARW	30515200	418530dcff97c818985169b1b49e17cbae2b7c309f698d9ec1e878d9c9f938bf	2026-04-26	2026-07-05	verified
DCIM/DSC06396.JPG	DCIM/DSC06396.JPG	10196831	10d7f0dd0164a3f9f3e096e551f79650ae936d26cdb3bffe05181b642fa6a65f	2026-04-26	2026-07-05	verified
DCIM/DSC06397.ARW	DCIM/DSC06397.ARW	30056448	7e1c425b4a7203108e05ea9062384edc6590a37b14d954d59350080dbfad4d05	2026-04-26	2026-07-05	verified
DCIM/DSC06397.JPG	DCIM/DSC06397.JPG	9338434	25fa3768c44d5cfb9badb9dd505d72cbab635325b34910232bf2b3ce01f9bfc9	2026-04-26	2026-07-05	verified
DCIM/DSC06398.ARW	DCIM/DSC06398.ARW	30105600	9fdaeab418ac9ec408c3d045253ee98c9ee3e4cc14035d9a4e37a0c1eedf6013	2026-04-26	2026-07-05	verified
DCIM/DSC06398.JPG	DCIM/DSC06398.JPG	9294558	c5ad00de5529dac5dc1401eea03cdd0cfadb50c01d18f14ff215a5894f4f4d86	2026-04-26	2026-07-05	verified
DCIM/DSC06399.ARW	DCIM/DSC06399.ARW	30601216	c6f467a82fca17303f461bf9f795d54300c9d99c545ffa3467db1c57bdfd0c4f	2026-04-26	2026-07-05	verified
DCIM/DSC06399.JPG	DCIM/DSC06399.JPG	10270471	0c6f795af6854bce7eaa0c8a1bf3d6a5674c08ea8b51f177b48bb485db6a2e48	2026-04-26	2026-07-05	verified
DCIM/DSC06400.ARW	DCIM/DSC06400.ARW	30269440	c5d84bfe07ac3e94ff79cc7cf9bf4d74829e9d80f25352ac5b39b243bc45ba0e	2026-04-26	2026-07-05	verified
DCIM/DSC06400.JPG	DCIM/DSC06400.JPG	9828904	03d9920f6a8a25dee9ecec027bd3612eed7ab5d2aaaf44a6c7d4fc4f14e957fe	2026-04-26	2026-07-05	verified
DCIM/DSC06401.ARW	DCIM/DSC06401.ARW	30535680	33953373696cdbc02097cf607053ec8b005e04b9e7c79f0e2ca61eae35bfc53b	2026-04-26	2026-07-05	verified
DCIM/DSC06401.JPG	DCIM/DSC06401.JPG	10158660	a3f839223ab71ebdd5d63d34343c63a53eec70b1ab8a0fae4a29796dc003ba67	2026-04-26	2026-07-05	verified
DCIM/DSC06402.ARW	DCIM/DSC06402.ARW	29761536	6db4095ecec4aa4a55f34c753175cc31a96b8afb43470306a73b41162b419860	2026-04-26	2026-07-05	verified
DCIM/DSC06402.JPG	DCIM/DSC06402.JPG	9114255	9b5c82bfed54c4df3e05fcf5bd9b6a71418476745ba4855c4fba40c5aecf4255	2026-04-26	2026-07-05	verified
DCIM/DSC06403.ARW	DCIM/DSC06403.ARW	29753344	74986ad4ee77913e543c4b0b5e326ee688c1d4e247e1c9e1607af7922b113023	2026-04-26	2026-07-05	verified
DCIM/DSC06403.JPG	DCIM/DSC06403.JPG	9247925	327021dbd5a5b7a034211fbbaa5859586466ff07e67786f5309f408ea223347b	2026-04-26	2026-07-05	verified
DCIM/DSC06404.ARW	DCIM/DSC06404.ARW	30416896	c2dc520e1c8df8c9f5bee0b67b28d0367e83bc8f0945db29f4d7df1510792aa5	2026-04-26	2026-07-05	verified
DCIM/DSC06404.JPG	DCIM/DSC06404.JPG	10058720	1d513971093f64b37afe5031450894593eff69690433201eeb63c9d00bc140f6	2026-04-26	2026-07-05	verified
DCIM/DSC06405.ARW	DCIM/DSC06405.ARW	30683136	2ff4bc3f53fe0d298c816f42f3b11bf758dcd7858b462c18c7d38f74c38a163b	2026-04-26	2026-07-05	verified
DCIM/DSC06405.JPG	DCIM/DSC06405.JPG	10405103	b09476765eb26ddb57e8216f32fb238f59194063d216d365fc9855002e3a4179	2026-04-26	2026-07-05	verified
DCIM/DSC06406.ARW	DCIM/DSC06406.ARW	30445568	41bb7bb43d4176353c27b267a6e9145fa2d6ba08000deaff837e36a7c449e19e	2026-04-26	2026-07-05	verified
DCIM/DSC06406.JPG	DCIM/DSC06406.JPG	9934791	0797efc2146cb90d5acb3048fe7be9ef12bd422bcaac9cc82e4a45d3b94c1a89	2026-04-26	2026-07-05	verified
DCIM/DSC06407.ARW	DCIM/DSC06407.ARW	30478336	193a04d7a44bde57e7a4299d3353885b981c1fcf108ea58a39fada6a345e9779	2026-04-26	2026-07-05	verified
DCIM/DSC06407.JPG	DCIM/DSC06407.JPG	10105014	5ba9910396e19b135e6ecf5b4d3e119d486b02e4492052a20f3ce166084243db	2026-04-26	2026-07-05	verified
DCIM/DSC06408.ARW	DCIM/DSC06408.ARW	30523392	4fddd1ca5fd1c351d79e1a8adbfccb0f2aebe53ef58ab00295a750c11f5da600	2026-04-26	2026-07-05	verified
DCIM/DSC06408.JPG	DCIM/DSC06408.JPG	10153190	d83476342ab2bc0b350cb2b0c9f5ca07243c00bfb7cb0f1bf9c9e397b06fbc23	2026-04-26	2026-07-05	verified
DCIM/DSC06409.ARW	DCIM/DSC06409.ARW	30371840	c8f8bb7b1419ad678e776a29908a54d31fa916caf2779b262ead33e1144e3310	2026-04-26	2026-07-05	verified
DCIM/DSC06409.JPG	DCIM/DSC06409.JPG	10012440	66e8f92a99d8b9138721c9348700c37dd885a2b9ab7a905d7f321bce35dacfc5	2026-04-26	2026-07-05	verified
DCIM/DSC06410.ARW	DCIM/DSC06410.ARW	29462528	b41d92005e3e0d7e46ad9221e5d0b3d6d6afbace0f07e4e06db751134d026ade	2026-04-26	2026-07-05	verified
DCIM/DSC06410.JPG	DCIM/DSC06410.JPG	7777958	9232bbff68b7913751915b6266a130b28ea3ffcbf98394556e7723a2993b11f9	2026-04-26	2026-07-05	verified
DCIM/DSC06411.ARW	DCIM/DSC06411.ARW	29872128	b3cf149eaf4ccf7d8839da3570c1919dfdd1eac55ede3bd11fe1c0e82ebc7526	2026-04-26	2026-07-05	verified
DCIM/DSC06411.JPG	DCIM/DSC06411.JPG	8973878	2abdf9fa54fa6aef158b2c9fc55ed1d573f673b317eb91f6ac1c7142845404a6	2026-04-26	2026-07-05	verified
DCIM/DSC06412.ARW	DCIM/DSC06412.ARW	29904896	ecc643ae5b009a8a8b5d8c2f70dbda683c2c1413b88c3b4cf1e538c4770e2555	2026-04-26	2026-07-05	verified
DCIM/DSC06412.JPG	DCIM/DSC06412.JPG	9023424	0659baa3b40aa758f919cf642a4555b23c008bed896a55e495b4b381d174c4c6	2026-04-26	2026-07-05	verified
DCIM/DSC06413.ARW	DCIM/DSC06413.ARW	29900800	6bbb7ecb061d70f6a68cebe4e09bc71cfc09ebcc9092d557cee11a2d1588bf95	2026-04-26	2026-07-05	verified
DCIM/DSC06413.JPG	DCIM/DSC06413.JPG	8998376	5eb7973d145ae092cb2a5e5ee31c24ce1a6b539580362708582bb3a4efdabedc	2026-04-26	2026-07-05	verified
DCIM/DSC06414.ARW	DCIM/DSC06414.ARW	29618176	6edb37cbf65f9d8eb1d1a4c6ab96f0b5b3d52b249a7c1f66f77be4a107fbd68d	2026-04-26	2026-07-05	verified
DCIM/DSC06414.JPG	DCIM/DSC06414.JPG	7980708	1182aa8a69d97654d746d3837d203bed5d0afa73c4f9a8b9af9fdbafb7780355	2026-04-26	2026-07-05	verified
DCIM/DSC06415.ARW	DCIM/DSC06415.ARW	29802496	896ad88c198a81e549f475d2c478332834d79a01d6fff9b9609b1626e2cf0319	2026-04-26	2026-07-05	verified
DCIM/DSC06415.JPG	DCIM/DSC06415.JPG	8775272	410ecfe1135d09b1510cc1ba4e5796c76ff926b6f6909ae056ab5d4b47f158d4	2026-04-26	2026-07-05	verified
DCIM/DSC06416.ARW	DCIM/DSC06416.ARW	29700096	51a26f1e3d70a030243fc2603ee42089a2de1ecef7ee624764ebc77ab10623c5	2026-04-26	2026-07-05	verified
DCIM/DSC06416.JPG	DCIM/DSC06416.JPG	8871280	f08baca1964992efac1ed5059583bd69e392614751ac15b72caf2191d7f1e8af	2026-04-26	2026-07-05	verified
DCIM/DSC06417.ARW	DCIM/DSC06417.ARW	29782016	bf9e0a1f9048283b6783acf583a19ef518209bb12758539bbf452d2c98a5ec52	2026-04-26	2026-07-05	verified
DCIM/DSC06417.JPG	DCIM/DSC06417.JPG	9048670	0dbe1fea69f9acf094f3bedbae1725d6fd903be88bdd76b629bbf3592f475358	2026-04-26	2026-07-05	verified
DCIM/DSC06418.ARW	DCIM/DSC06418.ARW	29765632	4444e47c5ed977f64d1bf0d108f5b1f725fcf2f40be151391f2346e7e8db998d	2026-04-26	2026-07-05	verified
DCIM/DSC06418.JPG	DCIM/DSC06418.JPG	9058779	45fe4ab2bb7970cda02fd97984dca1563f2aa0dae6f1d853a2517deeb8759887	2026-04-26	2026-07-05	verified
DCIM/DSC06419.ARW	DCIM/DSC06419.ARW	29749248	efbfcfbc3cf16cde980b1962a6fac7a5fac42b9d20b3daf1c774bd7dfb9433a7	2026-04-26	2026-07-05	verified
DCIM/DSC06419.JPG	DCIM/DSC06419.JPG	8996096	eae1690ec447615dc7663c8f8942841f37a1fd54c37de40b0a20761aecb2f8a1	2026-04-26	2026-07-05	verified
DCIM/DSC06420.ARW	DCIM/DSC06420.ARW	29712384	e98d5c1c96cdbbe35efe40a3d0c6a19376e77ca60b771219c25699caa311704d	2026-04-26	2026-07-05	verified
DCIM/DSC06420.JPG	DCIM/DSC06420.JPG	8977781	ea593add46c476cd5826f3bb2cd29db304dff3d138c2e8695ebc32aaf04efe89	2026-04-26	2026-07-05	verified
DCIM/DSC06421.ARW	DCIM/DSC06421.ARW	29622272	d7b590c7412400ece75893dc27529be86484b3cdd75ee8f6a1fdf0eefb77f725	2026-04-26	2026-07-05	verified
DCIM/DSC06421.JPG	DCIM/DSC06421.JPG	8674580	f305d520d2435f1a1f8f446b5be9ca78f1e3b9ee7e069fd30bead4296664be6f	2026-04-26	2026-07-05	verified
DCIM/DSC06422.ARW	DCIM/DSC06422.ARW	29749248	55ec814eea14cbd0b371251576c4b82b77ede64d109685c1e95cb21279caa21f	2026-04-26	2026-07-05	verified
DCIM/DSC06422.JPG	DCIM/DSC06422.JPG	8803158	e42fde33ddb3593ab70cc9e188598e56f01d6335dcf94af399243d7abd41d8a5	2026-04-26	2026-07-05	verified
DCIM/DSC06423.ARW	DCIM/DSC06423.ARW	29880320	6f2e791a307f2dbd9176470126d1334388934f7f197664bef524ff46522de0c9	2026-04-26	2026-07-05	verified
DCIM/DSC06423.JPG	DCIM/DSC06423.JPG	9080881	c93b66c38b53d62c4637fa230f235843c2a1e3415536eeaf9bc11e22a174dd94	2026-04-26	2026-07-05	verified
DCIM/DSC06424.ARW	DCIM/DSC06424.ARW	29892608	bdf6d47a28b8816b06207d2798c509d779fefd31bd42e5da04a13485ab253032	2026-04-26	2026-07-05	verified
DCIM/DSC06424.JPG	DCIM/DSC06424.JPG	9069519	1ed979776efe2e0ebf319f2be81ec180294f50c5cf05663b0c3840af82d3fc94	2026-04-26	2026-07-05	verified
DCIM/DSC06425.ARW	DCIM/DSC06425.ARW	29970432	ce542472d040634ef289807fa5cfefa92b28c0ec9354b30af514cafb7096246d	2026-04-26	2026-07-05	verified
DCIM/DSC06425.JPG	DCIM/DSC06425.JPG	9151783	976e8b9c07cd98e31d51c257e950f3620a4cfeb531001f08fc340f9c73b08af5	2026-04-26	2026-07-05	verified
DCIM/DSC06426.ARW	DCIM/DSC06426.ARW	29966336	45be7ba3d5e3854eb88c5c54d34ccb6a0c08bd9644996ba6617f3f30837278c0	2026-04-26	2026-07-05	verified
DCIM/DSC06426.JPG	DCIM/DSC06426.JPG	9224837	ace246b9203391d2a806889d92a9c863cef9740edc2fd9ae126930fa9c3cc014	2026-04-26	2026-07-05	verified
DCIM/DSC06427.ARW	DCIM/DSC06427.ARW	29859840	a4385ba698b90d2ccadb41f4c1bc6bece7afbbd5a1ed0986d26f0ec334fbc5b9	2026-04-26	2026-07-05	verified
DCIM/DSC06427.JPG	DCIM/DSC06427.JPG	9101026	a9789ff7ff0e35003fdee66eb54f9a39d787f5bea330e74262b9235c84aaecdd	2026-04-26	2026-07-05	verified
DCIM/DSC06428.ARW	DCIM/DSC06428.ARW	29896704	11aa51afd21eefe49f70fe4c4b64aa02633e9bf2950af8d3f40b8cef48e9cd2d	2026-04-26	2026-07-05	verified
DCIM/DSC06428.JPG	DCIM/DSC06428.JPG	9133676	9ba5bb53b444cdc290aa5f07b57be89948641756f73f6f98423284b076e9db0f	2026-04-26	2026-07-05	verified
DCIM/DSC06429.ARW	DCIM/DSC06429.ARW	29929472	9460fd25ce2f14288167c97e0132deab3844a565b2ddc43264fea736975a2d73	2026-04-26	2026-07-05	verified
DCIM/DSC06429.JPG	DCIM/DSC06429.JPG	9172417	38776e2ee57de0a162294be2a60738b8a32b227279a3bcb891506e3f8bb18b80	2026-04-26	2026-07-05	verified
DCIM/DSC06430.ARW	DCIM/DSC06430.ARW	29843456	d6bf29f250260e4fb515deb86c23390532359296e5f5cca41cc7ac04d64b02eb	2026-04-26	2026-07-05	verified
DCIM/DSC06430.JPG	DCIM/DSC06430.JPG	9133578	8a517f0eb02f66cd4ace37c57aa943934b47868af4d7799af51e55c4e91dce66	2026-04-26	2026-07-05	verified
DCIM/DSC06431.ARW	DCIM/DSC06431.ARW	29876224	b314f3ad8d4da22af29301b22ae1bc99d9a89b8ccb9569ca1bdd951b44aaec05	2026-04-26	2026-07-05	verified
DCIM/DSC06431.JPG	DCIM/DSC06431.JPG	9055938	c3eb8519afdf70afc5cb0e7f9ea51a2a30800268aa86e7932c13dc50f487ca1b	2026-04-26	2026-07-05	verified
DCIM/DSC06432.ARW	DCIM/DSC06432.ARW	29560832	2e9ff677b6b53deb4223bbe7f2725aac89559804bc61a41bd50d58fde1b1b9c2	2026-04-26	2026-07-05	verified
DCIM/DSC06432.JPG	DCIM/DSC06432.JPG	8748168	ea4426949afd8f1702f897ed2b1f65171aa1d6899f858fd7948ab41e55fafa6e	2026-04-26	2026-07-05	verified
DCIM/DSC06433.ARW	DCIM/DSC06433.ARW	29847552	1ce020b51c2b7efc77c12b8106a73ac4b19ac3ae7ecd3896fec91a16f239e3c8	2026-04-26	2026-07-05	verified
DCIM/DSC06433.JPG	DCIM/DSC06433.JPG	9193429	092784fbab4469c4ac63d4ac92800c12bfbcb8f065f50d9180fa2282ed438760	2026-04-26	2026-07-05	verified
DCIM/DSC06434.ARW	DCIM/DSC06434.ARW	29970432	a7bee36279385b1228db45d0bb8e1a275bc710957d5607e19872da56ce9e0e3a	2026-04-26	2026-07-05	verified
DCIM/DSC06434.JPG	DCIM/DSC06434.JPG	9357410	e875f7764dd9b35687ec76d1e3f1bb9b4ec5703549f5924bb786dd16309703af	2026-04-26	2026-07-05	verified
DCIM/DSC06435.ARW	DCIM/DSC06435.ARW	29958144	1b65ebabea3d175650d485d725971db5566b6213eef9b0636fe260ee6188c683	2026-04-26	2026-07-05	verified
DCIM/DSC06435.JPG	DCIM/DSC06435.JPG	9345710	9e2c9a871c87b1d0112f2099ad52c25a833bcd5463e00bdc3a616883a3f3245f	2026-04-26	2026-07-05	verified
DCIM/DSC06436.ARW	DCIM/DSC06436.ARW	30126080	808643e50b772b8b31251a87fa49d876220338771086fc62777b206a72e1b14e	2026-04-26	2026-07-05	verified
DCIM/DSC06436.JPG	DCIM/DSC06436.JPG	9508032	8f00bb3be32718c9f43c304ed8c07393fb7d8f5da1ad0eb02c6b4958058dcb43	2026-04-26	2026-07-05	verified
DCIM/DSC06437.ARW	DCIM/DSC06437.ARW	30175232	349f934744f701de3b09ae8f487e61d5083eb58376f704dac2713aeab78a6ded	2026-04-26	2026-07-05	verified
DCIM/DSC06437.JPG	DCIM/DSC06437.JPG	9731470	9a762d07c36df5a07fada7a32a22d1bc90ee2335d2a47af957bf9b376f180970	2026-04-26	2026-07-05	verified
DCIM/DSC06438.ARW	DCIM/DSC06438.ARW	30187520	5264cbc81626eb1324729d2e11dafe19feae53963f84620d13263de234eefe16	2026-04-26	2026-07-05	verified
DCIM/DSC06438.JPG	DCIM/DSC06438.JPG	9634841	46ecf7b70eca482efac9a77f54ccc2aba7c01a96b9bb59465857710c5dd1c105	2026-04-26	2026-07-05	verified
DCIM/DSC06439.ARW	DCIM/DSC06439.ARW	30121984	57137d76206e332493e750ff3e71950226a4fc84165ac909bc35444142bbc686	2026-04-26	2026-07-05	verified
DCIM/DSC06439.JPG	DCIM/DSC06439.JPG	9574938	f5412943e171e627d19a32b646091abd9a7be1c52d2f47d867a9988457e13ce5	2026-04-26	2026-07-05	verified
DCIM/DSC06440.ARW	DCIM/DSC06440.ARW	30183424	5bd1c8bd7bb3beada171c7914a622f2e8528255ad973829f4d2fbda2d9cd5222	2026-04-26	2026-07-05	verified
DCIM/DSC06440.JPG	DCIM/DSC06440.JPG	9728066	b11cdf3c9d050e6f7302fec397faa2e99dfed373a25992352b758a45ce6fd39c	2026-04-26	2026-07-05	verified
DCIM/DSC06441.ARW	DCIM/DSC06441.ARW	30191616	5923e0a3b20191859f734f3f686041cd69780563e13ad6bdfc6744c70ac564e7	2026-04-26	2026-07-05	verified
DCIM/DSC06441.JPG	DCIM/DSC06441.JPG	9701031	28d0e5fa54f0fd7c630c6035ca206d0d818f4dc6efc37352f7279caedfad0d40	2026-04-26	2026-07-05	verified
DCIM/DSC06442.ARW	DCIM/DSC06442.ARW	30171136	f76670f66ccdfa023f25ef842ad94945582b92f44580207165943290563b8d39	2026-04-26	2026-07-05	verified
DCIM/DSC06442.JPG	DCIM/DSC06442.JPG	9740526	9590992422393be9c831466a4b333c7710498845dae60da60519c09e7a1f6084	2026-04-26	2026-07-05	verified
DCIM/DSC06443.ARW	DCIM/DSC06443.ARW	30142464	198d3e8d2e375d1b2d06f0a0f538cf9cf89f822c1db4f6777f8827e500f8f8fb	2026-04-26	2026-07-05	verified
DCIM/DSC06443.JPG	DCIM/DSC06443.JPG	9661625	9eaaa68f4d2daa7b9363c337ee6c16fc75df0fab74fe5d06f6de432e5d18ce6e	2026-04-26	2026-07-05	verified
DCIM/DSC06444.ARW	DCIM/DSC06444.ARW	30117888	dddb3a80b50650efb71502a7cf3393673cff85850f0ac4f7f87ca816211d75de	2026-04-26	2026-07-05	verified
DCIM/DSC06444.JPG	DCIM/DSC06444.JPG	9595939	6616284678e9dc7b80a69bb6ff00731096462155684e9b9b967c62c8703e8022	2026-04-26	2026-07-05	verified
DCIM/DSC06445.ARW	DCIM/DSC06445.ARW	30146560	56b9646cb50c63b8ec75f67fc5802c7a1771d053a6bd821eb367ee7dbab9d698	2026-04-26	2026-07-05	verified
DCIM/DSC06445.JPG	DCIM/DSC06445.JPG	9714984	fef2e4ce315fe35407ccc820f3c069296908d304628bebfc1d9798440e45380d	2026-04-26	2026-07-05	verified
DCIM/DSC06446.ARW	DCIM/DSC06446.ARW	30138368	d80f425017944d5d940e22301402f03159454d2f00ae7ad47b8b0037c8d34103	2026-04-26	2026-07-05	verified
DCIM/DSC06446.JPG	DCIM/DSC06446.JPG	9590707	0079f4fb430f5d42f3e1fe154396dadcde019b434df331b560c8080b8ce8a3d9	2026-04-26	2026-07-05	verified
DCIM/DSC06447.ARW	DCIM/DSC06447.ARW	30056448	b1bd6dc77749da560eac20ad1094ecffbf00b789a86ca70e80c57f5760bf1634	2026-04-26	2026-07-05	verified
DCIM/DSC06447.JPG	DCIM/DSC06447.JPG	9499360	525b2824a9ced139c75d840938f29394a8b3b0afa0ac6bbb89bd2565e09ec834	2026-04-26	2026-07-05	verified
DCIM/DSC06448.ARW	DCIM/DSC06448.ARW	30138368	a845a871fca5ba6aac2c1053a8ec23f666c7ca413f3eae094ccd40b0385ecfeb	2026-04-26	2026-07-05	verified
DCIM/DSC06448.JPG	DCIM/DSC06448.JPG	9579785	8013f3fc2192690e98ba682b49c7bb03b70e3426f7ee1d58ea0f6e43cb36227b	2026-04-26	2026-07-05	verified
DCIM/DSC06449.ARW	DCIM/DSC06449.ARW	30162944	1a8f4b6e8f217586abc3f64a0e75a9e95b82b4605b72eefc7fc25236ebafcdf7	2026-04-26	2026-07-05	verified
DCIM/DSC06449.JPG	DCIM/DSC06449.JPG	9618558	ba46d50f7fc3432a28c15d22a989466ac805a7847c15de1d01dea65242efac98	2026-04-26	2026-07-05	verified
DCIM/DSC06450.ARW	DCIM/DSC06450.ARW	30150656	55cbd70953a4887ce28fb8711112254170d078a36dc5f9f3d4fe582ded712348	2026-04-26	2026-07-05	verified
DCIM/DSC06450.JPG	DCIM/DSC06450.JPG	9592971	858e4185802d8478695f4f9df1ab688cc9f499dfcb5e4980cf1fce6d28eb88d9	2026-04-26	2026-07-05	verified
DCIM/DSC06451.ARW	DCIM/DSC06451.ARW	30126080	0acfbd6ad686e273800e9828ec90f40ab9aaf43214a9ba8245c94e56a8188b81	2026-04-26	2026-07-05	verified
DCIM/DSC06451.JPG	DCIM/DSC06451.JPG	9519286	7e1b03f2ddc61fd13cc6fb50d09c062686e6075e77d0aa0bc461f7081f55b08f	2026-04-26	2026-07-05	verified
DCIM/DSC06452.ARW	DCIM/DSC06452.ARW	30117888	9f028a3058cbaa7d30130ed3e025634481ab99e4c41cbff9b3defd75830156bb	2026-04-26	2026-07-05	verified
DCIM/DSC06452.JPG	DCIM/DSC06452.JPG	9509748	2b1ace6ffd6ab77748252a7963c0d2b3933dd3417454b61dc21d131891b04b51	2026-04-26	2026-07-05	verified
DCIM/DSC06453.ARW	DCIM/DSC06453.ARW	30146560	43ebe22160446e005736f1cceaee738e3645a6fcb7cf7a9cc9a08c8924015db2	2026-04-26	2026-07-05	verified
DCIM/DSC06453.JPG	DCIM/DSC06453.JPG	9581066	3d83a5eb4ac366ba3bcdee1f244ff6da349fb7668d6c459b454fdeb60aafce9e	2026-04-26	2026-07-05	verified
DCIM/DSC06454.ARW	DCIM/DSC06454.ARW	30150656	fc47f6ca62908226a4664fcad59999ffe8ff95c9bd6fa3ed148ee2741d279c68	2026-04-26	2026-07-05	verified
DCIM/DSC06454.JPG	DCIM/DSC06454.JPG	9593736	2b83bbd93667631c820c166e62826bc439e803fec042c8fee8c88b2aacd45122	2026-04-26	2026-07-05	verified
DCIM/DSC06455.ARW	DCIM/DSC06455.ARW	30150656	5f696a8205b7f2ab6d28f731501273e7b11bb1304a3f585ae946787d951d0fb1	2026-04-26	2026-07-05	verified
DCIM/DSC06455.JPG	DCIM/DSC06455.JPG	9593548	5014b9f0461ec409c34bcf1c9167d0a3a29cb1a392a20ec76c8e568b3cf9bc6d	2026-04-26	2026-07-05	verified
DCIM/DSC06456.ARW	DCIM/DSC06456.ARW	30138368	d170bd6c70a9e138695ca89e095d08e3ac6e07fb1cadcc814715e2491700bc50	2026-04-26	2026-07-05	verified
DCIM/DSC06456.JPG	DCIM/DSC06456.JPG	9575428	6e493d952d280d7317779d752971535cd6703cc4a48e6d13a544272e43ace949	2026-04-26	2026-07-05	verified
DCIM/DSC06457.ARW	DCIM/DSC06457.ARW	30142464	32ad4df00049ae9650cbaf1569f82305525d355d5a915c05fc1692dda619fabb	2026-04-26	2026-07-05	verified
DCIM/DSC06457.JPG	DCIM/DSC06457.JPG	9591505	8aa4ad6cd879816520bf1752b4c815eca858828bc91332ae0d13c7cb870eb37b	2026-04-26	2026-07-05	verified
DCIM/DSC06458.ARW	DCIM/DSC06458.ARW	30273536	ef6ec10f3e4444837a54d8677d426d002983c290f41bec46493c0fa0632da8cd	2026-04-26	2026-07-05	verified
DCIM/DSC06458.JPG	DCIM/DSC06458.JPG	9680621	fcd52e6c905f6c0d21f4f452971d9fd04a03b025f22b9a2868a5ad5bd4798a9c	2026-04-26	2026-07-05	verified
DCIM/DSC06459.ARW	DCIM/DSC06459.ARW	30265344	bf800263567e24cb74751d0da3b77b6bffdc7ca369c674385d853bb12bfbf7ad	2026-04-26	2026-07-05	verified
DCIM/DSC06459.JPG	DCIM/DSC06459.JPG	9660031	00bc991c5dcf8a65e45a7bb98afddca87c4a6e44955cb4c7e117db5ead66e36f	2026-04-26	2026-07-05	verified
DCIM/DSC06460.ARW	DCIM/DSC06460.ARW	30265344	0b6a6c11ec8a190a0ee9ecb86213bedfb4b0d2fa592bd949c2895064f24e49c2	2026-04-26	2026-07-05	verified
DCIM/DSC06460.JPG	DCIM/DSC06460.JPG	9663531	17abfda917a2a5d3915774434eea49324dc5305d6b32dd1bd555d740d07bfc98	2026-04-26	2026-07-05	verified
DCIM/DSC06461.ARW	DCIM/DSC06461.ARW	30253056	d9a3f344c862eb3c2664a606af61363bf9d649ba9165a933b99099fbf2fa1358	2026-04-26	2026-07-05	verified
DCIM/DSC06461.JPG	DCIM/DSC06461.JPG	9645901	d413ede34f2de74b6aa2557d30d6661c51681a89ec2358bb87dccbdbb0993d6b	2026-04-26	2026-07-05	verified
DCIM/DSC06462.ARW	DCIM/DSC06462.ARW	30253056	8ac4f9b7067c0cf7ee398a9262201edd2223c2abf2f54c0ef2485f3a183f9c10	2026-04-26	2026-07-05	verified
DCIM/DSC06462.JPG	DCIM/DSC06462.JPG	9645289	6845cc64981fde659c61629f56e766a65a22842cf9a038160c24157a78e3f43e	2026-04-26	2026-07-05	verified
DCIM/DSC06463.ARW	DCIM/DSC06463.ARW	30248960	c35afa468cda43bbda5b20aa18bcc4d61af3ac0b7df409cf1f70deaf70a7e705	2026-04-26	2026-07-05	verified
DCIM/DSC06463.JPG	DCIM/DSC06463.JPG	9644356	4626522df5316843101ada2298a2aad2d52d405f0b640e065d015b064a72be16	2026-04-26	2026-07-05	verified
DCIM/DSC06464.ARW	DCIM/DSC06464.ARW	30253056	6be000cbbfae5f0611660b20c5707f87298a62f77aab01312d90ed41f36a383a	2026-04-26	2026-07-05	verified
DCIM/DSC06464.JPG	DCIM/DSC06464.JPG	9648210	a517ec7e2a0508d2a28c3fa52e5de7bea7d7b1c1f67f675442d7ea1e4d83352c	2026-04-26	2026-07-05	verified
DCIM/DSC06465.ARW	DCIM/DSC06465.ARW	30244864	e64ca37b8f406ea8e28bd81bff91415161ed95518f33c79c0c1cb9decb248b1e	2026-04-26	2026-07-05	verified
DCIM/DSC06465.JPG	DCIM/DSC06465.JPG	9634983	4fd7b18d36542edd0b9b35550104c2e4fa4fa6e06013c7c39d84c1b2b8d2023d	2026-04-26	2026-07-05	verified
DCIM/DSC06466.ARW	DCIM/DSC06466.ARW	30216192	8de29e382cd25ddcdf87eefa39f929efa3135c387e2283203002c3699c5c723f	2026-04-26	2026-07-05	verified
DCIM/DSC06466.JPG	DCIM/DSC06466.JPG	9606031	ab04c96323edef35ff2444a80fa20edd0e55796028755b396348dfacd26d6027	2026-04-26	2026-07-05	verified
DCIM/DSC06467.ARW	DCIM/DSC06467.ARW	30220288	2df6afecc2f22bf334726627e3fd30d97b9732222fd3e17ba68000fc280e3f90	2026-04-26	2026-07-05	verified
DCIM/DSC06467.JPG	DCIM/DSC06467.JPG	9604550	84a5fd913ea61aeb959fa26124f0f48a8f23babcade72f7ba4f84c22b9c37079	2026-04-26	2026-07-05	verified
DCIM/DSC06468.ARW	DCIM/DSC06468.ARW	30199808	f18ed78766ed7c8a88238ce2accadc6cf28949e398edaf267b3c9b47c5db4920	2026-04-26	2026-07-05	verified
DCIM/DSC06468.JPG	DCIM/DSC06468.JPG	9599585	942d2acce7fd3200bcad8b44d6be6c5b7be394f15da44139e7a56a638aa2f6d1	2026-04-26	2026-07-05	verified
DCIM/DSC06469.JPG	DCIM/DSC06469.JPG	9625666	63e34cef397dd4f83cecd5382d57b9f143696f5749512220dcf5a97a9a97f4ef	2026-04-26	2026-07-05	verified
DCIM/DSC06470.JPG	DCIM/DSC06470.JPG	9605387	ffc5299d51b88fdd4a7eff25f8b4b9bc556b69ae145c047e4cb62332511e83b4	2026-04-26	2026-07-05	verified
DCIM/DSC06471.ARW	DCIM/DSC06471.ARW	30236672	ef84ec9f48ef4b3ac74724bb7aa18dbe157c3a5e2059f7cb82ada387243dc085	2026-04-26	2026-07-05	verified
DCIM/DSC06471.JPG	DCIM/DSC06471.JPG	9626122	9e39f18710383694fd8a4ee00d161278823952454a133d2e320e6736d3f15cab	2026-04-26	2026-07-05	verified
DCIM/DSC06472.ARW	DCIM/DSC06472.ARW	30240768	ed870e6c94b2dcd8f53e9aed260bac4f172f3c86c69a943df9cccf788fc7e78d	2026-04-26	2026-07-05	verified
DCIM/DSC06472.JPG	DCIM/DSC06472.JPG	9648765	0ce02855eca96c12b0b691c404e86fa155547bf8d607a7efb13d1d8a4f0ee4a0	2026-04-26	2026-07-05	verified
DCIM/DSC06473.ARW	DCIM/DSC06473.ARW	30236672	a5cd591228c79fdd98c55f5c0be9454aaad15f35ddd32bc24b0ac2b76dca2e67	2026-04-26	2026-07-05	verified
DCIM/DSC06473.JPG	DCIM/DSC06473.JPG	9630870	f8f446c10571e1197efb93516f00f10f262e83de123247343e5c5d5bb19799ae	2026-04-26	2026-07-05	verified
DCIM/DSC06474.ARW	DCIM/DSC06474.ARW	30220288	b57f73b70771bed77065a1844064ae5423fdc81d64ed4483eb01daccd1876819	2026-04-26	2026-07-05	verified
DCIM/DSC06474.JPG	DCIM/DSC06474.JPG	9632644	3ec04c73a3eef5b6068e89d5abb9d664a95796755a626bfad29762d05c6a4c0d	2026-04-26	2026-07-05	verified
DCIM/DSC06475.ARW	DCIM/DSC06475.ARW	30224384	b92c1b86669fbcf231f74f557c85cb5ea4667ac3460e663f0e1f171557d3ebd1	2026-04-26	2026-07-05	verified
DCIM/DSC06475.JPG	DCIM/DSC06475.JPG	9644898	8eec9301f3c5ead7095fff5bc8fa7f4cced3c118b15d721964cd9941e233ba6e	2026-04-26	2026-07-05	verified
DCIM/DSC06476.ARW	DCIM/DSC06476.ARW	30265344	5002e126771d63369c0a10b7a42e8715d3d073f6e2b9f0375f88cf4761ba0b72	2026-04-26	2026-07-05	verified
DCIM/DSC06476.JPG	DCIM/DSC06476.JPG	9660738	732f9e49c8534b50766ee2f11e1871226fa663c30cb221122eb258bb91b67c5a	2026-04-26	2026-07-05	verified
DCIM/DSC06477.ARW	DCIM/DSC06477.ARW	30277632	68c181248f331cd49358eaae689f77484abbf20b3cae88840e1ce9998fb7dd08	2026-04-26	2026-07-05	verified
DCIM/DSC06477.JPG	DCIM/DSC06477.JPG	9672522	844923f8469bbb0bc582e12ec3b1039f0869a67169fc413ce796827be217f456	2026-04-26	2026-07-05	verified
DCIM/DSC06478.ARW	DCIM/DSC06478.ARW	30216192	e1f495d3d680fd01cc79c1649df15e85080a379558013c02c6d27b99d9f480c7	2026-04-26	2026-07-05	verified
DCIM/DSC06478.JPG	DCIM/DSC06478.JPG	9650104	85328b49ee01f9ed75dfe31f7d152b8c82764ad5a05ca58036fa7054811ceaef	2026-04-26	2026-07-05	verified
DCIM/DSC06479.ARW	DCIM/DSC06479.ARW	30224384	85e1e604f769bd03524e7a0ce7878861f00ea1e5d55e0282b53c15469f19cc96	2026-04-26	2026-07-05	verified
DCIM/DSC06479.JPG	DCIM/DSC06479.JPG	9635108	dc9adef6128bb1e344c789a23cee44b1e161ac558c5f280e88577ebc7b943dde	2026-04-26	2026-07-05	verified
DCIM/DSC06480.ARW	DCIM/DSC06480.ARW	30216192	8f38621e6ce9759c1eb9ea1fdbc8af4d1ed217da622207e92d63bf6985c44e6d	2026-04-26	2026-07-05	verified
DCIM/DSC06480.JPG	DCIM/DSC06480.JPG	9601186	5929fd7aaae35132457c0b4fc1fefd4ea769e42f77cd401397c9fe5403b22e7e	2026-04-26	2026-07-05	verified
DCIM/DSC06481.ARW	DCIM/DSC06481.ARW	30240768	25cb3fb2147ae93ccf20e05425f475f6ad66ab868a3bc9d30d1ea856ff57c254	2026-04-26	2026-07-05	verified
DCIM/DSC06481.JPG	DCIM/DSC06481.JPG	9609580	b4ba73ad367701370cca0537f622b4a05a40fc8f80d57a7139163a890256f070	2026-04-26	2026-07-05	verified
DCIM/DSC06482.ARW	DCIM/DSC06482.ARW	30261248	0c4308ebd38bd885396d8b42b60754d8acacbe54edd67719b9608a02637616d0	2026-04-26	2026-07-05	verified
DCIM/DSC06482.JPG	DCIM/DSC06482.JPG	9648348	7b72c8c5affec491ccf7da9686ea19473c055958d38c13dd84d117ab0d0a8a69	2026-04-26	2026-07-05	verified
DCIM/DSC06483.ARW	DCIM/DSC06483.ARW	30232576	eaa567de5ea6996dc995e79e18a6aea28032d3a7471b63d14b0a17f36e97ff63	2026-04-26	2026-07-05	verified
DCIM/DSC06483.JPG	DCIM/DSC06483.JPG	9650531	9cc9372f3e72f671189e6679a8d098c541ac7e1814dd521c8ef1cf9a5bef1ae4	2026-04-26	2026-07-05	verified
DCIM/DSC06484.ARW	DCIM/DSC06484.ARW	30228480	44b31618c56664975f386f508e612bfdf7f14a25875ff7a4f92e1a6584e20403	2026-04-26	2026-07-05	verified
DCIM/DSC06484.JPG	DCIM/DSC06484.JPG	9664763	880ceb8a394cf1c2b5d05317ca54587df4a3d0ec091a2c0950bc060e331a72c6	2026-04-26	2026-07-05	verified
DCIM/DSC06485.ARW	DCIM/DSC06485.ARW	30232576	964c09bff7da870ae29a883b0be4f4040e4cbbc361f4942826b9a42ca2ccc976	2026-04-26	2026-07-05	verified
DCIM/DSC06485.JPG	DCIM/DSC06485.JPG	9648099	cb2b81ba18a44641bf8c05da4b7135804002058ba0c26b24732ef5ac961453bd	2026-04-26	2026-07-05	verified
DCIM/DSC06486.ARW	DCIM/DSC06486.ARW	30281728	e990983e018dd4c028343eafdf5ece653468fbbcf42537e4da4c5399b54c9ab5	2026-04-26	2026-07-05	verified
DCIM/DSC06486.JPG	DCIM/DSC06486.JPG	9682229	0508c935e1aa863f0161bf1db0cc78f19ba71af6634e71c40b6a5429d5449b27	2026-04-26	2026-07-05	verified
DCIM/DSC06487.ARW	DCIM/DSC06487.ARW	30265344	2b5ce3ed69c55d53c26e0b8d7da4bded7bd93c775445774ee426d2aaba08f33c	2026-04-26	2026-07-05	verified
DCIM/DSC06487.JPG	DCIM/DSC06487.JPG	9654905	c67934dfb60b19a922be9958bff4e4111ffa073bd11643514a09be964f24f5de	2026-04-26	2026-07-05	verified
DCIM/DSC06488.ARW	DCIM/DSC06488.ARW	30240768	bb1f37fd4b641588644a5742a71feba1de99fe9193eedac145247157d9a883c8	2026-04-26	2026-07-05	verified
DCIM/DSC06488.JPG	DCIM/DSC06488.JPG	9662316	e5249872015615356dfaec891dfa9ba135cb729396c69a7c5d9c8e4f195c87af	2026-04-26	2026-07-05	verified
DCIM/DSC06489.ARW	DCIM/DSC06489.ARW	30232576	b3e6a50aec0dcbd8033985632d9e14adb841db327e9a86ac1577f633cabc8f92	2026-04-26	2026-07-05	verified
DCIM/DSC06489.JPG	DCIM/DSC06489.JPG	9673995	466becb28d78c2a29cc8f72c0e2799775f2446b6a10017f7aaa98d7edd04349f	2026-04-26	2026-07-05	verified
DCIM/DSC06490.ARW	DCIM/DSC06490.ARW	30228480	0b65ebcd4a5f473dddd6ec6cf818b67a2286a03deab032296b26bffd9d7ca94c	2026-04-26	2026-07-05	verified
DCIM/DSC06490.JPG	DCIM/DSC06490.JPG	9640218	32bf876ce2d31e4e2ce775be1d63ef16085e070f65e165cbf2422568c73bb6f6	2026-04-26	2026-07-05	verified
DCIM/DSC06491.ARW	DCIM/DSC06491.ARW	30273536	854957635f503f786f466d92f3029142e354fd5b3d2d14b4ae5a0853fb60b88d	2026-04-26	2026-07-05	verified
DCIM/DSC06491.JPG	DCIM/DSC06491.JPG	9660772	61955d64119109438621d3c99d491aa6cce54ae36fe8636b0993f7e85d3c7061	2026-04-26	2026-07-05	verified
DCIM/DSC06492.ARW	DCIM/DSC06492.ARW	30269440	692223f0fe7aa2a433ed2cef86ba092e781b59a12cb546ea4a80fa18b5703a6f	2026-04-26	2026-07-05	verified
DCIM/DSC06492.JPG	DCIM/DSC06492.JPG	9656832	d810d40e5d75eec4654bf8f574c64a806694edd22b8a81242ef13ca098beed13	2026-04-26	2026-07-05	verified
DCIM/DSC06493.ARW	DCIM/DSC06493.ARW	30240768	796d7e105a70ed5e2aee56c1828e5d732531d2367d8e875cebc0f32eb71a6d2b	2026-04-26	2026-07-05	verified
DCIM/DSC06493.JPG	DCIM/DSC06493.JPG	9647957	763d135432c7e506021a16a72cb40177035568b6027892fdfd7c3f6d98e2f4d9	2026-04-26	2026-07-05	verified
DCIM/DSC06494.ARW	DCIM/DSC06494.ARW	30228480	001e65890ce4bcea127090190a5992b7c75c28474824d1906655de96bb67a505	2026-04-26	2026-07-05	verified
DCIM/DSC06494.JPG	DCIM/DSC06494.JPG	9661329	62aa737c68d45f9777e011cf39abaf00d9ee31552cac7da13176628748e7bfed	2026-04-26	2026-07-05	verified
DCIM/DSC06495.ARW	DCIM/DSC06495.ARW	30269440	d11676af01cfa44d3b0573e542edb4b98e5b1095ea8184725175d90ad3df4731	2026-04-26	2026-07-05	verified
DCIM/DSC06495.JPG	DCIM/DSC06495.JPG	9687693	54ff3c21acd8383d6e208349194febec745c0613360020f7cf024b68fc5c3c22	2026-04-26	2026-07-05	verified
DCIM/DSC06496.ARW	DCIM/DSC06496.ARW	30236672	039a96c5438133dce24106a0e24965fd4cab44815e067963cb40c0a695b597a3	2026-04-26	2026-07-05	verified
DCIM/DSC06496.JPG	DCIM/DSC06496.JPG	9645185	a7fb33f6b22332bf0e4b3989cd1656e02fac682b90778e674a81bbe6c6e8bb2f	2026-04-26	2026-07-05	verified
DCIM/DSC06497.ARW	DCIM/DSC06497.ARW	30167040	1a4a3e901cf3be4ab6e51baa837a3fcb3590a582be42bb2714d7d78ef9857177	2026-04-26	2026-07-05	verified
DCIM/DSC06497.JPG	DCIM/DSC06497.JPG	9600310	23d3647646ce80e5454523727b1657a82a715aeb24383724fa3c5b55cbeba55b	2026-04-26	2026-07-05	verified
DCIM/DSC06498.ARW	DCIM/DSC06498.ARW	30167040	c3863d8c21977210f795ad2f9ab36eaf1944b14eeb5f6e765a9ddc7c865e89f4	2026-04-26	2026-07-05	verified
DCIM/DSC06498.JPG	DCIM/DSC06498.JPG	9596972	ac401cb6b968e62975a990d3cd28a58467488758e7ae88ca744e9cae3489e141	2026-04-26	2026-07-05	verified
DCIM/DSC06499.ARW	DCIM/DSC06499.ARW	30273536	b53ae4d6dd6f0c906148cab35b911192552bb7246a882bf2dde5ebb3180f5d9c	2026-04-26	2026-07-05	verified
DCIM/DSC06499.JPG	DCIM/DSC06499.JPG	9705505	584cb607b2bc23f078f504b4b242ce483ac0362092858a3fe1c6e925c39c0b96	2026-04-26	2026-07-05	verified
DCIM/DSC06500.ARW	DCIM/DSC06500.ARW	30273536	3ae2c1015e926ee07a3e83f5a1e480d75bc922b03be65f0d495123884e4dafb1	2026-04-26	2026-07-05	verified
DCIM/DSC06500.JPG	DCIM/DSC06500.JPG	9696995	fa75d8f9c1756c18d6bad09cdd5a6e6aba4d2f43c3585cecdf205ff6aaf0b1bc	2026-04-26	2026-07-05	verified
DCIM/DSC06501.ARW	DCIM/DSC06501.ARW	30269440	37e425c178d0478f9980b631ed64d69d34c6ba4ecbe5a74566ff283353f92d4b	2026-04-26	2026-07-05	verified
DCIM/DSC06501.JPG	DCIM/DSC06501.JPG	9699221	1838561b8d62b0fa5638aab79fa297ed9466f022766de592f64a8f4e224fa39f	2026-04-26	2026-07-05	verified
DCIM/DSC06502.ARW	DCIM/DSC06502.ARW	30306304	5ede5ac85e26531be4112d01608e371dfbc49585a33f67dde6334d6df456b899	2026-04-26	2026-07-05	verified
DCIM/DSC06502.JPG	DCIM/DSC06502.JPG	9680520	4a97ceac5b8e887187e4b12e7f1155afc2a5e57ce846be76662c1cb4aa984759	2026-04-26	2026-07-05	verified
DCIM/DSC06503.ARW	DCIM/DSC06503.ARW	30310400	01e5e8d3c9c6c7f80a0f9112fb7f334a2b4b06b66e7c1cb99ae2b52b46dd2559	2026-04-26	2026-07-05	verified
DCIM/DSC06503.JPG	DCIM/DSC06503.JPG	9699816	527de58a74e7f0db022878e862d1614d564d9cb5bb1ecf89ad5af57414b0ed3d	2026-04-26	2026-07-05	verified
DCIM/DSC06504.ARW	DCIM/DSC06504.ARW	30240768	31ee6c7ef3b93053ec7ce7cf54aae78bce99a7f048aa3c144d1a3f3133722169	2026-04-26	2026-07-05	verified
DCIM/DSC06504.JPG	DCIM/DSC06504.JPG	9659955	076b817467b900528204d2cc33cee2e4aedc025c3f29dcf5fb0c7495073fc166	2026-04-26	2026-07-05	verified
DCIM/DSC06505.ARW	DCIM/DSC06505.ARW	30244864	b9529d2398116ac4d86102241cd4e7138cb0126cf24a92dc3cf27ec938b788df	2026-04-26	2026-07-05	verified
DCIM/DSC06505.JPG	DCIM/DSC06505.JPG	9653107	e252cce9a8decbe0f080726dbc43d19abc332ed18d45d13d4459e28d9ff7e5ab	2026-04-26	2026-07-05	verified
DCIM/DSC06506.ARW	DCIM/DSC06506.ARW	30248960	a1a2f2e7bda7606bd7ed4b93ffc06b33bfa5e30b449f8f1b80881ace77ef0643	2026-04-26	2026-07-05	verified
DCIM/DSC06506.JPG	DCIM/DSC06506.JPG	9664882	74d11ffd4afce2de40f3432cbcd2884f26b59eb09f608dc8b71b569bb2f4f19c	2026-04-26	2026-07-05	verified
DCIM/DSC06507.ARW	DCIM/DSC06507.ARW	30208000	d2d9f39f4d696a3e7c1621933ca670ca571ad125607b4ce5a1db8eb602eb4454	2026-04-26	2026-07-05	verified
DCIM/DSC06507.JPG	DCIM/DSC06507.JPG	9665943	dcc5fa50408840e3fd9bfadb960d32206d41ad3c92dc95e1b53a04ff9a9106e5	2026-04-26	2026-07-05	verified
DCIM/DSC06508.ARW	DCIM/DSC06508.ARW	30314496	1f78be384484a17e067d417f9ffcd9abcb6f1f9d5d925079e46e935eec32c822	2026-04-26	2026-07-05	verified
DCIM/DSC06508.JPG	DCIM/DSC06508.JPG	9713908	fa893cde5a522ce492469607b67387b1edb22f0f1384b280bbe23b62ce7b1175	2026-04-26	2026-07-05	verified
DCIM/DSC06509.ARW	DCIM/DSC06509.ARW	30130176	631810dd9d27feb538836ced8e801934786b9a26d5f1d099d5567ca0a3c91b10	2026-04-26	2026-07-05	verified
DCIM/DSC06509.JPG	DCIM/DSC06509.JPG	9504619	4490d516faa0373f7d869b8360e054bb6329056b9f68e4008600084ebd326cdc	2026-04-26	2026-07-05	verified
DCIM/DSC06510.ARW	DCIM/DSC06510.ARW	30101504	2f545e0b5496c1229981c8696e6ad18563afa214483a4ce9815b6f8926b617ad	2026-04-26	2026-07-05	verified
DCIM/DSC06510.JPG	DCIM/DSC06510.JPG	9554686	9b349cc7785c33033b9a5f5e3a9f0edde78f4571a71155a9068301ef7621373a	2026-04-26	2026-07-05	verified
DCIM/DSC06511.ARW	DCIM/DSC06511.ARW	30126080	d5c784b56ac00de13782840fce1c9db7d85cb6b64a94b4ba4b93d1fbe1a4bb4c	2026-04-26	2026-07-05	verified
DCIM/DSC06511.JPG	DCIM/DSC06511.JPG	9577133	be22ec7d68d58805dc1c4adeb4e7a590102e8b9b7a2bf50d4b74ebfcf0116a41	2026-04-26	2026-07-05	verified
DCIM/DSC06512.ARW	DCIM/DSC06512.ARW	30105600	dcf3b9db74456472056c7be4d2872fdd2586eec08c5e2e333bb11e93a4206c25	2026-04-26	2026-07-05	verified
DCIM/DSC06512.JPG	DCIM/DSC06512.JPG	9410171	34dbf79324364bd34ed7d6e56f73387e56359e964768ca511bb327187e0fb361	2026-04-26	2026-07-05	verified
DCIM/DSC06513.ARW	DCIM/DSC06513.ARW	30109696	f7fc979a1a8ca8715b2b5f9746f85430eac4e5045a61d7d9dbbb5c6c7c85f027	2026-04-26	2026-07-05	verified
DCIM/DSC06513.JPG	DCIM/DSC06513.JPG	9421096	c422918dd756e0ce842deb8087d2b5900d5fd9e50fa49223038018eff5673e92	2026-04-26	2026-07-05	verified
DCIM/DSC06514.ARW	DCIM/DSC06514.ARW	30154752	91d9fa8898945d7c9b2253b6b2f0fc0fe96c53a7fe92caedeadc5ce830d06a8b	2026-04-26	2026-07-05	verified
DCIM/DSC06514.JPG	DCIM/DSC06514.JPG	9506826	c54da3f67751120706decc1c2800770c152942048d1da133abae2b681608c226	2026-04-26	2026-07-05	verified
DCIM/DSC06515.ARW	DCIM/DSC06515.ARW	30101504	771fb3bbcf67521649a3484c5ebf360becfc3343bc649c5f01c192055a903bc8	2026-04-26	2026-07-05	verified
DCIM/DSC06515.JPG	DCIM/DSC06515.JPG	9553478	95aba1c941121358dc7de7f4e8e16a3e4123ef96d1a4a08d4d92bab27d1dd854	2026-04-26	2026-07-05	verified
DCIM/DSC06516.ARW	DCIM/DSC06516.ARW	30113792	53afdce6e17eeede8d1d52237bab0d248ef82cd48d771899c1bdeb92ef2f7df9	2026-04-26	2026-07-05	verified
DCIM/DSC06516.JPG	DCIM/DSC06516.JPG	9575043	bbe5a80a00b692df4a16d34423ca7498205435fb41f0514620485fdc04d5d0a9	2026-04-26	2026-07-05	verified
DCIM/DSC06517.ARW	DCIM/DSC06517.ARW	30138368	ffaf0e56d49ff102b1cf3ab030feb298413c29ecf74113f78df5a54b1b858898	2026-04-26	2026-07-05	verified
DCIM/DSC06517.JPG	DCIM/DSC06517.JPG	9495490	1b9959ff07026c32f63a80f5e8ff7081d5049e3f209366b56623fc4239cc1877	2026-04-26	2026-07-05	verified
DCIM/DSC06518.ARW	DCIM/DSC06518.ARW	30334976	588f0b17251c0df4a3337f6a8744c5f66cd4ed09d0224d2e5d3224a560649bd3	2026-04-26	2026-07-05	verified
DCIM/DSC06518.JPG	DCIM/DSC06518.JPG	9867142	171a339d31eddf417e5389ea071d9cbad68b69290ac019acf28738843b7d99b6	2026-04-26	2026-07-05	verified
DCIM/DSC06519.ARW	DCIM/DSC06519.ARW	30232576	8f69111e70e6ffff9ae9b69deb1bd3b9fa506843effc85cb047a7b27ff3fa273	2026-04-26	2026-07-05	verified
DCIM/DSC06519.JPG	DCIM/DSC06519.JPG	9787134	5563543e06f1b4c242484a0212b9140f4d3f37021d625a5568bad667e824ea0c	2026-04-26	2026-07-05	verified
DCIM/DSC06520.ARW	DCIM/DSC06520.ARW	30093312	cf2318a792d5a697427bf02d93384006e328d252b3b6d12e2052086df7b44e00	2026-04-26	2026-07-05	verified
DCIM/DSC06520.JPG	DCIM/DSC06520.JPG	9597881	4d26cc681bd909c9567f2f4a82f634ecf526966e6045ae15255962816fa1b7b1	2026-04-26	2026-07-05	verified
DCIM/DSC06521.ARW	DCIM/DSC06521.ARW	30142464	027645cedf74e9a40b8cbb91c882c043db7af5caf98f4ce1f8fe58a07107dfe3	2026-04-26	2026-07-05	verified
DCIM/DSC06521.JPG	DCIM/DSC06521.JPG	9564993	ad1dad06304c9693f29db923efbe9a736cd0619e4c2f0390bb8fef994efc9a0c	2026-04-26	2026-07-05	verified
DCIM/DSC06522.ARW	DCIM/DSC06522.ARW	30150656	0c3ff6251cb6e524f4b3cc813cde732db2737ca657e5f39d08e76eb9db15b152	2026-04-26	2026-07-05	verified
DCIM/DSC06522.JPG	DCIM/DSC06522.JPG	9517913	16c3538dafabc43f1761a32a642a3325b93910261cfdf3e6406f87b77a050ea0	2026-04-26	2026-07-05	verified
DCIM/DSC06523.ARW	DCIM/DSC06523.ARW	30212096	92882fd4e6fa3012fe712dd9fee4a607b3c067708280f8fba85f7d0b03e0d853	2026-04-26	2026-07-05	verified
DCIM/DSC06523.JPG	DCIM/DSC06523.JPG	9594555	8bcaa4f8fa23c015d72734a858027554f2cb46e9df67668e5268671c6a645f90	2026-04-26	2026-07-05	verified
DCIM/DSC06524.ARW	DCIM/DSC06524.ARW	30093312	4320c7ea27511c73db34013da1d91e1cdf4268711135e66e1c85b2a78121fe4e	2026-04-26	2026-07-05	verified
DCIM/DSC06524.JPG	DCIM/DSC06524.JPG	9603916	81cc57b043ae030496a7d229ffe003d177cd35d1093fff4814671af3dc4cd484	2026-04-26	2026-07-05	verified
DCIM/DSC06525.ARW	DCIM/DSC06525.ARW	30052352	17abab3000e00b96669e9660a6503baacab1d2decbc406b4d46186feb6feb7dc	2026-04-26	2026-07-05	verified
DCIM/DSC06525.JPG	DCIM/DSC06525.JPG	9568527	16ea8d6600a1c07e0a802d0fd15c802bdb59ab790fe765535a9891bc66b16f92	2026-04-26	2026-07-05	verified
DCIM/DSC06526.ARW	DCIM/DSC06526.ARW	30113792	f2230a6c523bb6b649ee1292c298a5ae55926c1ec46718f2dc8dae5efd45fc7d	2026-04-26	2026-07-05	verified
DCIM/DSC06526.JPG	DCIM/DSC06526.JPG	9605761	6ebf4446c754970f5cce5654d973363d3f83bcee96c8866a6782cd8526aae88e	2026-04-26	2026-07-05	verified
DCIM/DSC06527.ARW	DCIM/DSC06527.ARW	30220288	bb9d0bedf6413dca651ea917db6c52566a8d1e7151316c4b1d000a0231759ae4	2026-04-26	2026-07-05	verified
DCIM/DSC06527.JPG	DCIM/DSC06527.JPG	9602989	935b3ba1b1ff915e6d9774ea1cb2979db2e3cfc65ff232469842dc5eb0053501	2026-04-26	2026-07-05	verified
DCIM/DSC06528.ARW	DCIM/DSC06528.ARW	30191616	d104f9cc9636985f6d996ec718b05c2f396e76be7d42f875bc5169d37fc21f43	2026-04-26	2026-07-05	verified
DCIM/DSC06528.JPG	DCIM/DSC06528.JPG	9595052	9f0e9c3b3d2e060b407c58e0705928d71fba69f324340509cee2274fe9a43981	2026-04-26	2026-07-05	verified
DCIM/DSC06529.ARW	DCIM/DSC06529.ARW	30085120	5c8ad78197f0e2a51c967c60ba6650b5c3e0bceb9e6db19bcc3b043d00a9cf18	2026-04-26	2026-07-05	verified
DCIM/DSC06529.JPG	DCIM/DSC06529.JPG	9590006	b9cc48c3599495f4b5653dafd5ea9db017b36a5fcee5ecb2e37beba1424fb8cb	2026-04-26	2026-07-05	verified
DCIM/DSC06530.ARW	DCIM/DSC06530.ARW	30167040	e5d1eafafefe8dd46380e5d5a98685e4e9eac5ada25b011b085d8be2b6f7daa5	2026-04-26	2026-07-05	verified
DCIM/DSC06530.JPG	DCIM/DSC06530.JPG	9692141	e5316daa86cc0bfdf77d185152f6302ec890b8ed9eed3020d23cfa620b592182	2026-04-26	2026-07-05	verified
DCIM/DSC06531.ARW	DCIM/DSC06531.ARW	30261248	6365c0f07e56074f9e41bbe372233f9510816f0e4b0a9406fe19d6c46da07095	2026-04-26	2026-07-05	verified
DCIM/DSC06531.JPG	DCIM/DSC06531.JPG	9742302	be7e08227fe16889da77682d9c8c59f07530903ffd3576eaded92bcf7907bf11	2026-04-26	2026-07-05	verified
DCIM/DSC06532.ARW	DCIM/DSC06532.ARW	30248960	b9f336f9dba62cdba0215e8a1892360b18d9fbe7768c04a86931ba8c98781cc2	2026-04-26	2026-07-05	verified
DCIM/DSC06532.JPG	DCIM/DSC06532.JPG	9658161	937b9f6f2eeb56c66f34e34a9bc92ab76375b7d5afa32828ff8eb708a5cd641f	2026-04-26	2026-07-05	verified
DCIM/DSC06533.ARW	DCIM/DSC06533.ARW	30326784	251f117772c5725b3363bde972d0c52afc278268ceae04023344760467d7dba4	2026-04-26	2026-07-05	verified
DCIM/DSC06533.JPG	DCIM/DSC06533.JPG	9789766	69ac0006737a3c5a88e1c14e2a10887a190a63716fb0e0082633a1e2bb7d16b6	2026-04-26	2026-07-05	verified
DCIM/DSC06534.ARW	DCIM/DSC06534.ARW	30224384	47a7f3b7a9795fbec9d0e3a879092ac7bb72342c66abd3b08f05427aa19db72e	2026-04-26	2026-07-05	verified
DCIM/DSC06534.JPG	DCIM/DSC06534.JPG	9781622	e5c0f6761f541b297e892b019b07dd15cacfa109e039e427cdc55135acf45470	2026-04-26	2026-07-05	verified
DCIM/DSC06535.ARW	DCIM/DSC06535.ARW	30261248	b56861edb23ddfc30219c1e050c9326de7e30bc37ac5b6e308171b0a3427ad36	2026-04-26	2026-07-05	verified
DCIM/DSC06535.JPG	DCIM/DSC06535.JPG	9849493	fc33475433fe3f634030295b47238307cac5d93dfe64229825c0133d839f1876	2026-04-26	2026-07-05	verified
DCIM/DSC06536.ARW	DCIM/DSC06536.ARW	30310400	6adb36b4f84280f1950524f0b5144aa30bebd2bebc3bfb0a9cfd02adc313af94	2026-04-26	2026-07-05	verified
DCIM/DSC06536.JPG	DCIM/DSC06536.JPG	9886984	f4db1277ca5643a0a3fa8fdeaa88e5154d92ccb03eebc02096c544aa06957328	2026-04-26	2026-07-05	verified
DCIM/DSC06537.ARW	DCIM/DSC06537.ARW	30343168	a9c4cb3631c9db15ec3d9820c0092203b90e0820a1c61855e9bde6c04618d691	2026-04-26	2026-07-05	verified
DCIM/DSC06537.JPG	DCIM/DSC06537.JPG	9892580	de52e60dce2c8982ed6a58a9730be2c36ca936f8928dec69d057d8ca07cba60e	2026-04-26	2026-07-05	verified
DCIM/DSC06538.ARW	DCIM/DSC06538.ARW	30261248	ca4ab0e09d66ff3a23595788f95bd42e8bbc198eef05137e198b883b494f2de0	2026-04-26	2026-07-05	verified
DCIM/DSC06538.JPG	DCIM/DSC06538.JPG	9718990	3f4ac16b467b0dddb25c4192749ca1f3a5924b0fbd9a0371603fa6036afe2f92	2026-04-26	2026-07-05	verified
DCIM/DSC06539.ARW	DCIM/DSC06539.ARW	30130176	8487f63f04eb24c960a93647ae69d5bf9268649f66128a0c96de9e16a11cc2e1	2026-04-26	2026-07-05	verified
DCIM/DSC06539.JPG	DCIM/DSC06539.JPG	9676341	90c76e129c0e657af0bf79201584d1c795c0932991da7c60f50cda60b35af134	2026-04-26	2026-07-05	verified
DCIM/DSC06540.ARW	DCIM/DSC06540.ARW	30162944	f871b3301117a1b5918db6f9ccb4a165cadb8225406cd7a7dd9d5eba285c3e61	2026-04-26	2026-07-05	verified
DCIM/DSC06540.JPG	DCIM/DSC06540.JPG	9694966	13d49c7c5fa141b49bbad222ce0a04b630885ffd101609af71af400a2d9c518c	2026-04-26	2026-07-05	verified
DCIM/DSC06541.ARW	DCIM/DSC06541.ARW	30117888	65f634f829195dd90abaab8e9070b73bfdd512894e6185129f025c414f23f393	2026-04-26	2026-07-05	verified
DCIM/DSC06541.JPG	DCIM/DSC06541.JPG	9470205	9bd372f6fdb29678e0c718ee58ad090b86c616159ab1ca3c0496bbcf62b52c78	2026-04-26	2026-07-05	verified
DCIM/DSC06542.ARW	DCIM/DSC06542.ARW	30228480	044f60193fb02016279cc48bde91b1c817814dd100c60212ae59baf7e805af48	2026-04-26	2026-07-05	verified
DCIM/DSC06542.JPG	DCIM/DSC06542.JPG	9863319	37c5bb6b98103e42499f7cd41e82349dd86e23aa7e3a4c13bbed6ea3ff486dfd	2026-04-26	2026-07-05	verified
DCIM/DSC06543.ARW	DCIM/DSC06543.ARW	30146560	2f70459718675dc011bca3de9b7894f32884bdaffab236bb8a060e0d2dfa31f6	2026-04-26	2026-07-05	verified
DCIM/DSC06543.JPG	DCIM/DSC06543.JPG	9648685	8cb2f002df090efb11e80d7eaa12a184b3e7e2b19ac391a6032689410e431961	2026-04-26	2026-07-05	verified
DCIM/DSC06544.ARW	DCIM/DSC06544.ARW	30167040	8e90ee177962b0b7535d777433f60528d7788d32a7c9ba0697897354bc2257b5	2026-04-26	2026-07-05	verified
DCIM/DSC06544.JPG	DCIM/DSC06544.JPG	9722180	046d987484326661ea394ee48736b98a310b829de71ae86fb1b8199e8f9cab19	2026-04-26	2026-07-05	verified
DCIM/DSC06545.ARW	DCIM/DSC06545.ARW	30158848	f809e8173bde18c8590780b2b7011b0fb1bf905532aaec21a5197a7013e28b7f	2026-04-26	2026-07-05	verified
DCIM/DSC06545.JPG	DCIM/DSC06545.JPG	9709169	c9246a2e8fb0d7f4b00a6e89637376fbe55aaecb4c410dfc356a9f7cabc56054	2026-04-26	2026-07-05	verified
DCIM/DSC06546.ARW	DCIM/DSC06546.ARW	30142464	45ec47fca9d669b536d6c05ad7566d6416fcd109d0f054198cd539038dc1d4e5	2026-04-26	2026-07-05	verified
DCIM/DSC06546.JPG	DCIM/DSC06546.JPG	9667557	dfde1f1d7f32d8b23469563668df0cfd932bfce827f926b72b7a52061885ff82	2026-04-26	2026-07-05	verified
DCIM/DSC06547.ARW	DCIM/DSC06547.ARW	30138368	0cb531d425aaca4f12f53713e2c34438167e6b463ee434511f157ca0d94e0e20	2026-04-26	2026-07-05	verified
DCIM/DSC06547.JPG	DCIM/DSC06547.JPG	9605843	f184e761ecad9ffcf42210ee70308a4e6747c52fa66ae0791e944c384e26a07b	2026-04-26	2026-07-05	verified
DCIM/DSC06548.ARW	DCIM/DSC06548.ARW	30216192	b2d63b55a33d5cf91b8c7f8ae6e32123464a4d3ca38d745f9d8cfc814f980de4	2026-04-26	2026-07-05	verified
DCIM/DSC06548.JPG	DCIM/DSC06548.JPG	9728501	115a943a297327767dec0a1d587be858fe1b51e5552ad915968d452cbe102bcf	2026-04-26	2026-07-05	verified
DCIM/DSC06549.ARW	DCIM/DSC06549.ARW	30154752	3c4f4feacc745cb7c495083d500c15fe9a3af77c468b14e69703f5b6ad5ce67b	2026-04-26	2026-07-05	verified
DCIM/DSC06549.JPG	DCIM/DSC06549.JPG	9672617	156eda776cf9c0697f7b3860f0c8a09715c5fe509b2bcb10cf4710387f8b20bb	2026-04-26	2026-07-05	verified
DCIM/DSC06550.ARW	DCIM/DSC06550.ARW	30150656	5d9e5b8e361a284301fc4c1146f83e8b9a0d5774f2c66b37947eb4b8f73c4ca0	2026-04-26	2026-07-05	verified
DCIM/DSC06550.JPG	DCIM/DSC06550.JPG	9729487	69968a9abb6ca3c8e6ff91a3a46ac1382c9a810f0942c24cdcfba7e7860d3d91	2026-04-26	2026-07-05	verified
DCIM/DSC06551.ARW	DCIM/DSC06551.ARW	30179328	b2e4faef8d12a24ea0e9dab42768084f2f910d84ef3c573b08d5efe8fdecaa5a	2026-04-26	2026-07-05	verified
DCIM/DSC06551.JPG	DCIM/DSC06551.JPG	9804289	4d51e0d0bfc5bbaf0873c56b136cc026d980b698628594b28d9eea02ce6c38e7	2026-04-26	2026-07-05	verified
DCIM/DSC06552.ARW	DCIM/DSC06552.ARW	30187520	ebea6ecc191f5ccf461b7e99459471caf3fdc8a83d5a29cdba6cec4b0c434a4b	2026-04-26	2026-07-05	verified
DCIM/DSC06552.JPG	DCIM/DSC06552.JPG	9825390	fffb5c3cced26e467e9b9bc73a42b1aad875c9ba6d3e6a2d2c1370f9fab06fc4	2026-04-26	2026-07-05	verified
DCIM/DSC06553.ARW	DCIM/DSC06553.ARW	30208000	b5710ddffc45a57ca44a6e81f625bfbc99c3f76f7b72ba52ff0db08c50a3be3d	2026-04-26	2026-07-05	verified
DCIM/DSC06553.JPG	DCIM/DSC06553.JPG	9865768	f9ded3d8c0805012edbc77de3d573a8a50984c430587c6c241c2e620a735aeee	2026-04-26	2026-07-05	verified
DCIM/DSC06554.ARW	DCIM/DSC06554.ARW	30203904	ee130f3503aba37ec81e03a838d208fdc3f79c23ec9459593e95cf779cb2aa6f	2026-04-26	2026-07-05	verified
DCIM/DSC06554.JPG	DCIM/DSC06554.JPG	9767619	bd0e67f8617ef85cdff0576821caf24ebd7aa9c52e9a522539256edb4c68c6f9	2026-04-26	2026-07-05	verified
DCIM/DSC06555.ARW	DCIM/DSC06555.ARW	30195712	b7a5ea6ab87ca9b964f714adbca3d9f42181d44b06d2884b0973c9d88a49b5c7	2026-04-26	2026-07-05	verified
DCIM/DSC06555.JPG	DCIM/DSC06555.JPG	9768821	a20dc7c3dd01066239d86b0ca0eb109aa16559343ca5910fbf63759ee4aa9482	2026-04-26	2026-07-05	verified
DCIM/DSC06556.ARW	DCIM/DSC06556.ARW	30142464	3e651b045921dc4daffceb1a8c97149ce38ae995c5fd22e8f4e4dc85501f2eec	2026-04-26	2026-07-05	verified
DCIM/DSC06556.JPG	DCIM/DSC06556.JPG	9702184	83ec7f78f0c946c70f6c1bcd6a5215b87c5a4618ce58e6a19b1c0ccff5380f36	2026-04-26	2026-07-05	verified
DCIM/DSC06557.ARW	DCIM/DSC06557.ARW	30199808	a57ab3e5c098fca560ec2eb7ac893a3de3865e07a9d57fa309b7c8436fb23efa	2026-04-26	2026-07-05	verified
DCIM/DSC06557.JPG	DCIM/DSC06557.JPG	9750479	9d7a9eb776a2a1542a857687d182ffb18ad46c00f031c6953130f910047fd901	2026-04-26	2026-07-05	verified
DCIM/DSC06558.ARW	DCIM/DSC06558.ARW	30175232	1098273dea174a2073ece2d460a950bc75b14ac70650a2b66bd8bc5309d88f27	2026-04-26	2026-07-05	verified
DCIM/DSC06558.JPG	DCIM/DSC06558.JPG	9737079	19527c8f69ec0bc86294a440a09314c836ed01642cefd4f4f76e3f3d0c70e216	2026-04-26	2026-07-05	verified
DCIM/DSC06559.ARW	DCIM/DSC06559.ARW	30150656	ebeaf61b21c345e9092929415ac89f0e809fba13d698a7e1e288fb11028ef751	2026-04-26	2026-07-05	verified
DCIM/DSC06559.JPG	DCIM/DSC06559.JPG	9666431	fcc6f4271c22f7a2831f5d936e71f3fc8d10ffd400ca72672d166c3976ef3914	2026-04-26	2026-07-05	verified
DCIM/DSC06560.ARW	DCIM/DSC06560.ARW	30117888	dfea99f520409fe697f835fce040e32b643a329dd6b2598ea8537c37b32c6c7f	2026-04-26	2026-07-05	verified
DCIM/DSC06560.JPG	DCIM/DSC06560.JPG	9624605	2eadf9d71f38b89f1d58a712f4dcf192b0e680d1fbb3fadd4e7a0306a88c8096	2026-04-26	2026-07-05	verified
DCIM/DSC06561.ARW	DCIM/DSC06561.ARW	30318592	1dbcd611ff421498fcfeed0fb3e833e3482cdaf03ded1a71536f37482ab68e85	2026-04-26	2026-07-05	verified
DCIM/DSC06561.JPG	DCIM/DSC06561.JPG	9923606	90997ac75f405a23c2fa1ee8ea9b79ebde2c1f5398a72ca8445ec8635edf1a8b	2026-04-26	2026-07-05	verified
DCIM/DSC06562.ARW	DCIM/DSC06562.ARW	30314496	254fdb35049e473c1962754a0aceee1249f9fbb03ae8dbd427d91a048da81e5a	2026-04-26	2026-07-05	verified
DCIM/DSC06562.JPG	DCIM/DSC06562.JPG	9924235	7f4cc181e235994c7fb14dbf1a506340eb80ddd7d1cdbc32414944c00df1fcd3	2026-04-26	2026-07-05	verified
DCIM/DSC06563.ARW	DCIM/DSC06563.ARW	30261248	82734cb632ced6c484df34ce13cabd03cd6f7b53ab13ed389db5e1d0e9df1750	2026-04-26	2026-07-05	verified
DCIM/DSC06563.JPG	DCIM/DSC06563.JPG	9824339	52ea79ccaf3093f1e3545d54b80a8d1238cf8646a63d2b6f65a79197c4d26b30	2026-04-26	2026-07-05	verified
DCIM/DSC06564.ARW	DCIM/DSC06564.ARW	30130176	1e6c2d8810d2fba224e4f3e0a05f56f3ff8599fa80d308e4e4d424075f58cc34	2026-04-26	2026-07-05	verified
DCIM/DSC06564.JPG	DCIM/DSC06564.JPG	9597038	fca9e4b049197d2981fa23e23f9421441352a71fd774b72190780b1b31278fe6	2026-04-26	2026-07-05	verified
DCIM/DSC06565.ARW	DCIM/DSC06565.ARW	30089216	9f7218227c69b3673a220d2be6cd3d2c59192a1fd29b0955e902d1a1db4ccab3	2026-04-26	2026-07-05	verified
DCIM/DSC06565.JPG	DCIM/DSC06565.JPG	9580154	ab17b0292e57a707987aba2c6d1726ceab0bec7d12c7bbce0f76a6e3dc6a7a97	2026-04-26	2026-07-05	verified
DCIM/DSC06566.ARW	DCIM/DSC06566.ARW	30085120	09f8d0c5f157b472bc45de1deef326b1088746d96b89c44a3ae929a368a5f52f	2026-04-26	2026-07-05	verified
DCIM/DSC06566.JPG	DCIM/DSC06566.JPG	9597166	99e895ec557c7d3406431ffb49f22a803f73b5bf906a1a07c29d8ff7b313a442	2026-04-26	2026-07-05	verified
DCIM/DSC06567.ARW	DCIM/DSC06567.ARW	30089216	2592e792e6feadf4c61ee316488fd5e45233fdef10553a483bd2f4a7547e5104	2026-04-26	2026-07-05	verified
DCIM/DSC06567.JPG	DCIM/DSC06567.JPG	9460953	ae9e53ccffbcb1572ed97de5586f7c5b5a14f470dab7366e4df9cbfe72a0862a	2026-04-26	2026-07-05	verified
DCIM/DSC06568.ARW	DCIM/DSC06568.ARW	29827072	2fa507298181f0c4162a4133715e7e37f36db91e35135696881a40580eb7a1c6	2026-04-26	2026-07-05	verified
DCIM/DSC06568.JPG	DCIM/DSC06568.JPG	9099289	d0f45a35ed9d7cd7bfed7746bf0b57024fffc33701749eaa1d1d1a526015f198	2026-04-26	2026-07-05	verified
DCIM/DSC06569.ARW	DCIM/DSC06569.ARW	29876224	45764f2cb7d52a6205072648bfa3098f84420757495e1ba4eb76c1d1f041ee29	2026-04-26	2026-07-05	verified
DCIM/DSC06569.JPG	DCIM/DSC06569.JPG	9356877	fedfd646e2454c0713637c2c1e21e9e79af986873cf76dfb03f9c175e4c0c245	2026-04-26	2026-07-05	verified
DCIM/DSC06570.ARW	DCIM/DSC06570.ARW	29872128	949e596fb5f597340f2d81886bed8f6058c3d56df22447ba31ed7dee192b9db0	2026-04-26	2026-07-05	verified
DCIM/DSC06570.JPG	DCIM/DSC06570.JPG	9332917	f12cbdb4d5d6467eb0758ca383bc7d929f77dd792b5b6be3eefdb2843f42a961	2026-04-26	2026-07-05	verified
DCIM/DSC06571.ARW	DCIM/DSC06571.ARW	29872128	7c6b7c5a358da8168addad1d21db4d1140b234a4b34377f9312857c1e00c21bb	2026-04-26	2026-07-05	verified
DCIM/DSC06571.JPG	DCIM/DSC06571.JPG	9195981	643fb2c8de9ef689f1c5f2159f10f5215df4d3f867c6df0998a95e4081e28a3c	2026-04-26	2026-07-05	verified
DCIM/DSC06572.ARW	DCIM/DSC06572.ARW	29859840	00a792f5b803ec1ea3433e6196163ab212227d09c3b6c6e1cc2ecc5662d6f412	2026-04-26	2026-07-05	verified
DCIM/DSC06572.JPG	DCIM/DSC06572.JPG	9143820	b4a25d54a7c9c1306de803448738bd7dba05036a111d9f444a460492a5031de6	2026-04-26	2026-07-05	verified
DCIM/DSC06573.ARW	DCIM/DSC06573.ARW	29843456	16e001770231fb0568f691686a0ca100794342b4ffb857c380cceb8226fc0f51	2026-04-26	2026-07-05	verified
DCIM/DSC06573.JPG	DCIM/DSC06573.JPG	9148049	8eb0f5a28e2aedd8726afe2c74bb349df71878e65c5b09b7d40e80c631f804e8	2026-04-26	2026-07-05	verified
DCIM/DSC06574.ARW	DCIM/DSC06574.ARW	29876224	599356a56ab619e3da64060a05d2c9423f41f0d2e2a6345e36c12dc38aa754b5	2026-04-26	2026-07-05	verified
DCIM/DSC06574.JPG	DCIM/DSC06574.JPG	9318154	10696b417222e62cc1ec5fd98d2f19777246ed98ecf7d4268c84eee518e1f70b	2026-04-26	2026-07-05	verified
DCIM/DSC06575.ARW	DCIM/DSC06575.ARW	29868032	c2af280e3032eac172530f04a7932158225028c19a6f574976b279c11193f1a6	2026-04-26	2026-07-05	verified
DCIM/DSC06575.JPG	DCIM/DSC06575.JPG	9308022	c68105b787253ba73c1fa8e7a1137b8e409d6ffb27be91823acf8f65538f7894	2026-04-26	2026-07-05	verified
DCIM/DSC06576.ARW	DCIM/DSC06576.ARW	29810688	c4ca973222fee167962a64f00337970452e2a490f59ae5d7238e8afbf2e8993f	2026-04-26	2026-07-05	verified
DCIM/DSC06576.JPG	DCIM/DSC06576.JPG	9112680	36c9a8c2a8c7cfe55192379a1d8164ba289026e0b70ba1137a0019a7959e53d6	2026-04-26	2026-07-05	verified
DCIM/DSC06577.ARW	DCIM/DSC06577.ARW	29773824	d048aee37c246515e8e3206eaed1d768747ee7601fdaefd2998e87b71ed85743	2026-04-26	2026-07-05	verified
DCIM/DSC06577.JPG	DCIM/DSC06577.JPG	9047709	5284721cf09eb0b2dc2c772b3904d4e3e0481704bf309527c44a2048765e2ddb	2026-04-26	2026-07-05	verified
DCIM/DSC06578.ARW	DCIM/DSC06578.ARW	29745152	ccfe10da4c6b44df01c02f26d2eb4f14df13d30c2722a64fdd1a3302a053984e	2026-04-26	2026-07-05	verified
DCIM/DSC06578.JPG	DCIM/DSC06578.JPG	8867937	9cf7f124630e03a448ff7f06105ebeb4078128fe1f4a3c57aff86f43b9954f58	2026-04-26	2026-07-05	verified
DCIM/DSC06579.ARW	DCIM/DSC06579.ARW	29749248	5a2f00c6b1426e3c199d2fa1f7590c343abca41fb14e4f0bda620d6f09d9e819	2026-04-26	2026-07-05	verified
DCIM/DSC06579.JPG	DCIM/DSC06579.JPG	8836124	cde2b6a37e96ab4054991162788e57f6b25254fbcb849c0cad0356ffa4fe8d14	2026-04-26	2026-07-05	verified
DCIM/DSC06580.ARW	DCIM/DSC06580.ARW	29773824	84ca301eaf259dc5800177054b7c0e823b234345fb749e68c541118bbe80f0ae	2026-04-26	2026-07-05	verified
DCIM/DSC06580.JPG	DCIM/DSC06580.JPG	8882463	c46349bfa608c43a1dc8e1892b96f6fa94989f06ecfa660384de4d938af97fbe	2026-04-26	2026-07-05	verified
DCIM/DSC06581.ARW	DCIM/DSC06581.ARW	29810688	836ad930b9d6969a04dddf54be2c8b9ee52a7cce0635cad3093114dda88ea096	2026-04-26	2026-07-05	verified
DCIM/DSC06581.JPG	DCIM/DSC06581.JPG	9083026	c02ea8c293047dabc9ed96a89973f0bcd4fd930801863c2263dbfc0d1e8c8ba5	2026-04-26	2026-07-05	verified
DCIM/DSC06582.ARW	DCIM/DSC06582.ARW	29777920	b77e2bbb8cac630fa088dc15051d708bde9c4fc5871686da107db6bd39738f1a	2026-04-26	2026-07-05	verified
DCIM/DSC06582.JPG	DCIM/DSC06582.JPG	8983724	41ddb24a12d2cff2e93bd84910c495775ce6e32d8a8496bc58a1c3a15fde34da	2026-04-26	2026-07-05	verified
DCIM/DSC06583.ARW	DCIM/DSC06583.ARW	29917184	cf2910069ab377532e097d9b642e19ac2baab51da772ebcd4f22c4c4fe8a23a2	2026-04-26	2026-07-05	verified
DCIM/DSC06583.JPG	DCIM/DSC06583.JPG	9385230	b666ffad82e0928d5d932708d6daa3cab352f3c5cdfcb7635e23a3ed9463842d	2026-04-26	2026-07-05	verified
DCIM/DSC06584.ARW	DCIM/DSC06584.ARW	29802496	8915aab5d9d06626c654aae493cf0e4f97663c76f2f9d374f84367183b847b69	2026-04-26	2026-07-05	verified
DCIM/DSC06584.JPG	DCIM/DSC06584.JPG	9044986	d9aa339e7b6d174cc268425a1caf982c775641db62f79233793133fa04b68e87	2026-04-26	2026-07-05	verified
DCIM/DSC06585.ARW	DCIM/DSC06585.ARW	29908992	59bfbc6914e4f6e6d886baf9be6ec66afab909f870768a4711c9f5f3b1263971	2026-04-26	2026-07-05	verified
DCIM/DSC06585.JPG	DCIM/DSC06585.JPG	9229479	d54c0cd45cc24cad29bbc468af66ee673b8b553594f7a1eb89c1002ef21beef1	2026-04-26	2026-07-05	verified
DCIM/DSC06586.ARW	DCIM/DSC06586.ARW	29863936	2a0b2dcf827f45f3c855964b82d32800e069061bd49631bafc2d11bac8ab9067	2026-04-26	2026-07-05	verified
DCIM/DSC06586.JPG	DCIM/DSC06586.JPG	9338274	700bf3a296db7615d78d216a4c2334ea655606e1ac3f8d3fa19bafc9271ef973	2026-04-26	2026-07-05	verified
DCIM/DSC06587.ARW	DCIM/DSC06587.ARW	29908992	d5564068ffe370856c18833182d1463a9632890042527c8e1f5129ac322a4990	2026-04-26	2026-07-05	verified
DCIM/DSC06587.JPG	DCIM/DSC06587.JPG	9251132	eaa60303370615f45581039136007bc0cd9080b1242f466923e2e728f50919de	2026-04-26	2026-07-05	verified
DCIM/DSC06588.ARW	DCIM/DSC06588.ARW	29941760	759f48355afaa959b98a711ff8ecbf56cb275b4d5558f43a1ce15cd310a9ba04	2026-04-26	2026-07-05	verified
DCIM/DSC06588.JPG	DCIM/DSC06588.JPG	9226135	5d1013043a013cefb62a55782dea7635513df905cc36c82983802757a054efb4	2026-04-26	2026-07-05	verified
DCIM/DSC06589.ARW	DCIM/DSC06589.ARW	29888512	4f742c6344a17b2126fe547974934570a3078ab38ef4bfa58050815323bb81f5	2026-04-26	2026-07-05	verified
DCIM/DSC06589.JPG	DCIM/DSC06589.JPG	9172229	8316e3ddae782e4c2fe001b463cfb52f4127bd2baf0764eb128672847dab117b	2026-04-26	2026-07-05	verified
DCIM/DSC06590.ARW	DCIM/DSC06590.ARW	29843456	bd7346a44d50edeb6e00b9c54936f53a559280eaf644e36493a1a2e5fcb894e8	2026-04-26	2026-07-05	verified
DCIM/DSC06590.JPG	DCIM/DSC06590.JPG	9219108	729dadd37a673a25b3f3f01edf11945a11d391030f3cb7e51275a15af420099e	2026-04-26	2026-07-05	verified
DCIM/DSC06591.ARW	DCIM/DSC06591.ARW	29884416	220a088a87b5b440efda33dc1287f3c7779ea3376371d1cc27bfa4b09c1a7389	2026-04-26	2026-07-05	verified
DCIM/DSC06591.JPG	DCIM/DSC06591.JPG	9357852	724ba34ca526fdcd786ab29921eee1472302ce7c94814d58cfa6a48766d7be23	2026-04-26	2026-07-05	verified
DCIM/DSC06592.ARW	DCIM/DSC06592.ARW	29855744	7f11b72800577b7b4112bac503c6cd04333b41d013a9fa1ade3c0f29d8d343f6	2026-04-26	2026-07-05	verified
DCIM/DSC06592.JPG	DCIM/DSC06592.JPG	9279444	bf14c8dc727a54eaec6a3a501f7ea649f585aa23c6da33ba319c8dc157cd8822	2026-04-26	2026-07-05	verified
DCIM/DSC06593.ARW	DCIM/DSC06593.ARW	29913088	cbfa9535f834d2c0e092e5b468489efee5de31f4b91e207fb768b8d5274acfb4	2026-04-26	2026-07-05	verified
DCIM/DSC06593.JPG	DCIM/DSC06593.JPG	9305136	a9eba5428b4677fccf6e7343f5f7e50d6d2103e141b55332f3d955a1a22473ba	2026-04-26	2026-07-05	verified
DCIM/DSC06594.ARW	DCIM/DSC06594.ARW	29900800	65b12f08bbb129525b7e614c2cce313d0a686d0a38bd0a36d3e429876e0d7ec5	2026-04-26	2026-07-05	verified
DCIM/DSC06594.JPG	DCIM/DSC06594.JPG	9278983	d9f380e9bcfb39698eed16f04bf68b6a5fa01704496c1c12a09156297419d59b	2026-04-26	2026-07-05	verified
DCIM/DSC06595.ARW	DCIM/DSC06595.ARW	29925376	47fce3589604483e9df510918ef0975cd1c58ec93b04da27e8df85f9a94b570e	2026-04-26	2026-07-05	verified
DCIM/DSC06595.JPG	DCIM/DSC06595.JPG	9328231	35afb26037221eebad5807ae8100c12db0ddd0fc1658e892f4f50800fbb96917	2026-04-26	2026-07-05	verified
DCIM/DSC06596.ARW	DCIM/DSC06596.ARW	29773824	a4d15ac66edf7467f5bca67843f47662e7ac1426f6f5e78e330f6c825b98d996	2026-04-26	2026-07-05	verified
DCIM/DSC06596.JPG	DCIM/DSC06596.JPG	9084386	4fb893f9f866485efadfb5d0cf771fe4f4b79f6732cd4150c50328a8cffd293b	2026-04-26	2026-07-05	verified
DCIM/DSC06597.ARW	DCIM/DSC06597.ARW	29757440	ac94528b8ffa19fe937e1bfe2f98b59be07aaac2f326369235222d7cc43294ba	2026-04-26	2026-07-05	verified
DCIM/DSC06597.JPG	DCIM/DSC06597.JPG	9010971	4eb4690c3197eb70aad56598a01b4f25c77b4f3d8212acd22ccc30dfe8a393af	2026-04-26	2026-07-05	verified
DCIM/DSC06598.ARW	DCIM/DSC06598.ARW	29868032	d4ebebd937b35d813d3dcd0fa6181e67f000326f77859571c7870c972c06ae53	2026-04-26	2026-07-05	verified
DCIM/DSC06598.JPG	DCIM/DSC06598.JPG	9102850	3a9f0a6ea0670dbc4ae0d3ac32dc73b39e083039198a7836a5d89d664f8c3805	2026-04-26	2026-07-05	verified
DCIM/DSC06599.ARW	DCIM/DSC06599.ARW	29941760	19ba50dffabbb91240bb16063b2d854a693f2159955cc55fc46677a9419885cc	2026-04-26	2026-07-05	verified
DCIM/DSC06599.JPG	DCIM/DSC06599.JPG	9303061	b7ddd9efad5ef36b053cf05926ab1f0f658d0499a62605407d55167c86c838c0	2026-04-26	2026-07-05	verified
DCIM/DSC06600.ARW	DCIM/DSC06600.ARW	29954048	1efeaf72d22fa2f52be9f289690a45c4112057f1abbfade0bb090fd747c39792	2026-04-26	2026-07-05	verified
DCIM/DSC06600.JPG	DCIM/DSC06600.JPG	9360170	f6aaca53f1e383746452c27055a25b84b290e7bf6d600319dd27d9e42ae67c43	2026-04-26	2026-07-05	verified
DCIM/DSC06601.ARW	DCIM/DSC06601.ARW	29884416	6c238ea4f03b36e027a3d21c8e667737ea9a836ff3c97340442e039a88d70513	2026-04-26	2026-07-05	verified
DCIM/DSC06601.JPG	DCIM/DSC06601.JPG	9196687	76e9c7ddc610457756e24c45d90c7175ab8cd21f2f5f4e5177591acc48ce106c	2026-04-26	2026-07-05	verified
DCIM/DSC06602.ARW	DCIM/DSC06602.ARW	29839360	17448f2b6df7723c83f49b53e3cbde2ce5a4caa35d9deba5dba6e77033d035a2	2026-04-26	2026-07-05	verified
DCIM/DSC06602.JPG	DCIM/DSC06602.JPG	9133042	feccada3d2b2e4dd1e6e3349c0e63f5f6cb42c1ce762ce6c06b67ad262f164c6	2026-04-26	2026-07-05	verified
DCIM/DSC06603.ARW	DCIM/DSC06603.ARW	29831168	3e86e6e3c33480e8b46215bf0e1fc04775ebd88baebcc4e42432635e9604552b	2026-04-26	2026-07-05	verified
DCIM/DSC06603.JPG	DCIM/DSC06603.JPG	9169338	8121c447560c7b64f2d399b1003ec78904ea00f890cc500c07f18b55c643aea7	2026-04-26	2026-07-05	verified
DCIM/DSC06604.ARW	DCIM/DSC06604.ARW	29892608	2ac148a1a21896de2eacf9f4346f2c201f43a87189032e488d36f59cf99cc840	2026-04-26	2026-07-05	verified
DCIM/DSC06604.JPG	DCIM/DSC06604.JPG	9204007	bef2ffcfc1df606f1e135531b2da302cc0af9bb141069d94408386ff9b1a07b9	2026-04-26	2026-07-05	verified
DCIM/DSC06605.ARW	DCIM/DSC06605.ARW	29933568	7c8fd023f0078a75d74a3d3e457661ef2eed3a5183b4161479b4693cf286045a	2026-04-26	2026-07-05	verified
DCIM/DSC06605.JPG	DCIM/DSC06605.JPG	9284037	400e35b5672e208aa95db0ef768008f989e6ad8dcd08e4c1431787d6c7497d1a	2026-04-26	2026-07-05	verified
DCIM/DSC06606.ARW	DCIM/DSC06606.ARW	29917184	3f7b317e1073c46547fb37841ef92f7da49dc8996cedde87aed90160f87924ba	2026-04-26	2026-07-05	verified
DCIM/DSC06606.JPG	DCIM/DSC06606.JPG	9345129	437dca7d10f411de39f55db06e24b0da12b0fef33105ca373d1093828be51d3b	2026-04-26	2026-07-05	verified
DCIM/DSC06607.ARW	DCIM/DSC06607.ARW	29818880	39f4a2321c4629c5c746557e2fd3625e7fba157e9f238a76c03e863510425b6d	2026-04-26	2026-07-05	verified
DCIM/DSC06607.JPG	DCIM/DSC06607.JPG	9143512	1fe6ab34f1deea5be4ab4c662dbc7b09295307b6a8552906601bcc9a88568ae4	2026-04-26	2026-07-05	verified
DCIM/DSC06608.ARW	DCIM/DSC06608.ARW	30072832	68bd304841b256e7792bfb6b9ebd9c69553d4a947851c470c6f60e19a094a49e	2026-04-26	2026-07-05	verified
DCIM/DSC06608.JPG	DCIM/DSC06608.JPG	9575555	04161625850ef34db217673fdf5ca5b318c8b16a06d984a6f117a1673d62b1f3	2026-04-26	2026-07-05	verified
DCIM/DSC06609.ARW	DCIM/DSC06609.ARW	30175232	dda11ee57b12e735342e8339b09398b85dab63889d4f154d9ea2bfe0c0aebfcf	2026-04-26	2026-07-05	verified
DCIM/DSC06609.JPG	DCIM/DSC06609.JPG	9658916	caef60e788a9162e33d9e160b9f702fcaaee0b5675d812309a0d8d83e3aaf196	2026-04-26	2026-07-05	verified
DCIM/DSC06610.ARW	DCIM/DSC06610.ARW	30199808	8d67bd245125d1a31afdcba4cdd809e92ad612faf7aa15ffeb88941182946b3d	2026-04-26	2026-07-05	verified
DCIM/DSC06610.JPG	DCIM/DSC06610.JPG	9684833	3b5928326e150beb7c016303197ee3af9877cf72ef4f82ee2fe64f37d3edd36f	2026-04-26	2026-07-05	verified
DCIM/DSC06611.ARW	DCIM/DSC06611.ARW	30195712	0781fe32f78ad62872f22ac935b24ce3c182fcc9ab58d43df0fa4972e7be5741	2026-04-26	2026-07-05	verified
DCIM/DSC06611.JPG	DCIM/DSC06611.JPG	9594412	cf9f26d60cd126187e26030dedaecace417b7d05148d50b8480718f381b0a0ec	2026-04-26	2026-07-05	verified
DCIM/DSC06612.ARW	DCIM/DSC06612.ARW	30113792	0164d99579078ea2e03b039d525cf8f95c9456c19c71c4f770a09c6c56f617ea	2026-04-26	2026-07-05	verified
DCIM/DSC06612.JPG	DCIM/DSC06612.JPG	9596322	4794ce5018e9e9ef007036a68761b5b54f06f17946d940b702712e6e07e14d20	2026-04-26	2026-07-05	verified
DCIM/DSC06613.ARW	DCIM/DSC06613.ARW	30105600	eaad98e7943d5c0e576d66ef96a7572ee4d2fea9606925c8c139485e857f4942	2026-04-26	2026-07-05	verified
DCIM/DSC06613.JPG	DCIM/DSC06613.JPG	9601555	39724be8abf6c81f4989d6a164c2b2a77d149d9d0451dbfeffcfe0e1f4ff2e84	2026-04-26	2026-07-05	verified
DCIM/DSC06614.ARW	DCIM/DSC06614.ARW	30130176	461b3a053812ec50b40057af101a588417e098b81fe5fbc50b70c2613c3d5e51	2026-04-26	2026-07-05	verified
DCIM/DSC06614.JPG	DCIM/DSC06614.JPG	9601669	071e0a8e52218456f3f351a06443754123a11da741ff9397c9188400b559fb67	2026-04-26	2026-07-05	verified
DCIM/DSC06615.ARW	DCIM/DSC06615.ARW	30183424	c542c15d3b30b7f703588bb6c4ca1473e1101bbb96bfb32a5416e724cc96d56b	2026-04-26	2026-07-05	verified
DCIM/DSC06615.JPG	DCIM/DSC06615.JPG	9627414	31dade894b7b4468ff399325ecaa60f3fec044e63d80c0a8abd91ee9c85ece22	2026-04-26	2026-07-05	verified
DCIM/DSC06616.ARW	DCIM/DSC06616.ARW	30289920	813ea44228002781a534452f8872701f1c1c8a325f4524324e3ec5084237c424	2026-04-26	2026-07-05	verified
DCIM/DSC06616.JPG	DCIM/DSC06616.JPG	9879717	f6bc0aebd63b0b3e1e162aa9349d6f69b4d1828b276935d19357bd8dc73bcfe8	2026-04-26	2026-07-05	verified
DCIM/DSC06617.ARW	DCIM/DSC06617.ARW	30212096	86f1b71ac1a2a036616bc2878873d71135ea6cdabb062e37fc02e50db6fc78a4	2026-04-26	2026-07-05	verified
DCIM/DSC06617.JPG	DCIM/DSC06617.JPG	9614890	2a1038c2e930552587d7345eaf2fb67f21b7b09e4fdf5d6663e154a26ebd2552	2026-04-26	2026-07-05	verified
DCIM/DSC06618.ARW	DCIM/DSC06618.ARW	30146560	051c25b0023486cc8688a8a9c95f07e5a30fd23c041c7b1fc91afd24b1c261db	2026-04-26	2026-07-05	verified
DCIM/DSC06618.JPG	DCIM/DSC06618.JPG	9757205	c531040383a7eac7a56884593aa04b85bedd62e1ff8d2ee694ee7dc73ca4796b	2026-04-26	2026-07-05	verified
DCIM/DSC06619.ARW	DCIM/DSC06619.ARW	30134272	b4b4246aab9fe0ae24a4369a02ac4284ef492916846e63fb760634a9b4565843	2026-04-26	2026-07-05	verified
DCIM/DSC06619.JPG	DCIM/DSC06619.JPG	9727174	4906a76bbb762c1a4c2309172fe0831e5e56577012c6975688d02eb6ce40e28a	2026-04-26	2026-07-05	verified
DCIM/DSC06620.ARW	DCIM/DSC06620.ARW	30121984	c049d4563ba221ebccdaa28a7cb08d0f0fef2cf380fb9a28fd7031540e4fe238	2026-04-26	2026-07-05	verified
DCIM/DSC06620.JPG	DCIM/DSC06620.JPG	9680090	ee9cd91155fa4731b730ca1e5be8c9b4eb703d283bd1dbdce73802291e92fd16	2026-04-26	2026-07-05	verified
DCIM/DSC06621.ARW	DCIM/DSC06621.ARW	30171136	d79738ae287924fd045afca00353b4fe0b569aaff5c4af064dc10befbc66bb3e	2026-04-26	2026-07-05	verified
DCIM/DSC06621.JPG	DCIM/DSC06621.JPG	9544955	6429a7a34010ae252fd659fcf4e6969358be323fcc5d3fb3312de3a2b3b2eea5	2026-04-26	2026-07-05	verified
DCIM/DSC06622.ARW	DCIM/DSC06622.ARW	30167040	0791479ff71794477e24fab5d210986ba20f753da821dbf0f0c5b9fad04d7ce7	2026-04-26	2026-07-05	verified
DCIM/DSC06622.JPG	DCIM/DSC06622.JPG	9530731	dcfe046ffc4718e775f4a36cf8127641828abb38b8cd4814422e045c9cee5d1a	2026-04-26	2026-07-05	verified
DCIM/DSC06623.ARW	DCIM/DSC06623.ARW	30179328	40ed1d0a1a5f99db1f0aa478e2849edccc395ed2a4e15b93aa09d424eb04d152	2026-04-26	2026-07-05	verified
DCIM/DSC06623.JPG	DCIM/DSC06623.JPG	9756492	01dfc986b4f3039909cc472547e21a800f98ae123ad7c798add97de919962ea7	2026-04-26	2026-07-05	verified
DCIM/DSC06624.ARW	DCIM/DSC06624.ARW	30162944	d3ea4a3f05a0b32ec9dfdfc495e4affe09c03d294d1d2554df7817b560d0f551	2026-04-26	2026-07-05	verified
DCIM/DSC06624.JPG	DCIM/DSC06624.JPG	9747658	21ef4d86add24dcaa16f2cff03cd8f0959aac816035ec51ada258eccafcc073d	2026-04-26	2026-07-05	verified
DCIM/DSC06625.ARW	DCIM/DSC06625.ARW	30154752	cc90958c998803c14280be5c08a3ff40e680f7468ee906f458330eaec58a9e83	2026-04-26	2026-07-05	verified
DCIM/DSC06625.JPG	DCIM/DSC06625.JPG	9769279	f2975945c8acdbdd81ab5fbc43d24a0375cdb5143bcfc5476d7e2a0f965acfc8	2026-04-26	2026-07-05	verified
DCIM/DSC06626.ARW	DCIM/DSC06626.ARW	30277632	aeea0a1f58c3c9868b6bad473a1683f3afc998e7a15d22c6d802ba2e18a8197b	2026-04-26	2026-07-05	verified
DCIM/DSC06626.JPG	DCIM/DSC06626.JPG	9702030	cc681439d87857281d9326072af7a1c2f0eb00f1385822edd98fca02ca856827	2026-04-26	2026-07-05	verified
DCIM/DSC06627.ARW	DCIM/DSC06627.ARW	30265344	afcdd49148bfc7520c65638a57fdec0f904f3121e0c453815a545762cbb7271d	2026-04-26	2026-07-05	verified
DCIM/DSC06627.JPG	DCIM/DSC06627.JPG	9715186	ef9b8d8718c1d168420eef6b177833776d80690a26aa60c2c1da28feccdee58e	2026-04-26	2026-07-05	verified
DCIM/DSC06628.ARW	DCIM/DSC06628.ARW	30142464	93cee73007d4673c2f1442af06b02ab9fabc67c69eb4dacc2333e9fea612feb8	2026-04-26	2026-07-05	verified
DCIM/DSC06628.JPG	DCIM/DSC06628.JPG	9737073	70b2d0edd41089b95045d3d477f3ad8781b3785298e2f01970f0544122a0ca3c	2026-04-26	2026-07-05	verified
DCIM/DSC06629.ARW	DCIM/DSC06629.ARW	30142464	1651045a2876ccc6aae97f479ede945bc2ef249808f035c491efe31120899430	2026-04-26	2026-07-05	verified
DCIM/DSC06629.JPG	DCIM/DSC06629.JPG	9759724	d68a71e4bbf328d8e6bf4f5bcd4c1fc500fbd6e02cf233c52673609de9b1ed47	2026-04-26	2026-07-05	verified
DCIM/DSC06630.ARW	DCIM/DSC06630.ARW	30142464	20b10f64bfe34a2a85f1adea56dd4bc9b9fcac7a90b19b89af924411ef893aa0	2026-04-26	2026-07-05	verified
DCIM/DSC06630.JPG	DCIM/DSC06630.JPG	9750828	faf4179cb63c418cdbe7a657830b133b5ad2608f7c7a73075100be6f2e5dcaf1	2026-04-26	2026-07-05	verified
DCIM/DSC06631.ARW	DCIM/DSC06631.ARW	30121984	520e7bf5e7d9978a5e66d8cffde87581f8605b7cd34b064b925504774aa1b06c	2026-04-26	2026-07-05	verified
DCIM/DSC06631.JPG	DCIM/DSC06631.JPG	9730550	f8148b59ca3b67d50495bc18bb12a727f59fe8a08b6d2afddc005e944a14745d	2026-04-26	2026-07-05	verified
DCIM/DSC06632.ARW	DCIM/DSC06632.ARW	30167040	ce8b3e66dccc33d784c44405e397a81e541237b456104736013f2a07c2f66658	2026-04-26	2026-07-05	verified
DCIM/DSC06632.JPG	DCIM/DSC06632.JPG	9834869	8017ed09aece00fa7fbe6a4fe7855894d3c7d76ddb2e1b1cd04c0c087ca885ad	2026-04-26	2026-07-05	verified
DCIM/DSC06633.ARW	DCIM/DSC06633.ARW	30490624	3bc45de6e9a3bc79be0a44d1c964d918be4a8bac39b87c6f3040e203409a3acf	2026-04-26	2026-07-05	verified
DCIM/DSC06633.JPG	DCIM/DSC06633.JPG	10277077	aa2a1e153c74d8991bd566530d926d29dde91d35aec5ca096215956cc1dd7ebc	2026-04-26	2026-07-05	verified
DCIM/DSC06634.ARW	DCIM/DSC06634.ARW	30040064	76749ef1ebf6b1d71e3ebd64e01feb9167d4015a905486f15bb718140e41bdda	2026-04-26	2026-07-05	verified
DCIM/DSC06634.JPG	DCIM/DSC06634.JPG	9591714	81ec387440e86948e5d0d0ff22c523eb764f668be6d0d7e79718e93300345469	2026-04-26	2026-07-05	verified
DCIM/DSC06635.ARW	DCIM/DSC06635.ARW	30588928	0d3949e577b0f0f0a5e6603e5a85776b670584d60029b50ded87615519ca56f6	2026-04-26	2026-07-05	verified
DCIM/DSC06635.JPG	DCIM/DSC06635.JPG	10191966	f37ace7e956d3c590b4a9d503e0c1741d7ab2aff698ce23437d7a9928668486e	2026-04-26	2026-07-05	verified
DCIM/DSC06636.ARW	DCIM/DSC06636.ARW	30044160	a9cd290e4f9e464b5293f9536cec10c59db4c0789c27b0042819d0a165613188	2026-04-26	2026-07-05	verified
DCIM/DSC06636.JPG	DCIM/DSC06636.JPG	9603105	4ccb567b83935555eabf1af296fd091e31ce1059834bd00b1ee1e71f27e4ff14	2026-04-26	2026-07-05	verified
DCIM/DSC06637.ARW	DCIM/DSC06637.ARW	30265344	7f9a0330851d808680b20acbd2d5d1fb701f399cf8ab973b86bf521a55d3742f	2026-04-26	2026-07-05	verified
DCIM/DSC06637.JPG	DCIM/DSC06637.JPG	9855192	18c0c32696d2e5ed844de4cd920b86eef38a807637902b2195362885865f0c73	2026-04-26	2026-07-05	verified
DCIM/DSC06638.ARW	DCIM/DSC06638.ARW	30056448	4d7d22328f1c6421cc38d7581cced46ef02f60464347d13ca2c7e5a6edbbd9d5	2026-04-26	2026-07-05	verified
DCIM/DSC06638.JPG	DCIM/DSC06638.JPG	9583007	cd3e740cc84c8bc0e808aefe5a0bae8e4e55012b8546b7486c3449bd980be47d	2026-04-26	2026-07-05	verified
DCIM/DSC06639.ARW	DCIM/DSC06639.ARW	30359552	bfeabe026f1e78ca289e6c2f6d68e7dcc2c3c22d905c60f143183545bb264585	2026-04-26	2026-07-05	verified
DCIM/DSC06639.JPG	DCIM/DSC06639.JPG	9948581	c7be110e148a9a64bfef8e218338d1c409da1880b4330ad333b84b379002aa08	2026-04-26	2026-07-05	verified
DCIM/DSC06640.ARW	DCIM/DSC06640.ARW	30187520	066257dd00c3d4b679170a570c058931b02fe3e342057afeeae759fbce7b72ba	2026-04-26	2026-07-05	verified
DCIM/DSC06640.JPG	DCIM/DSC06640.JPG	9765921	52b6a58c828cfe98a5660bf2384d01af49f21d932a2958097a6de0450c3ac4c3	2026-04-26	2026-07-05	verified
DCIM/DSC06641.ARW	DCIM/DSC06641.ARW	30502912	30b1dc1fa1cbefafc4062bb84fd50efdb3590fa2c2a15710c7a615375ed214cb	2026-04-26	2026-07-05	verified
DCIM/DSC06641.JPG	DCIM/DSC06641.JPG	10027244	ef8ef52203a1c156638383dca88bfbc92c2be92aeea61548f73b82583a7b32a3	2026-04-26	2026-07-05	verified
DCIM/DSC06642.ARW	DCIM/DSC06642.ARW	30433280	ff91eb9ebee1d9b82c5da9f3398ce8a7cd57b05d3afc25e747df70aade8e5fef	2026-04-26	2026-07-05	verified
DCIM/DSC06642.JPG	DCIM/DSC06642.JPG	10172494	d9b005078c52b3d149964d146634ff5681e5ee41ea1d63dc7c43d51403ffa374	2026-04-26	2026-07-05	verified
DCIM/DSC06643.ARW	DCIM/DSC06643.ARW	30330880	90978fa30b53ea8919372e0ac18cdf6ad35291012c74c7926821879f1c45a4de	2026-04-26	2026-07-05	verified
DCIM/DSC06643.JPG	DCIM/DSC06643.JPG	10012402	5d599d99870e681a225f0fe14b8ad8e352e477b229df1f018b55b98353a7f37f	2026-04-26	2026-07-05	verified
DCIM/DSC06644.ARW	DCIM/DSC06644.ARW	30343168	799db497e3f5c0580a968597049237acff2551a7f7d9d397d4e56f78c71165a5	2026-04-26	2026-07-05	verified
DCIM/DSC06644.JPG	DCIM/DSC06644.JPG	10021166	fe9e1e3ac3274e26771947f8359d025fc84424ad821a33c1a4abc78c2a2ce61a	2026-04-26	2026-07-05	verified
DCIM/DSC06645.ARW	DCIM/DSC06645.ARW	30269440	8798991d59cd201122323768a1ca3850ce637c3e3c3967034d04381dd81408d4	2026-04-26	2026-07-05	verified
DCIM/DSC06645.JPG	DCIM/DSC06645.JPG	9948698	64c813b233225a53b9e609acda7f6c5f1f99bbfb76a96b1a5553995ded8a54fb	2026-04-26	2026-07-05	verified
DCIM/DSC06646.ARW	DCIM/DSC06646.ARW	30302208	26677e25c7ec45241030c5579fb30dd5969f82dd5f691d31c84ea5c2d6ea07f2	2026-04-26	2026-07-05	verified
DCIM/DSC06646.JPG	DCIM/DSC06646.JPG	10008868	0d15c9267c8e39e4b3fc1b42b750633e11477db59410af2a4ddeb3a612f43a19	2026-04-26	2026-07-05	verified
DCIM/DSC06647.ARW	DCIM/DSC06647.ARW	30273536	7d0efbd64d823b85dbd13aad37f27642b07c9873722c2538fb9f6f062083c1b0	2026-04-26	2026-07-05	verified
DCIM/DSC06647.JPG	DCIM/DSC06647.JPG	9965083	cf893db3c0f8a4a68f89a0df70b7f22486b8f75c8ec1811d333f3fbc805f7237	2026-04-26	2026-07-05	verified
DCIM/DSC06648.ARW	DCIM/DSC06648.ARW	30314496	43a17f6e1bde25f71b8633162090af824ca95f7a65dd99232321225b3c2930e0	2026-04-26	2026-07-05	verified
DCIM/DSC06648.JPG	DCIM/DSC06648.JPG	10016847	6f3e2eaa210e4b612f5188f88f66399110e17495df110fa732228c66d9d7deba	2026-04-26	2026-07-05	verified
DCIM/DSC06649.ARW	DCIM/DSC06649.ARW	30269440	9152dd84cd3a13096ce5eb7ec0641fa404f60706f20165b569705b919812838f	2026-04-26	2026-07-05	verified
DCIM/DSC06649.JPG	DCIM/DSC06649.JPG	9947486	6bd57bbd315e96590b89348a54d580bfbd03695dbf8a315069d160c039f0c2b2	2026-04-26	2026-07-05	verified
DCIM/DSC06650.ARW	DCIM/DSC06650.ARW	30355456	5a851ff1dc2a60e79867d881ca7a8fb980b3d10b23188e9ffb38a64b7d528ae2	2026-04-26	2026-07-05	verified
DCIM/DSC06650.JPG	DCIM/DSC06650.JPG	10042036	c3a9738e671855a0295de12699a94298a6d418b5a5c73bec90b9c9be75eb1147	2026-04-26	2026-07-05	verified
DCIM/DSC06651.ARW	DCIM/DSC06651.ARW	30322688	53db2fda32daa8903604682eeaa56e225155efa49cb49c298f014d80f81eae83	2026-04-26	2026-07-05	verified
DCIM/DSC06651.JPG	DCIM/DSC06651.JPG	10024274	aa220a197f33967732f62678594ffe208b28cc63f1b8d6a8044c2b61ad55a4b0	2026-04-26	2026-07-05	verified
DCIM/DSC06652.ARW	DCIM/DSC06652.ARW	30269440	02048443bed5434c75cea4bfa67c276225854196261d5e89bec9002ef46b9e1c	2026-04-26	2026-07-05	verified
DCIM/DSC06652.JPG	DCIM/DSC06652.JPG	9916311	800596fe7708068b18be3255e39438b96a81e3e9ee014350fc81d1729c1c67db	2026-04-26	2026-07-05	verified
DCIM/DSC06653.ARW	DCIM/DSC06653.ARW	30306304	d8d3afbb6e4bfc8d3a3f3358cb879c582694b23b90fd120ba008ed92f13591e1	2026-04-26	2026-07-05	verified
DCIM/DSC06653.JPG	DCIM/DSC06653.JPG	9998333	2672902d4bc96f6d35e84e334255e4cf99f17fa1acf219fb47bd9ff5fdce3c19	2026-04-26	2026-07-05	verified
DCIM/DSC06654.ARW	DCIM/DSC06654.ARW	30384128	4dc73faa756acaedeb8d43ffacd8d027a4b9dfd3295babdf72c84ebe29fe6e3a	2026-04-26	2026-07-05	verified
DCIM/DSC06654.JPG	DCIM/DSC06654.JPG	10069521	05b98c17f1b207e8a3e1a635d0c7b0a7a188877a9eb7465663d63f76d343d1f8	2026-04-26	2026-07-05	verified
DCIM/DSC06655.ARW	DCIM/DSC06655.ARW	30269440	ddefef19fb45087c8eedc2041d85ad6c08150ae1f88c976ab2944c44de737607	2026-04-26	2026-07-05	verified
DCIM/DSC06655.JPG	DCIM/DSC06655.JPG	9926352	d182c03a6a07bbc09f98558737262415dac0767357d4b1e538ee5655a2e171e5	2026-04-26	2026-07-05	verified
DCIM/DSC06656.ARW	DCIM/DSC06656.ARW	30396416	9ad941d69186decc20f23f3e83abf886d7fcb5f0d866214ebf60255d16c853bf	2026-04-26	2026-07-05	verified
DCIM/DSC06656.JPG	DCIM/DSC06656.JPG	10061433	e3fcfe929f729590969048f2ec1010e38c0e4454465aaffbb4c1fe9cfff44873	2026-04-26	2026-07-05	verified
DCIM/DSC06657.ARW	DCIM/DSC06657.ARW	30347264	a055113d8c784c106dcbd0ffbef2a193f2716b718e85c69d575450a10d6cc14e	2026-04-26	2026-07-05	verified
DCIM/DSC06657.JPG	DCIM/DSC06657.JPG	10021190	14cfdbf44e6e29a8b87e14961cc708f7013a0811b58a1b99c0798cdf00907b72	2026-04-26	2026-07-05	verified
DCIM/DSC06658.ARW	DCIM/DSC06658.ARW	30351360	7955bb6a4e3e5912c16cc76a51a06009dd85c689a747db7a89eabac08197bfd9	2026-04-26	2026-07-05	verified
DCIM/DSC06658.JPG	DCIM/DSC06658.JPG	10008263	da23e1da6e97d461068c59b299cfb5e742d9361173383a771b7feb2e77e79b06	2026-04-26	2026-07-05	verified
DCIM/DSC06659.ARW	DCIM/DSC06659.ARW	30027776	41cccf7d81b2372ffba20f9dcc7ca104ddeae37d59bcb35025ae8915602c028c	2026-04-26	2026-07-05	verified
DCIM/DSC06659.JPG	DCIM/DSC06659.JPG	9375021	b4e4466342ab4dd081653e24c4b4f7ee70f7dacabdada9cef7832b29248b0077	2026-04-26	2026-07-05	verified
DCIM/DSC06660.ARW	DCIM/DSC06660.ARW	29999104	aadddb124f1b6636816c530bae00d4f2c9259ef3fcf976ba4b8ebae64ff011b8	2026-04-26	2026-07-05	verified
DCIM/DSC06660.JPG	DCIM/DSC06660.JPG	9325630	39598d923691b4365bf07e46b02ee7920e979d4208b5b1c14a5fce1428b04c5a	2026-04-26	2026-07-05	verified
DCIM/DSC06661.ARW	DCIM/DSC06661.ARW	30003200	c736d029b97c9ae38586f52944d6f63ec29db461fdfd357c2f0627f77e390a60	2026-04-26	2026-07-05	verified
DCIM/DSC06661.JPG	DCIM/DSC06661.JPG	9333353	81d7c8670663d4a2ab49bfafa8abb9a88244622a2b7d614a16749c1bfb65d16c	2026-04-26	2026-07-05	verified
DCIM/DSC06662.ARW	DCIM/DSC06662.ARW	30023680	78947c4dbb09217cd99bcf0eb586f7024a7bd55909e24f83839d783697bd3f71	2026-04-26	2026-07-05	verified
DCIM/DSC06662.JPG	DCIM/DSC06662.JPG	9363521	53085f4725a9eb93b80f49e7b4488067ac3721209e988a53e7df90ff45d95cba	2026-04-26	2026-07-05	verified
DCIM/DSC06663.ARW	DCIM/DSC06663.ARW	30052352	e53d249521147dde1551a197a99d5f71535867ba780552b41fcd49dd7d8249c6	2026-04-26	2026-07-05	verified
DCIM/DSC06663.JPG	DCIM/DSC06663.JPG	9387665	ecffe49db02a57e131f763d9120409c0f5ba06f487b04f9470cf47681cc6c981	2026-04-26	2026-07-05	verified
DCIM/DSC06664.ARW	DCIM/DSC06664.ARW	30035968	c2da4717f1bd31b703308ed9dcfc463e6968e5e406f5977093bd82f48fd801a6	2026-04-26	2026-07-05	verified
DCIM/DSC06664.JPG	DCIM/DSC06664.JPG	9352927	374cf2eed29217c9b92db303a853080a00cb9a9f95baea47508db7afc4a1bd47	2026-04-26	2026-07-05	verified
DCIM/DSC06665.ARW	DCIM/DSC06665.ARW	29982720	bd1b6718f38763724bf5fce463814d9a68209a38762d3e08fd27bf3fc109f2a2	2026-04-26	2026-07-05	verified
DCIM/DSC06665.JPG	DCIM/DSC06665.JPG	9287427	f54c17c358b6e35a6b0a46384b99fc42bf6528befb355778a714bafa2f646761	2026-04-26	2026-07-05	verified
DCIM/DSC06666.ARW	DCIM/DSC06666.ARW	29982720	2574a6560fa7d6dc2597196304364f6bc3dbedf638cf0ccb35ffe4169e46ec0b	2026-04-26	2026-07-05	verified
DCIM/DSC06666.JPG	DCIM/DSC06666.JPG	9242012	b7845ab4d1616c2a41c867b27ad55f1a511c81b5524148e666f922b76965d087	2026-04-26	2026-07-05	verified
DCIM/DSC06667.ARW	DCIM/DSC06667.ARW	30003200	d5d0f1ce0e6ab3523de6793a65d2d1bfb74c75d1420034c8aea07e7237a77819	2026-04-26	2026-07-05	verified
DCIM/DSC06667.JPG	DCIM/DSC06667.JPG	9271077	dfd3c561cdbf38f0da7cbecb7398fae6c2f11f695cb37634f61bee626a0f8766	2026-04-26	2026-07-05	verified
DCIM/DSC06668.ARW	DCIM/DSC06668.ARW	30003200	cd4178eb1e82ae78a075d74103d2220e61ac422a00383718588e93cab9857c59	2026-04-26	2026-07-05	verified
DCIM/DSC06668.JPG	DCIM/DSC06668.JPG	9267219	9a983df5fc8e4a9ea5e0e056ecf42f47187a713a29899ea130a32d85796781da	2026-04-26	2026-07-05	verified
DCIM/DSC06669.ARW	DCIM/DSC06669.ARW	30007296	f9a9dacbbbff00ec42faa951a9eda7abd48d7e1b0c02c2868b91a670b924b165	2026-04-26	2026-07-05	verified
DCIM/DSC06669.JPG	DCIM/DSC06669.JPG	9309451	f995199bfc1b2e83bcad4bf85b3b0aa63abe9d730bbc0cc8d1242d5f4cc64065	2026-04-26	2026-07-05	verified
DCIM/DSC06670.ARW	DCIM/DSC06670.ARW	30007296	53d3621f20213d7cf97e28347fcb30fce8f3ab0b9cf2ef04cd212ceb0d30bf46	2026-04-26	2026-07-05	verified
DCIM/DSC06670.JPG	DCIM/DSC06670.JPG	9317337	26fab62cb2da00745c8068e8dd187d56d9c1aa2a087367bc76593cdf4d5118a9	2026-04-26	2026-07-05	verified
DCIM/DSC06671.ARW	DCIM/DSC06671.ARW	30613504	b1dbb4b30aed188bca2f934687fe13bcb7088e1866a9fab7b66743d73bb09439	2026-04-26	2026-07-05	verified
DCIM/DSC06671.JPG	DCIM/DSC06671.JPG	10245531	5ff9c96eea49a06c7cf28be7d59c01549574e1b201c2ef6353d0776395d5910a	2026-04-26	2026-07-05	verified
DCIM/DSC06672.ARW	DCIM/DSC06672.ARW	30650368	750b95cb420b8cf8842a8c568d5271055dacaf262880ff1f332736438468bcdf	2026-04-26	2026-07-05	verified
DCIM/DSC06672.JPG	DCIM/DSC06672.JPG	10362306	85d02ea16980b72143294b160ad787b9739c86322fdcc04c93c3224731df42b6	2026-04-26	2026-07-05	verified
DCIM/DSC06673.ARW	DCIM/DSC06673.ARW	30543872	69e720ed6a95918b60e1859ea671fdab82c2dcda42b0b6df636da5b4bae9d5d3	2026-04-26	2026-07-05	verified
DCIM/DSC06673.JPG	DCIM/DSC06673.JPG	10322153	ed5b53d666ad74683af5efd7bbec634b0a9a63bba2062a8c286b6ff8cc672684	2026-04-26	2026-07-05	verified
DCIM/DSC06674.ARW	DCIM/DSC06674.ARW	30654464	323e054b6d31a26245cd3195a9f0e63db03ced6c7d50d10bc1e3230d74c1f214	2026-04-26	2026-07-05	verified
DCIM/DSC06674.JPG	DCIM/DSC06674.JPG	10324569	21d332b1894c950ca9d0c4178971d796f892e90328e0a5649190205caf1de975	2026-04-26	2026-07-05	verified
DCIM/DSC06675.ARW	DCIM/DSC06675.ARW	30232576	f949adf3e306c82b407e7347f01e11bbe00b85437e4ec1c5d701815b9dcf9cda	2026-04-26	2026-07-05	verified
DCIM/DSC06675.JPG	DCIM/DSC06675.JPG	9937372	b630fc0ee74b598a85a5593731e8562e45d6fb560ed988e1bb6776a426a8e2bb	2026-04-26	2026-07-05	verified
DCIM/DSC06676.ARW	DCIM/DSC06676.ARW	30191616	9cc2d2ef16ba5d48b11545e5fd31147ad828c3a6ac56d81add58b32afd3407b3	2026-04-26	2026-07-05	verified
DCIM/DSC06676.JPG	DCIM/DSC06676.JPG	9840908	4c1b01c9ea1d6e6f99b4ea878f5d4c73c9c924e5cd26cecc2a02259792a6271a	2026-04-26	2026-07-05	verified
DCIM/DSC06677.ARW	DCIM/DSC06677.ARW	30478336	6697a09a5b99ca53a7b5f6436083676ed0cc872c1c53402d9561f654ddc189d2	2026-04-26	2026-07-05	verified
DCIM/DSC06677.JPG	DCIM/DSC06677.JPG	10248880	70df35f649afdec1640f6ebb8388079d6327cc99eb019116bc40cf3ee353843a	2026-04-26	2026-07-05	verified
DCIM/DSC06678.ARW	DCIM/DSC06678.ARW	30654464	c1edf28d18c3a76bef5f19025d52d378ee4778c1873ce5fbe59bb3bb4cc49ca6	2026-04-26	2026-07-05	verified
DCIM/DSC06678.JPG	DCIM/DSC06678.JPG	10381285	36dc70d4ed2d1c3bf4a0adf63e9509cfa5b3df64a1c8f0a5f2ade70fb423efbb	2026-04-26	2026-07-05	verified
DCIM/DSC06679.ARW	DCIM/DSC06679.ARW	30609408	9aef6f32d33f3e2b43ee8c5742616b0c8dc8451ebb088d17eccb7addc55fbb3c	2026-04-26	2026-07-05	verified
DCIM/DSC06679.JPG	DCIM/DSC06679.JPG	10313698	34be103de356d16f926e694bb766a7a7d265ffe943425c09ce7cd15ad51a6d3f	2026-04-26	2026-07-05	verified
DCIM/DSC06680.ARW	DCIM/DSC06680.ARW	30105600	17c3e69f63721504bfee9f4e7601e844f370774f044c083a562e123166d45d2f	2026-04-26	2026-07-05	verified
DCIM/DSC06680.JPG	DCIM/DSC06680.JPG	9749519	7d385c637d559c986ce9e6d984c6038f5a9a215ae7e120b28af12f53c26a31a1	2026-04-26	2026-07-05	verified
DCIM/DSC06681.ARW	DCIM/DSC06681.ARW	30126080	b129bd645de224067cbcd2036c64283de6dc6fa24cca19da95176ee4435664f9	2026-04-26	2026-07-05	verified
DCIM/DSC06681.JPG	DCIM/DSC06681.JPG	9737214	23392c72501f063edc1fa4e2d784546507586803513bf6feff91ca188a0f7621	2026-04-26	2026-07-05	verified
DCIM/DSC06682.ARW	DCIM/DSC06682.ARW	30412800	0bb6c6bb3196dacf39a21a038141f9c8233b26d717ca03400c1c1627b9d0b5eb	2026-04-26	2026-07-05	verified
DCIM/DSC06682.JPG	DCIM/DSC06682.JPG	10120164	5e8dcb4d5b274b4be66d63feeb2b5e19ce634b9b8b93b18b6fdcb112e41f2c37	2026-04-26	2026-07-05	verified
DCIM/DSC06683.ARW	DCIM/DSC06683.ARW	30171136	176eda1f3178569cf09719925ef7922b4df22c3071e3da08c4cdfe748d82523b	2026-04-26	2026-07-05	verified
DCIM/DSC06683.JPG	DCIM/DSC06683.JPG	9799078	375167d4d8695c49a7395ef50d7f14d6a84cf8d324c7d68c37d65c2184723b3a	2026-04-26	2026-07-05	verified
DCIM/DSC06684.ARW	DCIM/DSC06684.ARW	30150656	4f67f331f07a82ec07145515f1ca1869abc95b58d0375c1399f7f7cf03584867	2026-04-26	2026-07-05	verified
DCIM/DSC06684.JPG	DCIM/DSC06684.JPG	9868549	c0473e1f88c68c53d6ab83665bf2b35f1136fc2d81dd1bb24fe8069e08180fe7	2026-04-26	2026-07-05	verified
DCIM/DSC06685.ARW	DCIM/DSC06685.ARW	30183424	583d2d50cf06c1d41cbd2d58b8cf67e8ebee86538803679f7b8f45c06ebb1093	2026-04-26	2026-07-05	verified
DCIM/DSC06685.JPG	DCIM/DSC06685.JPG	9881536	dba00e5df23d2eb142f7be46fdfef3e2ceb72e8d2d43290592e6cd2552926610	2026-04-26	2026-07-05	verified
DCIM/DSC06686.ARW	DCIM/DSC06686.ARW	30748672	dc3dd857f0c27e43eb199d3654cca3c2f3350ac9b8bb0e3ca67022a4f77176b3	2026-04-26	2026-07-05	verified
DCIM/DSC06686.JPG	DCIM/DSC06686.JPG	10457923	4df48e4ca8f4120204ee7e025ec65a55ddf07086fbfb6ca795ec0b27bf6009cb	2026-04-26	2026-07-05	verified
DCIM/DSC06687.ARW	DCIM/DSC06687.ARW	30711808	757ec5fc08b57f9369937389d0552a40cf238e15ddf1d7c9beaeac5ae591ed2e	2026-04-26	2026-07-05	verified
DCIM/DSC06687.JPG	DCIM/DSC06687.JPG	10405980	dcc2acad06f8d7dec8e2453ce769755a95d58b5bc3fff4da0073e356a27027ac	2026-04-26	2026-07-05	verified
DCIM/DSC06688.ARW	DCIM/DSC06688.ARW	30130176	fe66ffa2fb4833f0ba4a41b2b26e95d18c2333264b6129247c6661cbb5df899b	2026-04-26	2026-07-05	verified
DCIM/DSC06688.JPG	DCIM/DSC06688.JPG	9392725	9e33886b69d6024830d90bf64993a4cd44d50ebb279dbf7b9ce2f31f511f774d	2026-04-26	2026-07-05	verified
DCIM/DSC06689.ARW	DCIM/DSC06689.ARW	30797824	9ad68563a22a7c20a534255fe4a5404fc46b97cebf56c9fef3296e778025cef6	2026-04-26	2026-07-05	verified
DCIM/DSC06689.JPG	DCIM/DSC06689.JPG	10497682	c1e274cd73c011dda0c533152d821bd3672ec07e079c29b82aa16bbc01406420	2026-04-26	2026-07-05	verified
DCIM/DSC06690.ARW	DCIM/DSC06690.ARW	30519296	d36b88eec4f94cf5203c863e671ed902a34109b8c3b899fb6341fee908787091	2026-04-26	2026-07-05	verified
DCIM/DSC06690.JPG	DCIM/DSC06690.JPG	10028225	ff95007631df57c52e6763498b232d682f1b27ea156abd138db11a13b9057401	2026-04-26	2026-07-05	verified
DCIM/DSC06691.ARW	DCIM/DSC06691.ARW	30568448	fc4375c2ce71dfa1cb7447cb8dd5f210bde104abdf975b2408ac75bf2aac4f4b	2026-04-26	2026-07-05	verified
DCIM/DSC06691.JPG	DCIM/DSC06691.JPG	10109943	21ffe47a1e24d9eee4caa0bcacccafcc31aaf09ed7fe049b3b5a492e82b95636	2026-04-26	2026-07-05	verified
DCIM/DSC06692.ARW	DCIM/DSC06692.ARW	30519296	704c0f2d38637ff65cf4ca6bb22780465c06d4c71cfb1310a6a606599a5546f2	2026-04-26	2026-07-05	verified
DCIM/DSC06692.JPG	DCIM/DSC06692.JPG	10160155	34c4d7c3b99421ac8f7a88eea73a0ab3bbc0cf7e35b292db22ba4a0c3332835a	2026-04-26	2026-07-05	verified
DCIM/DSC06693.ARW	DCIM/DSC06693.ARW	29777920	ef367ad1c4b2b3f9acff4c07a63f38021d06f0c5e9a11b2c6628e07f66983f1d	2026-04-26	2026-07-05	verified
DCIM/DSC06693.JPG	DCIM/DSC06693.JPG	8289007	973b9045388f1844814b0e51e89a4b36647164cf0ec9ff36c9df9a43ab8c28cf	2026-04-26	2026-07-05	verified
DCIM/DSC06694.ARW	DCIM/DSC06694.ARW	29929472	c8a3a022dd343fc6c932c46a1c309fed3daa2389043755545186118ba5bab9e8	2026-04-26	2026-07-05	verified
DCIM/DSC06694.JPG	DCIM/DSC06694.JPG	8506127	a15a919cf63610dc614593cf087a0ad459fb871cd949ce7a30db4608ad5dabd5	2026-04-26	2026-07-05	verified
DCIM/DSC06695.ARW	DCIM/DSC06695.ARW	29978624	8798f9c38cae7047ebdb57d9287f23777f751cfd7f630a653345aa7380fff015	2026-04-26	2026-07-05	verified
DCIM/DSC06695.JPG	DCIM/DSC06695.JPG	8588687	2f202bd53e173bf5cf50b802b8e77c8fb5e8abd0f845ef0dd8315a64124e65af	2026-04-26	2026-07-05	verified
DCIM/DSC06696.ARW	DCIM/DSC06696.ARW	30126080	f6e9dab7d8c1adc6220a1e0d664c2a5e3409606cbde8f7cb45856cd7227f3df8	2026-04-26	2026-07-05	verified
DCIM/DSC06696.JPG	DCIM/DSC06696.JPG	9597071	0c100eea44fa86c094e0b1ae68bc6651eafcca97db54e9fc12485af0f2f708c5	2026-04-26	2026-07-05	verified
DCIM/DSC06697.ARW	DCIM/DSC06697.ARW	30208000	c242999e1c688e00f6d322187b2df95099dafa8c6efe351cdf430fb624ef7f48	2026-04-26	2026-07-05	verified
DCIM/DSC06697.JPG	DCIM/DSC06697.JPG	9727816	471691ebfa339d818ad86379a378e6e762109024e92e34ad6cc3c2eceb3b350b	2026-04-26	2026-07-05	verified
DCIM/DSC06698.ARW	DCIM/DSC06698.ARW	30294016	cfb6ef6a3eec1277d5f2fefc0034f7ddad7d4a3f8c1cecce7a7d62c75e37fa7a	2026-04-26	2026-07-05	verified
DCIM/DSC06698.JPG	DCIM/DSC06698.JPG	9847595	e79bea76ab1e706076b41e5fdbeec5f29e64919a503bc15598b8ab43e0937f6e	2026-04-26	2026-07-05	verified
DCIM/DSC06699.ARW	DCIM/DSC06699.ARW	30339072	b6ef52f7c5ad7df5f1b78df4a722505300e5b9f974fbc117802d7945b23c9d4d	2026-04-26	2026-07-05	verified
DCIM/DSC06699.JPG	DCIM/DSC06699.JPG	9911470	867ea3823b80b52fe291ea54ceb23df50987e2abdb22deba10b9b78c8e78cb74	2026-04-26	2026-07-05	verified
DCIM/DSC06700.ARW	DCIM/DSC06700.ARW	30117888	0b3c4738ce6887329d4c9819641a555a3092207fa7f6332aa1e4cf9fcd2f576c	2026-04-26	2026-07-05	verified
DCIM/DSC06700.JPG	DCIM/DSC06700.JPG	9122863	370e1cb89ef2d3b23e36167d85a1195ea0f303399c6db58924ad73e4964fc79e	2026-04-26	2026-07-05	verified
DCIM/DSC06701.ARW	DCIM/DSC06701.ARW	30846976	5dac7e5c84bf2b199ebd0aff8065ae80b8529bcd5967aead9c4a2e54b90bc1bd	2026-04-26	2026-07-05	verified
DCIM/DSC06701.JPG	DCIM/DSC06701.JPG	10710390	e2c69ff07a090b85810bf829262aa4b0a92e0cadd6e2922de5bc11c5a64d77ba	2026-04-26	2026-07-05	verified
DCIM/DSC06702.ARW	DCIM/DSC06702.ARW	31088640	1d2ba4d297650552003e934d7189ca5781623bc41fd5087cac5647ce64ded456	2026-04-26	2026-07-05	verified
DCIM/DSC06702.JPG	DCIM/DSC06702.JPG	11021687	7334042965fcebf8dcac8c26c101f48a4b789ed9821d145eb18b9e9790058315	2026-04-26	2026-07-05	verified
DCIM/DSC06703.ARW	DCIM/DSC06703.ARW	30883840	0eed034d7c1e285e6175e7d05b8507a051758153b3808ce1978d4c2df9eeec1a	2026-04-26	2026-07-05	verified
DCIM/DSC06703.JPG	DCIM/DSC06703.JPG	10722470	2932d6e51eb93d1004305c77fb3640448905abec296325aa771f74517c9ac2e2	2026-04-26	2026-07-05	verified
DCIM/DSC06704.ARW	DCIM/DSC06704.ARW	31133696	810cc42345d47fc4a455e1609f38c0489bd1eb9957dbdff7a807b0ee10fe1af1	2026-04-26	2026-07-05	verified
DCIM/DSC06704.JPG	DCIM/DSC06704.JPG	11021968	94005636332c8f2c93ac4a391a22370846715397fa942fd7bdf59ab2ecedefe2	2026-04-26	2026-07-05	verified
DCIM/DSC06705.ARW	DCIM/DSC06705.ARW	31195136	51a822e30903e221df4bc493363be5767a03a9f7e12a2f17230d9bfd70f0f0f2	2026-04-26	2026-07-05	verified
DCIM/DSC06705.JPG	DCIM/DSC06705.JPG	11061377	5ef6184fac0feeac64e509b8eef0171d92f4343775b46bd0548f930bb0df5d75	2026-04-26	2026-07-05	verified
DCIM/DSC06706.ARW	DCIM/DSC06706.ARW	31141888	992dc34ecda9d386660717d99db68bad177cc987470aeb5d08269684faced128	2026-04-26	2026-07-05	verified
DCIM/DSC06706.JPG	DCIM/DSC06706.JPG	11038237	4ab40204759076e506c2bfbcdbd31e01132668cc07f558b58ca199d9018b4915	2026-04-26	2026-07-05	verified
DCIM/DSC06707.ARW	DCIM/DSC06707.ARW	30531584	d9f66a6da3d042441d923feac3aec1fe6933db95b33139ec504d423f594e34aa	2026-04-26	2026-07-05	verified
DCIM/DSC06707.JPG	DCIM/DSC06707.JPG	10308485	9f9984c79c6bba3cf0930f3a211eee971196033eb1d31a07c07afdef1d5ea650	2026-04-26	2026-07-05	verified
DCIM/DSC06708.ARW	DCIM/DSC06708.ARW	30380032	43c8c3fb7c3e110a9c676cfa9e9c4aa8274cee8b9717100cc68244ead1475def	2026-04-26	2026-07-05	verified
DCIM/DSC06708.JPG	DCIM/DSC06708.JPG	10164842	bd5a891ec8442cde29e95c42a6c91928fd3d6326b2a0c13c9886105bd3731732	2026-04-26	2026-07-05	verified
DCIM/DSC06709.ARW	DCIM/DSC06709.ARW	30412800	481cd0fec877cfd2a7a575ff8e64b413a63305177d41019ed0017935ed1d1ba4	2026-04-26	2026-07-05	verified
DCIM/DSC06709.JPG	DCIM/DSC06709.JPG	10196255	783197f91b60e8ed4ca360369d5c76fd60c82c75e6e1db84b660a302c7a036b6	2026-04-26	2026-07-05	verified
DCIM/DSC06710.ARW	DCIM/DSC06710.ARW	30392320	39c86bd9138ec4c2a52031f7c20be8d0b95246a356d7706532eef23424e08849	2026-04-26	2026-07-05	verified
DCIM/DSC06710.JPG	DCIM/DSC06710.JPG	9894067	4d5d59424cbb7ca19371551becda6f4a60bad0549b34f9f0f0a4aff06d41bf75	2026-04-26	2026-07-05	verified
DCIM/DSC06711.ARW	DCIM/DSC06711.ARW	30375936	06c06dc699341b42107fdefc7917446e4b1ddba31d90b4c776c5f9ce571b4ae5	2026-04-26	2026-07-05	verified
DCIM/DSC06711.JPG	DCIM/DSC06711.JPG	9849897	5e0f60ecc65f0733ac2a95e2b7ffb19ded14c57f38acf38905799384aa9107dc	2026-04-26	2026-07-05	verified
DCIM/DSC06712.ARW	DCIM/DSC06712.ARW	30343168	23a904de8403cc166bcdde67aee2a487a1c9366c59ca8cca04adfb8c7b483776	2026-04-26	2026-07-05	verified
DCIM/DSC06712.JPG	DCIM/DSC06712.JPG	9827956	efe39cd02ee3c36a1a2d2f9de8434d9c15cfd926309d9646a8ecf707795876e2	2026-04-26	2026-07-05	verified
DCIM/DSC06713.ARW	DCIM/DSC06713.ARW	28823552	92614665977fb838c91d333f8120b8edb5a211297ddae7470ae39b426586220e	2026-04-26	2026-07-05	verified
DCIM/DSC06713.JPG	DCIM/DSC06713.JPG	6920180	ea2ff22d356c011f6fc37203dfb20d776b44189f193a4e61b5485186f6a1a5a2	2026-04-26	2026-07-05	verified
DCIM/DSC06714.ARW	DCIM/DSC06714.ARW	29040640	184da9be721ad32cfc093afe236ed42424d8f530a5f65d811738ddf1c661865d	2026-04-26	2026-07-05	verified
DCIM/DSC06714.JPG	DCIM/DSC06714.JPG	7238465	86610e46166234ddd4e2e9b686e02c7bac1a745116eafa463abfa1748d4eff42	2026-04-26	2026-07-05	verified
DCIM/DSC06715.ARW	DCIM/DSC06715.ARW	28811264	78dbfbcc96aa5271f0f1688eb2d6886b35a925762d2dcd00003354256a97302e	2026-04-26	2026-07-05	verified
DCIM/DSC06715.JPG	DCIM/DSC06715.JPG	6898717	091ab743df577473cc3e5de653a51cdb9ff6059d49b2e97fe4af91076bf5a367	2026-04-26	2026-07-05	verified
DCIM/DSC06716.ARW	DCIM/DSC06716.ARW	28889088	fec6ba752d67f0c783110032fc76b18662f2ec0ef23774abfb70ef1b92073059	2026-04-26	2026-07-05	verified
DCIM/DSC06716.JPG	DCIM/DSC06716.JPG	7023418	aef3c17bc8129cfae97a55bd6fdbd47af5ef2d598c94ba7ab5c8e6a7942e87bc	2026-04-26	2026-07-05	verified
DCIM/DSC06717.ARW	DCIM/DSC06717.ARW	28893184	944a2641f1e2992a1a96f3e569259dc7db5113274a4fe2d22de2e8f7ac221cd3	2026-04-26	2026-07-05	verified
DCIM/DSC06717.JPG	DCIM/DSC06717.JPG	7032015	97a159a1e5a344a889a47a747514ee304b0f9db9b17bbb9a743fccc9989b17bf	2026-04-26	2026-07-05	verified
DCIM/DSC06718.ARW	DCIM/DSC06718.ARW	28807168	433b96a48d1ca0c5fad6a7578c09597bdcd870db06c68752f4b2f48f5dff039b	2026-04-26	2026-07-05	verified
DCIM/DSC06718.JPG	DCIM/DSC06718.JPG	6890157	87d26a03ca5ee1b8ea245a81c8334587394836c38ead0c3ef3e80a51ec56ae70	2026-04-26	2026-07-05	verified
DCIM/DSC06719.ARW	DCIM/DSC06719.ARW	28823552	98fcfa5d2397810d23fbc06ff12bf0a404824f97be14b90b4a34d009ff2fef7e	2026-04-26	2026-07-05	verified
DCIM/DSC06719.JPG	DCIM/DSC06719.JPG	6923457	a8a95750136f12289f14828a71556453dcd74550c52b3537ce75d1474fbcec31	2026-04-26	2026-07-05	verified
DCIM/DSC06720.ARW	DCIM/DSC06720.ARW	28880896	ba091b5798a32e6baa8eac353b8a0930d99232fb64de24fbfec4fbdeca6c23d5	2026-04-26	2026-07-05	verified
DCIM/DSC06720.JPG	DCIM/DSC06720.JPG	7005397	5880a6ed84017cbfce4572a30e04452c2f7fd4c8b2015a51b84b40ab96a312b3	2026-04-26	2026-07-05	verified
DCIM/DSC06721.ARW	DCIM/DSC06721.ARW	28893184	356c89f3260348fa0edae504536ead726fabb027ac0587fdcb233222589a0e37	2026-04-26	2026-07-05	verified
DCIM/DSC06721.JPG	DCIM/DSC06721.JPG	7031216	0a198c5746b8786f56a327a41bc195c549793d29e51fb4704467927b89f3d32d	2026-04-26	2026-07-05	verified
DCIM/DSC06722.ARW	DCIM/DSC06722.ARW	28872704	5e6ff8f6253df6882284d3cbce1da2e2f50cb313f12bf219a2c36e2d3ecda5f0	2026-04-26	2026-07-05	verified
DCIM/DSC06722.JPG	DCIM/DSC06722.JPG	6998265	ce0405a11133df1afe7f6601b0a87467c1ead67fe0028b33d288c1ea2fded223	2026-04-26	2026-07-05	verified
DCIM/DSC06723.ARW	DCIM/DSC06723.ARW	27959296	693d69dde91708dcbfc5aac6e3d5fb1d31f83ec5c0a29d9257f221187fb09542	2026-04-26	2026-07-05	verified
DCIM/DSC06723.JPG	DCIM/DSC06723.JPG	5061154	b6408600a0da74902b716e545b565725639c64655f3d02256e4d140c2c754bcd	2026-04-26	2026-07-05	verified
DCIM/DSC06724.ARW	DCIM/DSC06724.ARW	28024832	747930fe551274ebc0a060e978f4ed21973b4407882919b998f9d65020c8e577	2026-04-26	2026-07-05	verified
DCIM/DSC06724.JPG	DCIM/DSC06724.JPG	5521636	0fb3defb23032a6ff5516f726fe968f7f2d175ba33df289e43697aebf7eff965	2026-04-26	2026-07-05	verified
DCIM/DSC06725.ARW	DCIM/DSC06725.ARW	27947008	2693ed41d44a5eb5272fd6015fe123264d0b576f5c3e63b575a8d04985db42cc	2026-04-26	2026-07-05	verified
DCIM/DSC06725.JPG	DCIM/DSC06725.JPG	5414316	cba0055a4e68de67dedf1d4cf923dbe1e59ed7f78e100affd61d6d24de5ff01d	2026-04-26	2026-07-05	verified
DCIM/DSC06726.ARW	DCIM/DSC06726.ARW	30564352	49d42c74ecba5d45a90fca114751ce521942a338524b55ac2f5482ccd9b633eb	2026-04-26	2026-07-05	verified
DCIM/DSC06726.JPG	DCIM/DSC06726.JPG	10406299	e2761f78f70f15eae31f0ecee6e9d3c83c9c0d27902d8d5ae812eac084df8262	2026-04-26	2026-07-05	verified
DCIM/DSC06727.ARW	DCIM/DSC06727.ARW	30539776	50feff8d60943337a4071ea520751a72a568640ab5021469544b53ada9a3f4cd	2026-04-26	2026-07-05	verified
DCIM/DSC06727.JPG	DCIM/DSC06727.JPG	10356880	e33fe840aed199393af4b13790ae3b847c286ad2f22763ea0ff56983221ff150	2026-04-26	2026-07-05	verified
DCIM/DSC06728.ARW	DCIM/DSC06728.ARW	30371840	79d39e3ef5d03fb03a5e7a554b7cc3e05c521881d154e2d9b161b50fbf5b3578	2026-04-26	2026-07-05	verified
DCIM/DSC06728.JPG	DCIM/DSC06728.JPG	9736559	b9b7f3d4e882af840643a0ad9ccc24cd89109a3846950750805d2d4dcf4b38c8	2026-04-26	2026-07-05	verified
DCIM/DSC06729.ARW	DCIM/DSC06729.ARW	30580736	ce4a1d7099c3fe4c6edc68f1c0b84da1b9aa251fcb676086ebafa23afbafa759	2026-04-26	2026-07-05	verified
DCIM/DSC06729.JPG	DCIM/DSC06729.JPG	10475602	39af1632a48ca688ba9c81fab4a742fa964fb2ccd9fbbc22379d840195cfdd0c	2026-04-26	2026-07-05	verified
DCIM/DSC06730.ARW	DCIM/DSC06730.ARW	30654464	8b8435a509702789f5db9999be699975e4f67a6f82961c3a9025654bef320c1f	2026-04-26	2026-07-05	verified
DCIM/DSC06730.JPG	DCIM/DSC06730.JPG	10573851	0fe3829fb9b48245bf06a0a106312ca70472743f5cf4088885f9929839a3ac42	2026-04-26	2026-07-05	verified
DCIM/DSC06731.ARW	DCIM/DSC06731.ARW	30699520	88fdf67157cbb686edc16ef085aa57f95a3895cad2d860ec611cdfe3dacdc064	2026-04-26	2026-07-05	verified
DCIM/DSC06731.JPG	DCIM/DSC06731.JPG	10624861	59d2bf1682560d20bb0b79c72fa08c7f90dcf152ad3c811055ae65861794c3ce	2026-04-26	2026-07-05	verified
DCIM/DSC06732.ARW	DCIM/DSC06732.ARW	30289920	8fd2a935c97f82cd55fbe1459f064424ab618e72ec98fe1aef9e9016100fbd99	2026-04-26	2026-07-05	verified
DCIM/DSC06732.JPG	DCIM/DSC06732.JPG	9883719	a9ab129fe82ed46e0118ebe1d42644696511a6ff1aacb8b4cab470c6db7fd829	2026-04-26	2026-07-05	verified
DCIM/DSC06733.ARW	DCIM/DSC06733.ARW	30154752	b770a850b6d83b8ec964d8fbb2866b54eee2249ef23d74891c8adb50e203d34e	2026-04-26	2026-07-05	verified
DCIM/DSC06733.JPG	DCIM/DSC06733.JPG	9522039	a354f0f44556cc53d4a68830cf4ed98c8844bfaa0bbcdf49677d9f4622e1c010	2026-04-26	2026-07-05	verified
DCIM/DSC06734.ARW	DCIM/DSC06734.ARW	29839360	1f8e84c146ca2fcf5e08d97da9bc0af7cbc6962e0b390941ff9277a93b2528ff	2026-04-26	2026-07-05	verified
DCIM/DSC06734.JPG	DCIM/DSC06734.JPG	9055936	91b932b4f7d73372c1d21a6eecfda232746672f31116e19d4d84065e7aa4a2c2	2026-04-26	2026-07-05	verified
DCIM/DSC06735.ARW	DCIM/DSC06735.ARW	30257152	1efeef9f67b1315430718d96fa8e5254adfd05ceabb94521fc3d42192374f2c4	2026-04-26	2026-07-05	verified
DCIM/DSC06735.JPG	DCIM/DSC06735.JPG	9576416	693c16d46550b6079d292f99ee6820cac7c2970a8b1527990d1eeb8f3704e7b8	2026-04-26	2026-07-05	verified
DCIM/DSC06736.ARW	DCIM/DSC06736.ARW	30380032	44243f9908ca33a87e0f2d0365cb4a5f1d851ba8ce30be48abbb1c86076e1281	2026-04-26	2026-07-05	verified
DCIM/DSC06736.JPG	DCIM/DSC06736.JPG	9840807	dc6a48c1288966fa596109d7f947e738dd31a7a279223d6bb844e606676f3a00	2026-04-26	2026-07-05	verified
DCIM/DSC06737.ARW	DCIM/DSC06737.ARW	30375936	88901b5aaedadc2c97eb3bb93a048e23ad8b88693ee13de11e4ce97e071c3c26	2026-04-26	2026-07-05	verified
DCIM/DSC06737.JPG	DCIM/DSC06737.JPG	9820433	3fbd139aeec82c961521e6c3ec93ce1cd6be742d7a46bf5a06453a97c18f96fb	2026-04-26	2026-07-05	verified
DCIM/DSC06738.ARW	DCIM/DSC06738.ARW	30412800	7842f5463e6103dc33342eba6741adc0faa6ce9ff46f8bf8dc5b4cbfeb355666	2026-04-26	2026-07-05	verified
DCIM/DSC06738.JPG	DCIM/DSC06738.JPG	9884847	f57eb41f4b128103c7646afd65e6c84d0d68184961183ca3361f7eef90bb4a9c	2026-04-26	2026-07-05	verified
DCIM/DSC06739.ARW	DCIM/DSC06739.ARW	30433280	d847a10e14bca65db7e07a44c07b317e101f17da40123cfd14a231b464181890	2026-04-26	2026-07-05	verified
DCIM/DSC06739.JPG	DCIM/DSC06739.JPG	9899383	f0558b13174aa83d5a7dffb3eb0b9b542ca4e32ee31a6f086a16b286bc8435f7	2026-04-26	2026-07-05	verified
DCIM/DSC06740.ARW	DCIM/DSC06740.ARW	30359552	d7ebb718c2fe1bebdbd976555001d3cdbf6725794d965d2f296928b38747f547	2026-04-26	2026-07-05	verified
DCIM/DSC06740.JPG	DCIM/DSC06740.JPG	9718063	9878dc8d1734da1249aafc285007afd001184065954644c73481183a43bdf432	2026-04-26	2026-07-05	verified
DCIM/DSC06741.ARW	DCIM/DSC06741.ARW	29179904	fb93d2a50b2ee4bc4f0e6794ad479045914741640844c0e75f1a9ea81e77da49	2026-04-26	2026-07-05	verified
DCIM/DSC06741.JPG	DCIM/DSC06741.JPG	7456227	7cc2c2d6b2101bfb242cc60b7812c55d228ed0e71274223502ec209e6ab0c0d9	2026-04-26	2026-07-05	verified
DCIM/DSC06742.ARW	DCIM/DSC06742.ARW	29237248	44bb6ae9f5257df715101ec11fe85aca365a2aa17fbc1e67b79684fc6ec10bcf	2026-04-26	2026-07-05	verified
DCIM/DSC06742.JPG	DCIM/DSC06742.JPG	7559706	5cfae6951aa69a4252b37e54769ed141115c1d4b561121bdbe1080b60b7b603a	2026-04-26	2026-07-05	verified
DCIM/DSC06743.ARW	DCIM/DSC06743.ARW	29933568	ac2db4cac8758c0ecd1cd2afa2e55ace50c8fa7c14cad9b5f82535eff9b45ddc	2026-04-26	2026-07-05	verified
DCIM/DSC06743.JPG	DCIM/DSC06743.JPG	8411165	2ee5d14c74d48f408552d78f390963709215d30bce63c4cdb77910894a4d8507	2026-04-26	2026-07-05	verified
DCIM/DSC06744.ARW	DCIM/DSC06744.ARW	29704192	b0b67efa32f22acc674d90b7d4c84a897a79c9cc87f070864366154b401870bb	2026-04-26	2026-07-05	verified
DCIM/DSC06744.JPG	DCIM/DSC06744.JPG	8130971	c703c40e5690e562376aa87badaec33e9d8c9c208404709c12f324e8fb973e8e	2026-04-26	2026-07-05	verified
DCIM/DSC06745.ARW	DCIM/DSC06745.ARW	30044160	1653a0eda46406e7bd4157b2c62b615c758a110f656bd1ae5ab0c638ff733593	2026-04-26	2026-07-05	verified
DCIM/DSC06745.JPG	DCIM/DSC06745.JPG	8644483	9ee9c452bebdd1784333e25182de084478e6600495540db75925d9c8ffccb8b5	2026-04-26	2026-07-05	verified
DCIM/DSC06746.ARW	DCIM/DSC06746.ARW	29421568	c1800a3e9c1c611908bd710d95752b94afde0e1fb6f663794e0842c186f1ca0e	2026-04-26	2026-07-05	verified
DCIM/DSC06746.JPG	DCIM/DSC06746.JPG	7962484	c59e4c6521443d44551c55319322243a558d9e1812c0387a341ba000a1078a65	2026-04-26	2026-07-05	verified
DCIM/DSC06747.ARW	DCIM/DSC06747.ARW	29364224	70dd3cf3e955fd3927857842ad2aed22e0d7a71388f72c60a7d047a8bd8cbc8b	2026-04-26	2026-07-05	verified
DCIM/DSC06747.JPG	DCIM/DSC06747.JPG	7724667	0cbdc9aebe3173cb231052c1153e685a51c2db670cbe2f6128830483c3df5f03	2026-04-26	2026-07-05	verified
DCIM/DSC06748.ARW	DCIM/DSC06748.ARW	29237248	8f725ddc6787a75eeb572bff9efd749bddd4785adf70cd047ca292934d059f52	2026-04-26	2026-07-05	verified
DCIM/DSC06748.JPG	DCIM/DSC06748.JPG	7622240	f54f90cc3677f2234cd81b5bc61ba269d5e91f0b490901932acba054e2039799	2026-04-26	2026-07-05	verified
DCIM/DSC06749.ARW	DCIM/DSC06749.ARW	30126080	e63803f8a112fa1e09d651848dd577adae18c3011b9c6b58977f8bfbebf866b5	2026-04-26	2026-07-05	verified
DCIM/DSC06749.JPG	DCIM/DSC06749.JPG	9542699	ec359e14aa19837bfffac2e41136540817b17e1047e7b63c7dc1c21f9ab32df9	2026-04-26	2026-07-05	verified
DCIM/DSC06750.ARW	DCIM/DSC06750.ARW	30007296	85df09647ca5589975b2f34fe629d0cacb7fe8083fcd2eefd095633fc6971dec	2026-04-26	2026-07-05	verified
DCIM/DSC06750.JPG	DCIM/DSC06750.JPG	9401567	62fed7ca4785147da6ecdc92e0a3fc5e77be58e5d4764cc647df64868405bd5b	2026-04-26	2026-07-05	verified
DCIM/DSC06751.ARW	DCIM/DSC06751.ARW	29282304	b6fb9d3aa049460e85e78c4c735d06aba4ab09ad1db1941ef529e5f7ea269480	2026-04-26	2026-07-05	verified
DCIM/DSC06751.JPG	DCIM/DSC06751.JPG	7607750	dc9bf2f0c977ce574e887d9f926af3048c80b41628343c81cf050bd80c0e4aed	2026-04-26	2026-07-05	verified
DCIM/DSC06752.ARW	DCIM/DSC06752.ARW	29863936	fd2c0fff7d078a27607bb17326acbee49455f761508ab069f966d9049e007ea3	2026-04-26	2026-07-05	verified
DCIM/DSC06752.JPG	DCIM/DSC06752.JPG	8989638	b26de75e497ed9f505ca33b4125a2917e48c3b9f49f9663a3f18beb4ef3bf214	2026-04-26	2026-07-05	verified
DCIM/DSC06753.ARW	DCIM/DSC06753.ARW	29888512	edfde096cda0cff487f73a97fc23a801840889d90de0397e82eeeee54c6b8b94	2026-04-26	2026-07-05	verified
DCIM/DSC06753.JPG	DCIM/DSC06753.JPG	9164798	cecdc9e297130bbc7d33002861b172d83c1589c1b2a967eaf8706119d74f2d3b	2026-04-26	2026-07-05	verified
DCIM/DSC06754.ARW	DCIM/DSC06754.ARW	29851648	c3a0ea9aa3cab4ce5347ecce183a6e0c20bb0fe7daff11452e20c86b5581a60c	2026-04-26	2026-07-05	verified
DCIM/DSC06754.JPG	DCIM/DSC06754.JPG	9066897	5fb941652a3f65f4cc1d36a51768bb5b0aa20c61c41d74aa169f5bb2b12ba88c	2026-04-26	2026-07-05	verified
DCIM/DSC06755.ARW	DCIM/DSC06755.ARW	29921280	91565c0b88aa5e27e8081ced9f6ff39c002222b8461c9b9162dc6223d2ba8f3c	2026-04-26	2026-07-05	verified
DCIM/DSC06755.JPG	DCIM/DSC06755.JPG	9177122	541ef93009bcc2fe68a179134dab7907995829e17abdf220350bb71d72e6e4f6	2026-04-26	2026-07-05	verified
DCIM/DSC06756.ARW	DCIM/DSC06756.ARW	29974528	1b2d7902a4486bb5f6a4bc42f796103f684ec858a19f225e7d59bc529619ec32	2026-04-26	2026-07-05	verified
DCIM/DSC06756.JPG	DCIM/DSC06756.JPG	9268798	fd8ce253af263a788baab23d9cd26c7bea98f2da9228be5d3d91855d4f2ffc00	2026-04-26	2026-07-05	verified
DCIM/DSC06757.ARW	DCIM/DSC06757.ARW	29933568	341777bf34a03fb2944ac0f64dd6e3990c27a52804034ce68dd11f6afe3d7ba2	2026-04-26	2026-07-05	verified
DCIM/DSC06757.JPG	DCIM/DSC06757.JPG	9196995	2ddf9c866f5c7863d2ad58eadcad4d97b100795870b8ec7d7b00ce0d56926864	2026-04-26	2026-07-05	verified
DCIM/DSC06758.ARW	DCIM/DSC06758.ARW	29376512	6efe8efaa3676295e22cf53754992ca7156f6fe700f93ec7776454fb88506af4	2026-04-26	2026-07-05	verified
DCIM/DSC06758.JPG	DCIM/DSC06758.JPG	8051153	ea84180f9ca4b066a785f55142aefcfabcfb519d8b34399e67439dae7d7745c0	2026-04-26	2026-07-05	verified
DCIM/DSC06759.ARW	DCIM/DSC06759.ARW	29184000	9360e783241b2717f8ab57db2307b46c833944cc53a98a265a55bb44a4b08f3c	2026-04-26	2026-07-05	verified
DCIM/DSC06759.JPG	DCIM/DSC06759.JPG	7663705	8cdcaec881f556e97904c5fd9f0c718755cd2e7ad1f8243e2622771a7d7e09be	2026-04-26	2026-07-05	verified
DCIM/DSC06760.ARW	DCIM/DSC06760.ARW	29380608	47b6a0c7428789d6f399b7b2371c4b90b47607b21127742f4a1a68f6318dac5c	2026-04-26	2026-07-05	verified
DCIM/DSC06760.JPG	DCIM/DSC06760.JPG	8057527	976f6b7103477f71561e7ea0f7269b5ae63b0f2cf8b5f97d6e477ec7364fa266	2026-04-26	2026-07-05	verified
DCIM/DSC06761.ARW	DCIM/DSC06761.ARW	29900800	9a116f47768bff2fb814c0a45b689dd737ed8a1c588a178da1a487fbee7e80d5	2026-04-26	2026-07-05	verified
DCIM/DSC06761.JPG	DCIM/DSC06761.JPG	8241344	7bf49f677a9e978511f90924dcb2623ce80f2f909d7b49ece2f8eadabd830e54	2026-04-26	2026-07-05	verified
DCIM/DSC06762.ARW	DCIM/DSC06762.ARW	29937664	a187212fd1fc4a4f7bee719891c425af5310aac4ed0a6f51e36bb03e6c70176e	2026-04-26	2026-07-05	verified
DCIM/DSC06762.JPG	DCIM/DSC06762.JPG	8319322	e56af825558995405ef3c0139521970ea7ef4183c0613337d7a58d75e22e0ece	2026-04-26	2026-07-05	verified
DCIM/DSC06763.ARW	DCIM/DSC06763.ARW	27906048	cb26c9a1924ac6c98d9681308d977b9923246e0f722b627184b8f79f360098cf	2026-04-26	2026-07-05	verified
DCIM/DSC06763.JPG	DCIM/DSC06763.JPG	4790527	24b50ecc8127fee25b8747379ea71086b796a21f64cd357146953950c06a2588	2026-04-26	2026-07-05	verified
DCIM/DSC06764.ARW	DCIM/DSC06764.ARW	30044160	b9d38a9a129e056089c6af3d44239e442865ae414dd52489249cab8b7dcb7364	2026-04-26	2026-07-05	verified
DCIM/DSC06764.JPG	DCIM/DSC06764.JPG	8778087	82270899b071c9bc317e916b76b22d633d136d5ac452ed077ace9e30d41cc40a	2026-04-26	2026-07-05	verified
DCIM/DSC06765.ARW	DCIM/DSC06765.ARW	31072256	757372c71e5aeb21d5845c4a8701ee16839e179012cd33dcf814cf6cef1acf94	2026-04-26	2026-07-05	verified
DCIM/DSC06765.JPG	DCIM/DSC06765.JPG	10323465	2eefd080c7394ceda9bb651488c37f00360869853c46f71bcc10dd9d76b6e4b3	2026-04-26	2026-07-05	verified
DCIM/DSC06766.ARW	DCIM/DSC06766.ARW	31174656	b2d94f624e66e9a2ee39fc9d9db4942034b0c81ee6a686cc3698c18b056c4d61	2026-04-26	2026-07-05	verified
DCIM/DSC06766.JPG	DCIM/DSC06766.JPG	10482068	e0b26ce2066761fa9a3ac7ccb8815589d3b2bb9f17333204bcf12a0fa5809e03	2026-04-26	2026-07-05	verified
DCIM/DSC06767.ARW	DCIM/DSC06767.ARW	31404032	1e0a17d522cb06e35ed7b41b22266edd00318d9ffa848977cedb9fbbbefc7a81	2026-04-26	2026-07-05	verified
DCIM/DSC06767.JPG	DCIM/DSC06767.JPG	10836341	fcc82cda3068c2912dde57afb6e6aa7f993e0765e3353bbee7e56460a52a61f3	2026-04-26	2026-07-05	verified
DCIM/DSC06768.ARW	DCIM/DSC06768.ARW	31444992	40428ac99b62886d2a3b5d46de1c03f2af9f0ca1c655d939dc991b58786832fc	2026-04-26	2026-07-05	verified
DCIM/DSC06768.JPG	DCIM/DSC06768.JPG	10896650	79d76dbc92a9b275393d345fad6ba89a89d588003f49e88b1a13c5e45bbaa80d	2026-04-26	2026-07-05	verified
DCIM/DSC06769.ARW	DCIM/DSC06769.ARW	31010816	26c20ac2906396b1921da086f879ff09fde5fce13c358bea1c60be27eb50593c	2026-04-26	2026-07-05	verified
DCIM/DSC06769.JPG	DCIM/DSC06769.JPG	10252795	d5a76b12cafd7e67cd19a112b2afb50812fea7aba36daf61866a66fe01866fe6	2026-04-26	2026-07-05	verified
DCIM/DSC06770.ARW	DCIM/DSC06770.ARW	31256576	24b517fd9ca15591a40b2578177bbdcb5ac372669a06b1a904054794b8495c56	2026-04-26	2026-07-05	verified
DCIM/DSC06770.JPG	DCIM/DSC06770.JPG	10640654	c411a4360a05ad52f490b7cd788042a84584021150f0672400fa08f0b734dca5	2026-04-26	2026-07-05	verified
DCIM/DSC06771.ARW	DCIM/DSC06771.ARW	28581888	1f81d2607d143f519b86a639c284102fc18734e6668ba155b63f21844b49bb25	2026-04-26	2026-07-05	verified
DCIM/DSC06771.JPG	DCIM/DSC06771.JPG	6495301	da52f6b525a04da861f33d57a2d2b2f8884a4002cb172c7e4b1fcd6b771f3b49	2026-04-26	2026-07-05	verified
DCIM/DSC06772.ARW	DCIM/DSC06772.ARW	28520448	61c8ee9f3a66e755a4ecdf4d5be40d8045cfe676a0dd9043c6ee42843268f250	2026-04-26	2026-07-05	verified
DCIM/DSC06772.JPG	DCIM/DSC06772.JPG	6427751	8b4dcfc718a8235577af8368b54b3320886df9a3a2280e3379cdc465c74c3249	2026-04-26	2026-07-05	verified
DCIM/DSC06773.ARW	DCIM/DSC06773.ARW	31477760	a55008a52d17174b104bf2bd364fd2bb0eaec57ca61e9e5a4d254c51210105a2	2026-04-26	2026-07-05	verified
DCIM/DSC06773.JPG	DCIM/DSC06773.JPG	10985374	4857fda97948739039718f29862b52d395f058dd096c87c1d6d14ed47488645a	2026-04-26	2026-07-05	verified
DCIM/DSC06774.ARW	DCIM/DSC06774.ARW	31268864	3370355e4d34f445f2ce0cdf978e9bce8a535a9a2027a5390e9d34eb0697cf85	2026-04-26	2026-07-05	verified
DCIM/DSC06774.JPG	DCIM/DSC06774.JPG	10647054	aac587199a39add8aabbaa5985378d4548574e88ea15c2e4e19a10de80900484	2026-04-26	2026-07-05	verified
DCIM/DSC06775.ARW	DCIM/DSC06775.ARW	29622272	df9bdae34e64bbf524dca9ef0143538b1a17114bf28c65d696b482056b7c6e7e	2026-04-26	2026-07-05	verified
DCIM/DSC06775.JPG	DCIM/DSC06775.JPG	8032315	3160707f31c33f04c5331003780d7cb7f1095d9866881cf4456119ef235454a2	2026-04-26	2026-07-05	verified
DCIM/DSC06776.ARW	DCIM/DSC06776.ARW	31399936	9b676dea741a1611702f507913b86ca74926002af940285152e8b8a2f06397fe	2026-04-26	2026-07-05	verified
DCIM/DSC06776.JPG	DCIM/DSC06776.JPG	10665863	a6c1ba8bd3bc10e4b66418a88837c7f1568622b5382d11b43f65478e5d39e601	2026-04-26	2026-07-05	verified
DCIM/DSC06777.ARW	DCIM/DSC06777.ARW	28868608	110d185dcb57c30f11e2f6bbd615113d52f169e5ba0e301abb6ecb5c355a56dd	2026-04-26	2026-07-05	verified
DCIM/DSC06777.JPG	DCIM/DSC06777.JPG	6820217	3250727ba3b117b3b5d15e7d0bd4d647eca2857b2f9c596f8a9e93acfd7d2ad3	2026-04-26	2026-07-05	verified
DCIM/DSC06778.ARW	DCIM/DSC06778.ARW	31973376	63cad3e06443859af3c329b3ee49f2dc350f353801d7e29b1c2c86f43047d74d	2026-04-26	2026-07-05	verified
DCIM/DSC06778.JPG	DCIM/DSC06778.JPG	11654053	164acfb63e0e20742db6d47ee3c5b6c75977f41a99e5836039451d78f843e9e3	2026-04-26	2026-07-05	verified
DCIM/DSC06779.ARW	DCIM/DSC06779.ARW	31649792	4b6ed871e224ae4c48fb48a64ea5db65f62696041360af115f2777cd997b20a0	2026-04-26	2026-07-05	verified
DCIM/DSC06779.JPG	DCIM/DSC06779.JPG	11077541	5f4279d9f3adddea020fd57662d821da6e681665d0c67609d92ce1e1590d198d	2026-04-26	2026-07-05	verified
DCIM/DSC06780.ARW	DCIM/DSC06780.ARW	30343168	45b22f1343dea0028877c969babfdb3d0be7fd81ae7fe4f98565e116dd638508	2026-04-26	2026-07-05	verified
DCIM/DSC06780.JPG	DCIM/DSC06780.JPG	9129216	9db9869fc652c5d7ac55752bd86a851332d39d5f49abf2ced035c6f5848a2453	2026-04-26	2026-07-05	verified
DCIM/DSC06781.ARW	DCIM/DSC06781.ARW	30666752	cf2eede290c29675be3ebf6f61332580b55b7a5dca6a4b3cbbe95a8cb0a31228	2026-04-26	2026-07-05	verified
DCIM/DSC06781.JPG	DCIM/DSC06781.JPG	9667707	29849cb02aa09b1e7d6f1e2b50bf3a74c2be56f10b62469cf37d42ab99f8cd44	2026-04-26	2026-07-05	verified
DCIM/DSC06782.ARW	DCIM/DSC06782.ARW	30449664	87cb6f7d1cfadc062ab0d6174a02b21dd3f4b2e26f9feb918523c6e233bf4013	2026-04-26	2026-07-05	verified
DCIM/DSC06782.JPG	DCIM/DSC06782.JPG	9420482	f4597b281315899c1fcbd3cdd4add2d3ce4ae94ca0a17b62f4d0816f0b36bb58	2026-04-26	2026-07-05	verified
DCIM/DSC06783.ARW	DCIM/DSC06783.ARW	30826496	25acb85c3da7cf9c040a84c0bc94628b269caeef4fc80453badbfecfede672ff	2026-04-26	2026-07-05	verified
DCIM/DSC06783.JPG	DCIM/DSC06783.JPG	10014446	4876f9b759306830966fbb13b8a8862af6efa20e75f610402b22e3e71269fc93	2026-04-26	2026-07-05	verified
DCIM/DSC06784.ARW	DCIM/DSC06784.ARW	30814208	0dc5455d8afa3b4a002494d35df305f008d148433ae0cad7dd67c2f446f24979	2026-04-26	2026-07-05	verified
DCIM/DSC06784.JPG	DCIM/DSC06784.JPG	10024735	7d325a548ad8221ef9828e5c23fad717cd3e7cd036a9ec88c6651b8a7f7d4f9a	2026-04-26	2026-07-05	verified
DCIM/DSC06785.ARW	DCIM/DSC06785.ARW	30900224	3f7067a38a76851567b0aabd06f2471d38a49b60d57f18cc78aa5216d81e63b8	2026-04-26	2026-07-05	verified
DCIM/DSC06785.JPG	DCIM/DSC06785.JPG	10163458	06cd1865b769f137c27474c6e0d90ced2d98ac40bc2530d0a1ee97a73ee8c58f	2026-04-26	2026-07-05	verified
DCIM/DSC06786.ARW	DCIM/DSC06786.ARW	30904320	be74e5a8aab69734003b4ee1665e781818ec00f7cde87ffd711d3311731b99ab	2026-04-26	2026-07-05	verified
DCIM/DSC06786.JPG	DCIM/DSC06786.JPG	10174182	af45df1a0e1ee946673dedf3d185857d6d70e087215c828252ffd8a2a2802a82	2026-04-26	2026-07-05	verified
DCIM/DSC06787.ARW	DCIM/DSC06787.ARW	30949376	4a94186b2b889620a075839571c52bda24286dc560c1441159b87e478a85fa53	2026-04-26	2026-07-05	verified
DCIM/DSC06787.JPG	DCIM/DSC06787.JPG	10240603	c285823e67148b057bd5b6edd17f5b19e0d63d658400c19d45c3de180a08a27a	2026-04-26	2026-07-05	verified
DCIM/DSC06788.ARW	DCIM/DSC06788.ARW	30830592	a859635c3fa045a2fc55236564a96101281e978f065f2f99b85875473d1b0a12	2026-04-26	2026-07-05	verified
DCIM/DSC06788.JPG	DCIM/DSC06788.JPG	10048967	68f2e853fe8ea7bb36796b649057e288e95633793b50006b4786a7cc41abe429	2026-04-26	2026-07-05	verified
DCIM/DSC06789.ARW	DCIM/DSC06789.ARW	30887936	54ac6f0603f246b88030c51340cc81239aa8a2d78a2d5018608a9519f01c41ba	2026-04-26	2026-07-05	verified
DCIM/DSC06789.JPG	DCIM/DSC06789.JPG	10149610	6efe6e6e9a23fcbbbb32ffbd1623773a0cea1099c1f13c104fb985f1cb60231f	2026-04-26	2026-07-05	verified
DCIM/DSC06790.ARW	DCIM/DSC06790.ARW	29822976	8f837a895d4916591c67557e668c9550bd00e4e0dc29463cf2caf86c5cb27089	2026-04-26	2026-07-05	verified
DCIM/DSC06790.JPG	DCIM/DSC06790.JPG	8399736	002db971e0f578ebc7e493b4a9024d62376f36836f8877216a4e2eb7b7f4415c	2026-04-26	2026-07-05	verified
DCIM/DSC06791.ARW	DCIM/DSC06791.ARW	30633984	9af5e8187054fea6587e20b25c8630c6ea1b70151b5591dbd6096bf3d2e189f9	2026-04-26	2026-07-05	verified
DCIM/DSC06791.JPG	DCIM/DSC06791.JPG	10181342	c55de62b90cb0226e66fcbd945dc31ef708a0d1e8a6a9084555e9622c3752efa	2026-04-26	2026-07-05	verified
DCIM/DSC06792.ARW	DCIM/DSC06792.ARW	30633984	4d70b599c1945edfc2e86653121ee7d5694937470c3b736bbcb3e26badc665a3	2026-04-26	2026-07-05	verified
DCIM/DSC06792.JPG	DCIM/DSC06792.JPG	10173965	95453ebdb6fa265d304b942b80d928945239f11eb8fa8210b449d350eec6878e	2026-04-26	2026-07-05	verified
DCIM/DSC06793.ARW	DCIM/DSC06793.ARW	30654464	68fac38946b35fad60870e2ad08d3c8623b84807a257b89ba17d8aaf60dcafb5	2026-04-26	2026-07-05	verified
DCIM/DSC06793.JPG	DCIM/DSC06793.JPG	10191054	54672e99be834bbfaeaa784348d7a6479f8f8cd1a1c0b505ac4d53205091a9eb	2026-04-26	2026-07-05	verified
DCIM/DSC06794.ARW	DCIM/DSC06794.ARW	30662656	f916c61d851ea991be35b705d16e74862a4b4f94278b741cb588aed348f4b91c	2026-04-26	2026-07-05	verified
DCIM/DSC06794.JPG	DCIM/DSC06794.JPG	10226845	8a83234953399cfd74f486ae61ba66a825dc025a1a2a5994f9620742b50dd2fa	2026-04-26	2026-07-05	verified
DCIM/DSC06795.ARW	DCIM/DSC06795.ARW	30490624	c79961abae5fae10fc64ef165e610bf244249dc4105e98ccc77e88e9ff64cd2b	2026-04-26	2026-07-05	verified
DCIM/DSC06795.JPG	DCIM/DSC06795.JPG	9971398	3e319a15ee1516da47197aa3fb02a6fcf8c598b0209bccc338d28fc3ac4f6b0e	2026-04-26	2026-07-05	verified
DCIM/DSC06796.ARW	DCIM/DSC06796.ARW	30478336	1db38dd39e486aa30c389c9b76a6987ed8891d769d08ed447c3810fc18ad93da	2026-04-26	2026-07-05	verified
DCIM/DSC06796.JPG	DCIM/DSC06796.JPG	9934454	a8c87dd8e552c37b2c72f24c88bad2f58c7cd5ccd469d19f89f4ee7ff43fcd32	2026-04-26	2026-07-05	verified
DCIM/DSC06797.ARW	DCIM/DSC06797.ARW	30629888	ef29f547d2a3076d270a49e97c1a66a5ab59ee9891567cfd37c625cfb53a815c	2026-04-26	2026-07-05	verified
DCIM/DSC06797.JPG	DCIM/DSC06797.JPG	10166137	cfe1ce7bb3aa3289fb6485156aa3aba2832b4fe9d20d91121d80a749edd59b59	2026-04-26	2026-07-05	verified
DCIM/DSC06798.ARW	DCIM/DSC06798.ARW	30613504	fb1ad7e1a661fa43058227f15006084d6cb3278ea1d9e7c08fae7acf866419e8	2026-04-26	2026-07-05	verified
DCIM/DSC06798.JPG	DCIM/DSC06798.JPG	10134809	d8767e8f1e47f30b1a369c8dee64cbff047b6c4d6f5a7380e6ee36a92246d2b5	2026-04-26	2026-07-05	verified
DCIM/DSC06799.ARW	DCIM/DSC06799.ARW	30511104	d9af45888c198b3eeb4dd592a4e95a8cf13756ca72285533d257697b97fe17fd	2026-04-26	2026-07-05	verified
DCIM/DSC06799.JPG	DCIM/DSC06799.JPG	9984429	1e4d3b90329a133c0a77803bcecb9425e5298ce9d48d6bef504d9946209de794	2026-04-26	2026-07-05	verified
DCIM/DSC06800.ARW	DCIM/DSC06800.ARW	30552064	a5abb6d660baa90146fb47febbf8ac2154009e7c4ee5fe4a13674aa8d31af56a	2026-04-26	2026-07-05	verified
DCIM/DSC06800.JPG	DCIM/DSC06800.JPG	10046642	6b8353f0416543cf38552c7524bd2d8b4b98977a03ac641abbfda34457a7a559	2026-04-26	2026-07-05	verified
DCIM/DSC06801.ARW	DCIM/DSC06801.ARW	30556160	2de5a26dce525a33fde7120b65b35ad0325cb541b59e261d9b6f04b068d15de7	2026-04-26	2026-07-05	verified
DCIM/DSC06801.JPG	DCIM/DSC06801.JPG	10038447	80cd42597d7fa3d924aeab08b59d6b49cde27b71791f91668772620389aa7930	2026-04-26	2026-07-05	verified
DCIM/DSC06802.ARW	DCIM/DSC06802.ARW	30535680	cbe6306f1395ebc62263c8ca44b5590c27e9831f1c344e25abf8db6f9d3f28f9	2026-04-26	2026-07-05	verified
DCIM/DSC06802.JPG	DCIM/DSC06802.JPG	10007881	cc7275e3948d7662f3270bd4705ec81d653f4677b5191ffa28fbbabb54d958fb	2026-04-26	2026-07-05	verified
DCIM/DSC06803.ARW	DCIM/DSC06803.ARW	30535680	b99eafb85d2b9fff68256e6f99caf25058a00f975f1c77d2ff2c112ef722974d	2026-04-26	2026-07-05	verified
DCIM/DSC06803.JPG	DCIM/DSC06803.JPG	10003836	5a99d252d1225b4c93f3f32083017abc4ef1b344ac5a0068eee4fed720779ad3	2026-04-26	2026-07-05	verified
DCIM/DSC06804.ARW	DCIM/DSC06804.ARW	30539776	bf9165429ec726953687f206e511435d46bca8b011a0071ff2ee68e577460759	2026-04-26	2026-07-05	verified
DCIM/DSC06804.JPG	DCIM/DSC06804.JPG	10020775	8ca067eaa5a625923cde3dae690d081b96298de862966756cde5ef8851b24f87	2026-04-26	2026-07-05	verified
DCIM/DSC06805.ARW	DCIM/DSC06805.ARW	30568448	c3d7a8dac3e44b7c8e9e1f8f1422b927e964dca0ae1726a0f397a7f1386642a5	2026-04-26	2026-07-05	verified
DCIM/DSC06805.JPG	DCIM/DSC06805.JPG	10056583	93e84182b0ccb995217eca74affe41a096284a6b1bd703e669f8e3b3e7d7b1df	2026-04-26	2026-07-05	verified
DCIM/DSC06806.ARW	DCIM/DSC06806.ARW	29609984	c520ce04da1f015a863b5725d1032c4a8e35bdee7be671bba4dd534adc977bd5	2026-04-26	2026-07-05	verified
DCIM/DSC06806.JPG	DCIM/DSC06806.JPG	8644122	0ac40aa5d80100179acb8c31ba9f70b7a2237fa9ba2ec164d96e65759c8e73af	2026-04-26	2026-07-05	verified
DCIM/DSC06807.ARW	DCIM/DSC06807.ARW	29982720	a5fd41e6ff059a29ab28520c692670a95a359144dc9a0b7505f3ab3f40043b27	2026-04-26	2026-07-05	verified
DCIM/DSC06807.JPG	DCIM/DSC06807.JPG	9210956	05f7523431d9758763ab3aafd8f40a3746ed27999c5c18fd8bed73566ea82674	2026-04-26	2026-07-05	verified
DCIM/DSC06808.ARW	DCIM/DSC06808.ARW	30162944	ffda8f344c85dbcea5fc9ba6b5c78f3fa5d48c6b38f8a07a69addba25adfd2a7	2026-04-26	2026-07-05	verified
DCIM/DSC06808.JPG	DCIM/DSC06808.JPG	9484199	d227d00e467161f6412d233abff348a9a19d706a6616389cc609e2428dc24222	2026-04-26	2026-07-05	verified
DCIM/DSC06809.ARW	DCIM/DSC06809.ARW	29773824	27ace3bdae0603275a59aea3f7668e4bf43bc323ae87d1e201e1d3ed5a365288	2026-04-26	2026-07-05	verified
DCIM/DSC06809.JPG	DCIM/DSC06809.JPG	8827292	25232aae737db45e97c284e0d01cd330ae00a9b8194757f965d12bd65b0bb850	2026-04-26	2026-07-05	verified
DCIM/DSC06810.ARW	DCIM/DSC06810.ARW	29880320	f9c3426b8cd3cf2ab3ff90b02d7a95eaa500bb37c0ea0da722373c075b3cc345	2026-04-26	2026-07-05	verified
DCIM/DSC06810.JPG	DCIM/DSC06810.JPG	9020621	1bf9e4aac6a114faa9744f8a0c545195d1cba50190b7cd06af4b87083c283de4	2026-04-26	2026-07-05	verified
DCIM/DSC06811.ARW	DCIM/DSC06811.ARW	29896704	671dd4b43ccdc5aafc5bd7bb9483597f6d73612ae79ad6234202eff34a0e2731	2026-04-26	2026-07-05	verified
DCIM/DSC06811.JPG	DCIM/DSC06811.JPG	9057707	d1bae6b62db6fe489ec272c413c81fd3c1dbd67fd3ba8fa1d0485008eacdb016	2026-04-26	2026-07-05	verified
DCIM/DSC06812.ARW	DCIM/DSC06812.ARW	29913088	c80ff815310ec111279c5a13df5b4b72eb7d0c64b3caf938fd3e3cc6d21ea7c0	2026-04-26	2026-07-05	verified
DCIM/DSC06812.JPG	DCIM/DSC06812.JPG	9095774	f52117234f028675e77ecd418dd7e537c3ac5995c4071c041ef80e7bf0438385	2026-04-26	2026-07-05	verified
DCIM/DSC06813.ARW	DCIM/DSC06813.ARW	29913088	ec5698c2b50598f6fb5bf03b29339af435f776c2d06fe10532c393af054ac853	2026-04-26	2026-07-05	verified
DCIM/DSC06813.JPG	DCIM/DSC06813.JPG	9084505	813c97abea7b828cfc76280b9c7522d5eb6bef4d7fa3f8a24b5a74f4573fdfc7	2026-04-26	2026-07-05	verified
DCIM/DSC06814.ARW	DCIM/DSC06814.ARW	29908992	6e63fd95d9d717bc5608a8dfa8dab97d12687d1f96ee5127f7220db088ba70ab	2026-04-26	2026-07-05	verified
DCIM/DSC06814.JPG	DCIM/DSC06814.JPG	9071224	23444ec73b5ca5945c4888dcb415365ee8b01d8b37842345e997da91cd879a29	2026-04-26	2026-07-05	verified
DCIM/DSC06815.ARW	DCIM/DSC06815.ARW	29884416	1546bc4f78ad78d0355987b16f68376e9d6fd5bdd074efc25b95006b828af4a1	2026-04-26	2026-07-05	verified
DCIM/DSC06815.JPG	DCIM/DSC06815.JPG	9040019	a02094b9e604c7644065026a3d7955e58d04db80e44ec951ab885a4166380ffc	2026-04-26	2026-07-05	verified
DCIM/DSC06816.ARW	DCIM/DSC06816.ARW	29896704	39d55fcdea7ead588798046e59346a6be8064ff5e72c89ba2e0c3ffdd7f38893	2026-04-26	2026-07-05	verified
DCIM/DSC06816.JPG	DCIM/DSC06816.JPG	9037131	1c1e83df622f8fbc5d3478754f7ee2790124979b8256ef6b3575dc6678fc704d	2026-04-26	2026-07-05	verified
DCIM/DSC06817.ARW	DCIM/DSC06817.ARW	29933568	29bd9c90bea03c937e64d0a2ea8fa1cd570b7c482755a21c96d011163ff0cdaf	2026-04-26	2026-07-05	verified
DCIM/DSC06817.JPG	DCIM/DSC06817.JPG	9096267	42e04d95c4d256c5d2d7d7a48902db97053d50435ccac036fb65d011534affef	2026-04-26	2026-07-05	verified
DCIM/DSC06818.ARW	DCIM/DSC06818.ARW	29986816	5514b2812b0769748aee2f4c6763ee50495d86695a9ff05ca356c352a4b60128	2026-04-26	2026-07-05	verified
DCIM/DSC06818.JPG	DCIM/DSC06818.JPG	9167912	71bf994bacc1ff5b5789ff82fb48b5b3392c00129f20fe577f3d971c6f496d83	2026-04-26	2026-07-05	verified
DCIM/DSC06819.ARW	DCIM/DSC06819.ARW	29933568	3c2cf4166c60ba3427301b18457da284522f1d3f44db7472efada0aaac3e9bfe	2026-04-26	2026-07-05	verified
DCIM/DSC06819.JPG	DCIM/DSC06819.JPG	9097092	57c175b821aacb37ccff27c539d6eba2d3ea0b3470ea59c242e2dd4f910c41d8	2026-04-26	2026-07-05	verified
DCIM/DSC06820.ARW	DCIM/DSC06820.ARW	29933568	97a390c5c9d943b723aa1a53b7b42888a7c8e51a1d74d27a1cbbe67e925b6d44	2026-04-26	2026-07-05	verified
DCIM/DSC06820.JPG	DCIM/DSC06820.JPG	9092460	93cdb8e9a9185d7f58f916576798df5aca851c9ea369329d6acae80a2c7b5163	2026-04-26	2026-07-05	verified
DCIM/DSC06821.ARW	DCIM/DSC06821.ARW	29917184	4e4d9a11308a7cf09390572023e63f9d9c0c2516a1d0eec757fd7dcc43590d67	2026-04-26	2026-07-05	verified
DCIM/DSC06821.JPG	DCIM/DSC06821.JPG	9065846	f32ffdb6fb7aa8849d0fc2e06c875711d2e88b7c245b8737c7ea75b7deb478b6	2026-04-26	2026-07-05	verified
DCIM/DSC06822.ARW	DCIM/DSC06822.ARW	29986816	e8705ac58c8ed968378b14ecac56e93392d1ab62df1538ff34e2966a30978f0d	2026-04-26	2026-07-05	verified
DCIM/DSC06822.JPG	DCIM/DSC06822.JPG	9171525	63ee36c92d3e8c556bc93a3d89e4818439297d7e7530a1118adb02bfa41fa4bf	2026-04-26	2026-07-05	verified
DCIM/DSC06823.ARW	DCIM/DSC06823.ARW	29933568	12d7726fad0521870278fb7b1fbec95a7a59eebb32eb96e4435c402e87a602b1	2026-04-26	2026-07-05	verified
DCIM/DSC06823.JPG	DCIM/DSC06823.JPG	9092520	8733e86c85dc958c8643f03a27ca3b96bfb8b545b21fa8c81f180c0091869eac	2026-04-26	2026-07-05	verified
DCIM/DSC06824.ARW	DCIM/DSC06824.ARW	29933568	0ca0cfd22e6415864426c10f20020275e8bd3035a4db2c466dc8c2665e49fbe7	2026-04-26	2026-07-05	verified
DCIM/DSC06824.JPG	DCIM/DSC06824.JPG	9096223	8a3c2733661494cdd2595961c00dbec4946ae876fc739234274dd034a0a3dd37	2026-04-26	2026-07-05	verified
DCIM/DSC06825.ARW	DCIM/DSC06825.ARW	29933568	7272197484da0f6c6939294bc935c34d79d8014cd01ee5fd9633f802f40d9b01	2026-04-26	2026-07-05	verified
DCIM/DSC06825.JPG	DCIM/DSC06825.JPG	9100380	bca6d4a4d5737d8dfd1043a81096941d5c28baf5f2b4d3218a2be9062f57fc22	2026-04-26	2026-07-05	verified
DCIM/DSC06826.ARW	DCIM/DSC06826.ARW	29917184	ad51b86d0a412a48218534db5b6f90572c7b6b8a50a7eece28151b1035a3b823	2026-04-26	2026-07-05	verified
DCIM/DSC06826.JPG	DCIM/DSC06826.JPG	9077613	ba0d9d3c54ba129c08fa7bba4f49c7bb5a8cb830e09bc907705a797c9a87911c	2026-04-26	2026-07-05	verified
DCIM/DSC06827.ARW	DCIM/DSC06827.ARW	29880320	496dfa50ae9219cfe0b47ec7333b2fcd853edbb4dc0d51a28fc9ee4300ff76df	2026-04-26	2026-07-05	verified
DCIM/DSC06827.JPG	DCIM/DSC06827.JPG	9017100	118350133f869ef80c0a369ee9bbadc670c91a43b4288dfa2759ea65e969fa94	2026-04-26	2026-07-05	verified
DCIM/DSC06828.ARW	DCIM/DSC06828.ARW	29908992	6c67d21dd4bdf0660b4bddcb6b5734d5a932a39c45b4dd9fa4476c95cf62ca8f	2026-04-26	2026-07-05	verified
DCIM/DSC06828.JPG	DCIM/DSC06828.JPG	9064650	fa12167e5118dc9b857690b8ea7e999ba9460683a143941405a157f02b6f0f58	2026-04-26	2026-07-05	verified
DCIM/DSC06829.ARW	DCIM/DSC06829.ARW	29933568	82a26eda1ec539e909b90a08dbf893bdda0ea67cdc8447c5ed60c0465149af45	2026-04-26	2026-07-05	verified
DCIM/DSC06829.JPG	DCIM/DSC06829.JPG	9108140	386f0d875fa33d2a27b51cab81544b6f5a70651701bf12953e8cbabef13b0634	2026-04-26	2026-07-05	verified
DCIM/DSC06830.ARW	DCIM/DSC06830.ARW	29937664	f1bd2a558876a2ea3b96b89dfed45141bd9b6eeef0ac5e3ea116df41f72c81c0	2026-04-26	2026-07-05	verified
DCIM/DSC06830.JPG	DCIM/DSC06830.JPG	9108952	53696e1df5be0bc624ed40b9544196840bdd7b6e0fa69301034968e9b8d2d65d	2026-04-26	2026-07-05	verified
DCIM/DSC06831.ARW	DCIM/DSC06831.ARW	29970432	dc30a343016e20ab1d20b7ef7375271e6425288d637e2cb6afb4d5559d3d096c	2026-04-26	2026-07-05	verified
DCIM/DSC06831.JPG	DCIM/DSC06831.JPG	9162204	5accfb0a4fb6daf0127c7b08d2d6337c82f5cbb55d766898d4b981e1bbf1a76a	2026-04-26	2026-07-05	verified
DCIM/DSC06832.ARW	DCIM/DSC06832.ARW	29937664	f2a5c2206060f3e77f9d0bc83d028a8ea607a91493346e5ba6213e57d25fe257	2026-04-26	2026-07-05	verified
DCIM/DSC06832.JPG	DCIM/DSC06832.JPG	9103052	c7b6fe281f7cfd434c9e423ea4f02fb97143d7b70dc2e74d31b4f236fe0d4cc7	2026-04-26	2026-07-05	verified
DCIM/DSC06833.ARW	DCIM/DSC06833.ARW	29970432	80c5e6f5bfc5630e489b120cf7ecea658183bba9388208f5ea6e5954c8d694b0	2026-04-26	2026-07-05	verified
DCIM/DSC06833.JPG	DCIM/DSC06833.JPG	9179022	70c2c72a0f800b38791f87ed58f05a7b432b153ce1c9ca473717f7eedaba0fdc	2026-04-26	2026-07-05	verified
DCIM/DSC06834.ARW	DCIM/DSC06834.ARW	30015488	106fa23cdf0e8e28a4955ab35571f0d287787014fb20e295bb3aea9331a8d984	2026-04-26	2026-07-05	verified
DCIM/DSC06834.JPG	DCIM/DSC06834.JPG	9256869	0b1671405013fdd6f624ab99f0b9c22e0df02eeead1df07a4f659e3d54ef6adb	2026-04-26	2026-07-05	verified
DCIM/DSC06835.ARW	DCIM/DSC06835.ARW	29999104	bfbfb02c1b0385d0528debc5e6b3e38c083e4ab3f9f8b0698980e4a9c02ab6f3	2026-04-26	2026-07-05	verified
DCIM/DSC06835.JPG	DCIM/DSC06835.JPG	9239712	953f246f96a7eee7e9628bfc916d3ec10c2f05ea6f0e6742b55fe02e256446f2	2026-04-26	2026-07-05	verified
DCIM/DSC06836.ARW	DCIM/DSC06836.ARW	30072832	43b6b31cd2e25db38f5cf0af6cbc472eee64926b7d300ffc5ab6b29022db1dd0	2026-04-26	2026-07-05	verified
DCIM/DSC06836.JPG	DCIM/DSC06836.JPG	9359772	e1c192fa3df515d2fd0946a453df01423dedfbbd01d09acdff632124210d4031	2026-04-26	2026-07-05	verified
DCIM/DSC06837.ARW	DCIM/DSC06837.ARW	29904896	83abc2a23c233482a24260c78bb8fa6d7e5cdbfe8360941f5610914e0dc864ff	2026-04-26	2026-07-05	verified
DCIM/DSC06837.JPG	DCIM/DSC06837.JPG	9062055	f61ed824933da2725dfcf18e7fe4f9c211735534eb96bfbdc38d70de8daadd50	2026-04-26	2026-07-05	verified
DCIM/DSC06838.ARW	DCIM/DSC06838.ARW	29876224	0c955aef8c7defdb9fac855e519ef0f3946f6b5e8e0cca81da88fd5a977dd589	2026-04-26	2026-07-05	verified
DCIM/DSC06838.JPG	DCIM/DSC06838.JPG	9038896	7b629e1cb93f70bcd059f0f8f7a16da2dbb1f4a2af1d493e29858777f0675008	2026-04-26	2026-07-05	verified
DCIM/DSC06839.ARW	DCIM/DSC06839.ARW	29880320	08d46e617cf67c4c99ed4548919c0179af259309a5a2cbf9468612671ab73539	2026-04-26	2026-07-05	verified
DCIM/DSC06839.JPG	DCIM/DSC06839.JPG	9045934	c960bb652d071a57fdd5680aa06f34c9ce9e845f60b2758c58a3174f560990a2	2026-04-26	2026-07-05	verified
DCIM/DSC06840.ARW	DCIM/DSC06840.ARW	29704192	33e9eafd35ac014b6b7c3c84e43d6fa978ee90f10b201de449af7c18f35551eb	2026-04-26	2026-07-05	verified
DCIM/DSC06840.JPG	DCIM/DSC06840.JPG	8655328	027e38b4ed8df1d61908c3af791635c14da61d2fd52e1fee6abfa36e77c79114	2026-04-26	2026-07-05	verified
DCIM/DSC06841.ARW	DCIM/DSC06841.ARW	29523968	aac5db5d16dd6c1657eb7bc468e4bffbc703e8baceec4404807801130c49445c	2026-04-26	2026-07-05	verified
DCIM/DSC06841.JPG	DCIM/DSC06841.JPG	8364714	ccc2ab5415a212a81507145dbf5b54563cc49c5e9491efcd65a687b6f2aafc67	2026-04-26	2026-07-05	verified
DCIM/DSC06842.ARW	DCIM/DSC06842.ARW	30007296	39304c40ca09e1bee5cddce8eaf9d78dafefb0d3af4c854b95fcfb7376bb3b2f	2026-04-26	2026-07-05	verified
DCIM/DSC06842.JPG	DCIM/DSC06842.JPG	9081779	e27cf267ae0da3c6dff8a3fb66df4e76b7f7736ef56b9675626243f92b257aac	2026-04-26	2026-07-05	verified
DCIM/DSC06843.ARW	DCIM/DSC06843.ARW	30040064	452a39ea56d6877f1f1ea2f20c2afb97c505c1c4b6e9dc92788e083d16b54dab	2026-04-26	2026-07-05	verified
DCIM/DSC06843.JPG	DCIM/DSC06843.JPG	9149842	88c9566847387b8a13e001ab61c82600ac8b3a4db317387ce70e437e6cf05c58	2026-04-26	2026-07-05	verified
DCIM/DSC06844.ARW	DCIM/DSC06844.ARW	30281728	e4177c45b7afbfb2f1ef50408655655605ce54d1f50de7cf8ee677f6fe87c19b	2026-04-26	2026-07-05	verified
DCIM/DSC06844.JPG	DCIM/DSC06844.JPG	9754950	7bfa7ae30bee83a93a4bd24325c88bd4720dd8d3319f4c19243a87b191bf7a3f	2026-04-26	2026-07-05	verified
DCIM/DSC06845.ARW	DCIM/DSC06845.ARW	30314496	7b5cc2201a7f2fc5815fb686e9658187b1b56969f2dbed83cf0b2745ff2ac551	2026-04-26	2026-07-05	verified
DCIM/DSC06845.JPG	DCIM/DSC06845.JPG	9798348	b3ec233ea58565e454bc2ca8fa08aeab9752da114cd7a777c58fcf6d952f18f0	2026-04-26	2026-07-05	verified
DCIM/DSC06846.ARW	DCIM/DSC06846.ARW	30318592	59cd29a8f211ecf38a491081a32f5f9eba4c976e5f195f407a454dd00d6b14c6	2026-04-26	2026-07-05	verified
DCIM/DSC06846.JPG	DCIM/DSC06846.JPG	9841182	35d32122326568f10961c3dcf06717750317cc09f99ad2c9504d0d90358e724c	2026-04-26	2026-07-05	verified
DCIM/DSC06847.ARW	DCIM/DSC06847.ARW	30294016	c18c9b1554a2efe81b51a79767703d209ff4f8ff8e561eb297d1d77f4c951de0	2026-04-26	2026-07-05	verified
DCIM/DSC06847.JPG	DCIM/DSC06847.JPG	9816804	27ea3d8db41fcc0cf183be04dfc95b768aa86c6eed2253ae1ef3adea0fbfa363	2026-04-26	2026-07-05	verified
DCIM/DSC06848.ARW	DCIM/DSC06848.ARW	30220288	02b8c0b2617158f2bfa4b765c54fee366f47ca9715ac9e02c6a0299ad5c75f07	2026-04-26	2026-07-05	verified
DCIM/DSC06848.JPG	DCIM/DSC06848.JPG	9543687	b627fc5bfe622052697452cbdc976b5ab71d38c69a70f7cbedb976bfeaebd7a2	2026-04-26	2026-07-05	verified
DCIM/DSC06849.ARW	DCIM/DSC06849.ARW	30056448	a532cc13659b4549ce00506475f7295449f834daff61bed168d48f648192ed85	2026-04-26	2026-07-05	verified
DCIM/DSC06849.JPG	DCIM/DSC06849.JPG	9348031	91c45281590a97e34fac52a5009f322d52cab40add7898ae61d5be6c62f71c80	2026-04-26	2026-07-05	verified
DCIM/DSC06850.ARW	DCIM/DSC06850.ARW	30289920	6185e251d49dcf934056325df297ff9554b4ccb6f1d183b349eca278c9335377	2026-04-26	2026-07-05	verified
DCIM/DSC06850.JPG	DCIM/DSC06850.JPG	9772752	84779667d8df5b29130f178cd9ba8aff965453269e394e9337dff0d30ba257c9	2026-04-26	2026-07-05	verified
DCIM/DSC06851.ARW	DCIM/DSC06851.ARW	30310400	6ae9d7c1daed920f06f19d14542ae74d0c8a093d70b7a40edd1c0615afce5cec	2026-04-26	2026-07-05	verified
DCIM/DSC06851.JPG	DCIM/DSC06851.JPG	9843526	d6916789154d4ebb220206fe74132c6d3a4250488f2cd31ac1e2008a01f27477	2026-04-26	2026-07-05	verified
DCIM/DSC06852.ARW	DCIM/DSC06852.ARW	30294016	1a37dccde2d7b13b7bd058457c011b2ac085cf497f451ba0604904ac7ba2ef9e	2026-04-26	2026-07-05	verified
DCIM/DSC06852.JPG	DCIM/DSC06852.JPG	9797240	26a2ecbb9fff685ee83c1fc5a2e8c314c8d86a993a8fac3a4c37de0f1fefb174	2026-04-26	2026-07-05	verified
DCIM/DSC06853.ARW	DCIM/DSC06853.ARW	30343168	94bc8034a38a3cc2c5ad4529f460ef9b0c3a571e8a906e40db922efe472ccd3b	2026-04-26	2026-07-05	verified
DCIM/DSC06853.JPG	DCIM/DSC06853.JPG	9892283	68a66073f7cd0cff88376735bc55bf8a16454046037cfb1c26269a00969aad91	2026-04-26	2026-07-05	verified
DCIM/DSC06854.ARW	DCIM/DSC06854.ARW	30265344	8a1ffb4a5e96cda1d15ee976c4f690dab2690c79460f4747c34bc5f02d35ac5f	2026-04-26	2026-07-05	verified
DCIM/DSC06854.JPG	DCIM/DSC06854.JPG	9758996	616437dd5210cc15a28eb1872d2fbf89b5e1955802b7e918c06ffd163b62549f	2026-04-26	2026-07-05	verified
DCIM/DSC06855.ARW	DCIM/DSC06855.ARW	30228480	2bffd49161454ae4c50a1768c222f90cf117740d61cdd8f554e2bde7ae929363	2026-04-26	2026-07-05	verified
DCIM/DSC06855.JPG	DCIM/DSC06855.JPG	9662286	983d9daad0fa629eafaad1d60c0b870c65daa619b55400ea57c79b927c8e722d	2026-04-26	2026-07-05	verified
DCIM/DSC06856.ARW	DCIM/DSC06856.ARW	30208000	bbd7c9e967343e7dad9b646d4079e42445b2e0517f65cb788ca27f0d6e67571e	2026-04-26	2026-07-05	verified
DCIM/DSC06856.JPG	DCIM/DSC06856.JPG	9617303	6e735589986607cc08dc2bcaae4414ecf456da3e7b0db977d828690c3807ce1c	2026-04-26	2026-07-05	verified
DCIM/DSC06857.ARW	DCIM/DSC06857.ARW	30224384	1b5bd519e52c4d85225265058da61df5b6174c5a6cbb0955411699db317e1df3	2026-04-26	2026-07-05	verified
DCIM/DSC06857.JPG	DCIM/DSC06857.JPG	9628934	ffc39e42d41118b8393e86be838bab14b540e07fba1b3ffdeef5b6ea7394a1d5	2026-04-26	2026-07-05	verified
DCIM/DSC06858.ARW	DCIM/DSC06858.ARW	30224384	c7f21b3002a4ee25086b52d56ab23a8833570349672007daf72a1e509cee26a7	2026-04-26	2026-07-05	verified
DCIM/DSC06858.JPG	DCIM/DSC06858.JPG	9616571	584630050bc5d1ae61d65982fc82cea4c0f48b6a9b1283aa61db6d3890c21b52	2026-04-26	2026-07-05	verified
DCIM/DSC06859.ARW	DCIM/DSC06859.ARW	30257152	9ddab1bde2db0cab902c6f234c75e0bb4c49037fb7dcff4f4653b59c10307908	2026-04-26	2026-07-05	verified
DCIM/DSC06859.JPG	DCIM/DSC06859.JPG	9682053	7b9effb8c9b4ebb6575fb6ee97a92b2a42c0e7fcf2f290245f9c6b096daa6faf	2026-04-26	2026-07-05	verified
DCIM/DSC06860.ARW	DCIM/DSC06860.ARW	30257152	d0fe009f40f62486b7a11be0db433be8d017083eb760c79ab4bbd8b53161afd5	2026-04-26	2026-07-05	verified
DCIM/DSC06860.JPG	DCIM/DSC06860.JPG	9646402	1d4b92bb9a763df6a027a5473e4a46d8843032576ffdbbdf0d4789831ca4f0ac	2026-04-26	2026-07-05	verified
DCIM/DSC06861.ARW	DCIM/DSC06861.ARW	30248960	8ddbbc7093fa0c35248203348dc0dbe28b2f7a4085c747305d2f6cb748f47759	2026-04-26	2026-07-05	verified
DCIM/DSC06861.JPG	DCIM/DSC06861.JPG	9646779	9deed80b868ee2e0da47e1e3b8de27eb4c66e95f755ed801985af401d44b0efe	2026-04-26	2026-07-05	verified
DCIM/DSC06862.ARW	DCIM/DSC06862.ARW	30216192	2b6e896632dd7dd14adf7e3f2f100b6c5b07a44cc3a7db9ec8b64df83a97230d	2026-04-26	2026-07-05	verified
DCIM/DSC06862.JPG	DCIM/DSC06862.JPG	9586545	c2bf5bf9c585e3a3d69aa72efa3e844aa15dbf6ef41bd9a3a426b242da2901a3	2026-04-26	2026-07-05	verified
DCIM/DSC06863.ARW	DCIM/DSC06863.ARW	30195712	2913f4b7728d7238c1f1923eafc8ed0cb7aaa6830c3dcd79328f12cd4fc1f539	2026-04-26	2026-07-05	verified
DCIM/DSC06863.JPG	DCIM/DSC06863.JPG	9539239	17b1cb7e61a245dd0e848bbfe495ca49563a799232269e0e3095a4cbddd450f7	2026-04-26	2026-07-05	verified
DCIM/DSC06864.ARW	DCIM/DSC06864.ARW	30167040	31a7607228f4269e79624f5935f7084996a180ed9f38cbb243f30349bf418e67	2026-04-26	2026-07-05	verified
DCIM/DSC06864.JPG	DCIM/DSC06864.JPG	9487311	8488e1fc338f9d805065834857d5d50b6af64293c71271056a5dee0fe7f342a6	2026-04-26	2026-07-05	verified
DCIM/DSC06865.ARW	DCIM/DSC06865.ARW	30175232	0e68cb190767add0e526526514769057f13d366c24f895e4192d9fffcf893274	2026-04-26	2026-07-05	verified
DCIM/DSC06865.JPG	DCIM/DSC06865.JPG	9492816	efbcb5a9e8ff68da77f44acde870c72af812c7675084869c992c0b5757c23fbc	2026-04-26	2026-07-05	verified
DCIM/DSC06866.ARW	DCIM/DSC06866.ARW	30195712	ccb02b60900df0f739f9006bbf091d2e38707c118dd8dd0546e8321c162b6db4	2026-04-26	2026-07-05	verified
DCIM/DSC06866.JPG	DCIM/DSC06866.JPG	9512075	84e92e8da19e1076ca5557f3e44c6a4e4f92a23e947ef44b8dd8cc0b83f56984	2026-04-26	2026-07-05	verified
DCIM/DSC06867.ARW	DCIM/DSC06867.ARW	30224384	53f3c5ce5b9c263a2440ead5bbe3d61dfd40ba156a0c0bea6cc78d91a09f7bf2	2026-04-26	2026-07-05	verified
DCIM/DSC06867.JPG	DCIM/DSC06867.JPG	9556267	a5cb49cc517a8bbab01dd055a5fa98a37e109abf48a253894ab75417910fc626	2026-04-26	2026-07-05	verified
DCIM/DSC06868.ARW	DCIM/DSC06868.ARW	30171136	f8b6c6272c4a5fe4554e6eb04a8a781bd27486c8632403dc75e0340147b58ed8	2026-04-26	2026-07-05	verified
DCIM/DSC06868.JPG	DCIM/DSC06868.JPG	9458253	c55f33c71fbbeeec089e5ed41b0e301e8b285e00ca5dafcf2310efb22569e912	2026-04-26	2026-07-05	verified
DCIM/DSC06869.ARW	DCIM/DSC06869.ARW	30171136	4d3f3aa152c824f10de36e99142360b15c4e2e92fc7181925ef61e2a332ddfb2	2026-04-26	2026-07-05	verified
DCIM/DSC06869.JPG	DCIM/DSC06869.JPG	9473393	fcdbf8d90fb2b4c75c1c04fed09e31db142b0ce122ebf58955d2bc7c2ed06b8d	2026-04-26	2026-07-05	verified
DCIM/DSC06870.ARW	DCIM/DSC06870.ARW	30187520	419d6238a8ab13192433f080fb7c41a0b0e1209c6973a0ca12b3fa8a281463ea	2026-04-26	2026-07-05	verified
DCIM/DSC06870.JPG	DCIM/DSC06870.JPG	9502433	e5b11b81e4a84f75b2044d253e801b32c0d9501162312fd46bd4386346db09ac	2026-04-26	2026-07-05	verified
DCIM/DSC06871.ARW	DCIM/DSC06871.ARW	30212096	e4b4b36879068dfe666c4cde70706b96469136462d15f15ffced41742b9e2d55	2026-04-26	2026-07-05	verified
DCIM/DSC06871.JPG	DCIM/DSC06871.JPG	9537089	7609bb09c62aa3457ea78fb46fa364e9d811636555dd30308c25f032bf47c244	2026-04-26	2026-07-05	verified
DCIM/DSC06872.ARW	DCIM/DSC06872.ARW	30203904	8fa86abf0c087b2e82603b40eb3b771beae0f79ad96b358a80578653aef0be9c	2026-04-26	2026-07-05	verified
DCIM/DSC06872.JPG	DCIM/DSC06872.JPG	9535445	913d7e5d4d196f3904ba8613b01dae9b84615828cf5b7d26fefadbbaff239901	2026-04-26	2026-07-05	verified
DCIM/DSC06873.ARW	DCIM/DSC06873.ARW	30199808	646d42f3824b71ac7d4f2f2b8bb8a54e23882f67431bb3ce1879da3d3f426de5	2026-04-26	2026-07-05	verified
DCIM/DSC06873.JPG	DCIM/DSC06873.JPG	9536330	ec535f759dfdcf600bb336a2ea5dfa76c5eb9f58b8ea36ee1e37e39e4257ea43	2026-04-26	2026-07-05	verified
DCIM/DSC06874.ARW	DCIM/DSC06874.ARW	30187520	e190772c4268b684200b017b005d636d6e82b6063e5f6fcd6c346b6798d431ee	2026-04-26	2026-07-05	verified
DCIM/DSC06874.JPG	DCIM/DSC06874.JPG	9465126	eddd744a9720d6dbcb8ccb3bec2f50db21842891436d56aa65851ef2c426a8b4	2026-04-26	2026-07-05	verified
DCIM/DSC06875.ARW	DCIM/DSC06875.ARW	30208000	24da97a28811d813a6ea2394a370f4b0ad81dd29d95a53f29283d24c16595b45	2026-04-26	2026-07-05	verified
DCIM/DSC06875.JPG	DCIM/DSC06875.JPG	9483984	d284b1715b4799e007250c2c38ae1282c282df1f808017b83251e995e77031de	2026-04-26	2026-07-05	verified
DCIM/DSC06876.ARW	DCIM/DSC06876.ARW	30195712	dcaadf0ef3dbde7d5b2674be64346afdf8f1bb89ee748658bdd91bdccbdab213	2026-04-26	2026-07-05	verified
DCIM/DSC06876.JPG	DCIM/DSC06876.JPG	9454236	999762b19bfc4f10f587d3dd0deca466e7f7d6e97a87e154ae5ec72383c56115	2026-04-26	2026-07-05	verified
DCIM/DSC06877.ARW	DCIM/DSC06877.ARW	30142464	0efe52027eed008df9dcd4246fef0ec8cf066a38a6f8519d94734b6206cb1d87	2026-04-26	2026-07-05	verified
DCIM/DSC06877.JPG	DCIM/DSC06877.JPG	9374586	a3652e5f4771b496af83767e18644a8f62543ad33ae1cdc52560026d3e1f689f	2026-04-26	2026-07-05	verified
DCIM/DSC06878.ARW	DCIM/DSC06878.ARW	30134272	fa9337b4b4a2f29c4d1956b20c981f12797fc646b950c3011d6c3b5d4a067848	2026-04-26	2026-07-05	verified
DCIM/DSC06878.JPG	DCIM/DSC06878.JPG	9360728	3c5d0631da48cd6bcb444c73e650c905a1c8a4331a3ceba700184f5e733d6183	2026-04-26	2026-07-05	verified
DCIM/DSC06879.ARW	DCIM/DSC06879.ARW	30134272	74451749db86099ac7aa24c47b9612e22d0e1b1bff60fcfe0034cbb1832b3ad1	2026-04-26	2026-07-05	verified
DCIM/DSC06879.JPG	DCIM/DSC06879.JPG	9361096	8069bba77c1f31470fa87d3d06113b90517e72a91665ec28e704e75f3b04c707	2026-04-26	2026-07-05	verified
DCIM/DSC06880.ARW	DCIM/DSC06880.ARW	30134272	b8b6b656864aab2f0b6d34a4eb9f2cebf6311510a2a73173b8a0dc38345704d1	2026-04-26	2026-07-05	verified
DCIM/DSC06880.JPG	DCIM/DSC06880.JPG	9368999	1d625aa1a5417e13daee5215efb2589e63253939d9c5ee544a351e1144764c91	2026-04-26	2026-07-05	verified
DCIM/DSC06881.ARW	DCIM/DSC06881.ARW	30179328	e075f9df3ef75a77c83ba630aa1930ad76ec67dd376d56a291246de7a43c1c7e	2026-04-26	2026-07-05	verified
DCIM/DSC06881.JPG	DCIM/DSC06881.JPG	9424794	1a4a427d7ea244d41734b96a55f02542ea50f4fb2d959bae647ea52790d7d90a	2026-04-26	2026-07-05	verified
DCIM/DSC06882.ARW	DCIM/DSC06882.ARW	30199808	9935ab61909899cf08504e9c4f65733495c7079227cdf8989a2cfd7ce74fa379	2026-04-26	2026-07-05	verified
DCIM/DSC06882.JPG	DCIM/DSC06882.JPG	9458241	cf22e01c5324e9b1ae3b54d84266f5057015a0b3173c18ecf424b6551ab84a06	2026-04-26	2026-07-05	verified
DCIM/DSC06883.ARW	DCIM/DSC06883.ARW	30212096	0b02fb52f95a9f6b3594039db39b3dc2ffc382dc6df775445da811ee800acf33	2026-04-26	2026-07-05	verified
DCIM/DSC06883.JPG	DCIM/DSC06883.JPG	9506510	c147b38d86056987514e6fdb521ce47e344ded8ab7f7f5cdc9fb64be074b0f81	2026-04-26	2026-07-05	verified
DCIM/DSC06884.ARW	DCIM/DSC06884.ARW	30253056	f78e38c4b2eb6882eafedc83c7c694f02e1eac9d435c89d1cba0873e9e8b35b0	2026-04-26	2026-07-05	verified
DCIM/DSC06884.JPG	DCIM/DSC06884.JPG	9576773	e2439f6ff4932350f62c071b1647a21d0e448b6806990a645b519c067c520850	2026-04-26	2026-07-05	verified
DCIM/DSC06885.ARW	DCIM/DSC06885.ARW	30277632	3f3b0110dec8946593654a9be96245cc38b5759743681b7930ad86ccdda709fb	2026-04-26	2026-07-05	verified
DCIM/DSC06885.JPG	DCIM/DSC06885.JPG	9647085	3cf0512fbbc0eec467d64a1f277c5653118f0aeaf9e93555014b8e75b4b34bf5	2026-04-26	2026-07-05	verified
DCIM/DSC06886.ARW	DCIM/DSC06886.ARW	30322688	265388360c9172f293d363746201d8001ed04d3f4be2f594414a05031318ca54	2026-04-26	2026-07-05	verified
DCIM/DSC06886.JPG	DCIM/DSC06886.JPG	9788971	3567345facc471d78ba3d316c907fbc4c8f4e3caeecb097b7c58efb205d9d980	2026-04-26	2026-07-05	verified
DCIM/DSC06887.ARW	DCIM/DSC06887.ARW	30289920	9c2dfa14ded6543ef5c5b01cb285b28292b72b3f5f22a10fd0fdc602b34f27d3	2026-04-26	2026-07-05	verified
DCIM/DSC06887.JPG	DCIM/DSC06887.JPG	9720860	ffa456b84adffc7bb554a4d8cb78dea94e3caee9eba3f59989c6a96e15a875f0	2026-04-26	2026-07-05	verified
DCIM/DSC06888.ARW	DCIM/DSC06888.ARW	30302208	18dd3671e5c76c9a0b89b365b8af7f973e9e5b40b5df12d44c50646857f7fe07	2026-04-26	2026-07-05	verified
DCIM/DSC06888.JPG	DCIM/DSC06888.JPG	9749292	4c3e5063238fb33fd3cade995466df047fe1f0b988abb58fe3be39a027b3baf6	2026-04-26	2026-07-05	verified
DCIM/DSC06889.ARW	DCIM/DSC06889.ARW	30339072	6da1d48a31afe552862e517c476e5f1a356ddd9ac78d2299fc06a346d40b4882	2026-04-26	2026-07-05	verified
DCIM/DSC06889.JPG	DCIM/DSC06889.JPG	9813321	7004b0ce393ef9275dbb76a11fbf18b8d17d20f75c0383724691a2c7ac46e95c	2026-04-26	2026-07-05	verified
DCIM/DSC06890.ARW	DCIM/DSC06890.ARW	30154752	f72523d33bb8aa5e44ddb421b60da3941c529b6b351e2e52251d6199a7337941	2026-04-26	2026-07-05	verified
DCIM/DSC06890.JPG	DCIM/DSC06890.JPG	9318411	06c09ccec32bf608fc8a10224fbf4ce7b3201fc9c36191a5174c7e4c615515a5	2026-04-26	2026-07-05	verified
DCIM/DSC06891.ARW	DCIM/DSC06891.ARW	30412800	3696a7236166a280e8a319e15f78bbef4aaa91991dd9a1cf04c731bfbee7b40a	2026-04-26	2026-07-05	verified
DCIM/DSC06891.JPG	DCIM/DSC06891.JPG	9945803	139573228fb22adbd59c9d3535e7438ab2ec9524d19cc2f1fbf57bb5f841c3fb	2026-04-26	2026-07-05	verified
DCIM/DSC06892.ARW	DCIM/DSC06892.ARW	30396416	fbd7ca82c517902d0c3d8b7944cf9ee4711aedc64d26a0a50172c54adf69665f	2026-04-26	2026-07-05	verified
DCIM/DSC06892.JPG	DCIM/DSC06892.JPG	9913228	4404e01f61c94c89a4ee6f42eb5ee7ff7a9c1627840c7befbbb9f0b07bd32fae	2026-04-26	2026-07-05	verified
DCIM/DSC06893.ARW	DCIM/DSC06893.ARW	30400512	a6684bd71bb3ccc679fd0fe0af22e243cce51539aafe50aa7fd26a7b3818170f	2026-04-26	2026-07-05	verified
DCIM/DSC06893.JPG	DCIM/DSC06893.JPG	9933398	96a514df7c5cb090f16b2f2e288a5effa196ef24aa6b37e63a965e4f1522fa0d	2026-04-26	2026-07-05	verified
DCIM/DSC06894.ARW	DCIM/DSC06894.ARW	30437376	bb7e4abb2f1d370fcc0043bb32daa37ba49e12e1d1b342bdd9b7830412d8b434	2026-04-26	2026-07-05	verified
DCIM/DSC06894.JPG	DCIM/DSC06894.JPG	10008767	1a6ed78253152a8631998d52b93d0459eaef90c4dd113945ff575c917abbd11c	2026-04-26	2026-07-05	verified
DCIM/DSC06895.ARW	DCIM/DSC06895.ARW	30470144	1d9366d3923b00d54adb673ccb5ff5b3e4a2934cb5ed29d1847258db3af28fce	2026-04-26	2026-07-05	verified
DCIM/DSC06895.JPG	DCIM/DSC06895.JPG	10072986	c416536dc6377ae5899ba52e5dec67f98fa1c7792c9d9bfc9bf4d38356efb1c8	2026-04-26	2026-07-05	verified
DCIM/DSC06896.ARW	DCIM/DSC06896.ARW	30478336	41b4e73e56467876be3723879b10bb215b36707dc89457bd2ed3318dc5607549	2026-04-26	2026-07-05	verified
DCIM/DSC06896.JPG	DCIM/DSC06896.JPG	10108636	0f6652b4cc02de2c57cfe97225539bb3f78ca46b1f8a0b31ead06c839d6e15c9	2026-04-26	2026-07-05	verified
DCIM/DSC06897.ARW	DCIM/DSC06897.ARW	30466048	56d73e2dc42c5db3c6b75c8e51db1e7120f551cfc95ff8ce7732a4a15401dae6	2026-04-26	2026-07-05	verified
DCIM/DSC06897.JPG	DCIM/DSC06897.JPG	10091858	fd494f62ca295bf2b52c31103efab40fbf4f089a512f5538fbaac9cc394dd3fa	2026-04-26	2026-07-05	verified
DCIM/DSC06898.ARW	DCIM/DSC06898.ARW	30437376	c036358df8510fa29bc3ca58be1e0dac366bd2c86f7df366f746dd8d1469f692	2026-04-26	2026-07-05	verified
DCIM/DSC06898.JPG	DCIM/DSC06898.JPG	10031187	85ff97620016363fddd3df8ed33e96ee1355944accbf229253ff34d3f2090d9c	2026-04-26	2026-07-05	verified
DCIM/DSC06899.ARW	DCIM/DSC06899.ARW	30453760	aef2e7934b131c1455e0a00045526be4a1c9bc89951012d3a625c132605bf1a2	2026-04-26	2026-07-05	verified
DCIM/DSC06899.JPG	DCIM/DSC06899.JPG	10073291	db1f8e41cec387e5a3d7f834216d4a355b84cacd4d643005bc61d212b27a9e1c	2026-04-26	2026-07-05	verified
DCIM/DSC06900.ARW	DCIM/DSC06900.ARW	30412800	d2079b48c3f69272dbde606b8e25aa1b92fd3da3d646d4bfd179261a8cde9b2b	2026-04-26	2026-07-05	verified
DCIM/DSC06900.JPG	DCIM/DSC06900.JPG	9994753	78629584dfbae454bde48cd45c2e9cd0a6e3c09342bf293ad60fe78d01478daa	2026-04-26	2026-07-05	verified
DCIM/DSC06901.ARW	DCIM/DSC06901.ARW	30355456	12f06dfdbd347a08d99106a1cda391e903817afe20a30e5b599b30d0f741e571	2026-04-26	2026-07-05	verified
DCIM/DSC06901.JPG	DCIM/DSC06901.JPG	9911728	e3c9e9be765841a83bd4635503e4b360afbd7264cc23ed752851aa5292eb5632	2026-04-26	2026-07-05	verified
DCIM/DSC06902.ARW	DCIM/DSC06902.ARW	30388224	113ef844ba086cda07d90d30757a7ab9f83e015198de822df0a4bce63b8efa93	2026-04-26	2026-07-05	verified
DCIM/DSC06902.JPG	DCIM/DSC06902.JPG	9972037	86c637892ff6eb7405cf2e4cd5fcbb7edcc712edbbbc9b9bc2ac1b2087bb62f7	2026-04-26	2026-07-05	verified
DCIM/DSC06903.ARW	DCIM/DSC06903.ARW	30420992	65558a6e69221babcebae3f8f1c0c958594d81ee15a5cfc53e57b9b83d4c694e	2026-04-26	2026-07-05	verified
DCIM/DSC06903.JPG	DCIM/DSC06903.JPG	10003089	833f627f772310fb9522f1ea47bbc7219b97094c2019a2699f18060a90874436	2026-04-26	2026-07-05	verified
DCIM/DSC06904.ARW	DCIM/DSC06904.ARW	30420992	85f3c791ddea651d19c7c29fa80bd53b09ecbc07c07832abba292e1e7ffd6059	2026-04-26	2026-07-05	verified
DCIM/DSC06904.JPG	DCIM/DSC06904.JPG	10004580	6504c1217b0b200bbabbd3d5903b6d2483d91bd999d38583c7c92448f0d1b9a8	2026-04-26	2026-07-05	verified
DCIM/DSC06905.ARW	DCIM/DSC06905.ARW	30416896	0543f1e97b4d60dd132fe9deb673a2cd666f5384e6a7a2fc73f9c2e0813a09af	2026-04-26	2026-07-05	verified
DCIM/DSC06905.JPG	DCIM/DSC06905.JPG	10000380	edcb1b6f20cd8a2ad921352e2359ad52f3567d733c0d1b553e9f11504f0d153a	2026-04-26	2026-07-05	verified
DCIM/DSC06906.ARW	DCIM/DSC06906.ARW	30425088	553791afb5e9875a991cb76da8d524fe86c7878fa2077d3f31c78a160fc6accd	2026-04-26	2026-07-05	verified
DCIM/DSC06906.JPG	DCIM/DSC06906.JPG	10017733	a0c80e370e5452bb2009ac7488cf07f419c1ee396da512070bc142473ce9c452	2026-04-26	2026-07-05	verified
DCIM/DSC06907.ARW	DCIM/DSC06907.ARW	30449664	a4b5f3994141035a8b1039e73f0b3f566d0897b7eb04d1721bfb6be525d2d89e	2026-04-26	2026-07-05	verified
DCIM/DSC06907.JPG	DCIM/DSC06907.JPG	10035921	0fc502875fd3782d9df8c11e5ae98c54468e71540b76199a2a6aa36d751a7aea	2026-04-26	2026-07-05	verified
DCIM/DSC06908.ARW	DCIM/DSC06908.ARW	30429184	5a68f3d023e64b9c3921188629b2b4c5c34fe8ce39386e43132348823361235e	2026-04-26	2026-07-05	verified
DCIM/DSC06908.JPG	DCIM/DSC06908.JPG	10022494	4be70167680d3563368642247d4f8eb5e66ca2bad86adf1b8b624f68aa5c1662	2026-04-26	2026-07-05	verified
DCIM/DSC06909.ARW	DCIM/DSC06909.ARW	30412800	47f9cd8d46e26ef814aa0b413a6a0d6cac5065b8a380652f6d62babfe3711210	2026-04-26	2026-07-05	verified
DCIM/DSC06909.JPG	DCIM/DSC06909.JPG	9992945	b2d0e0a3ebd480dfae6c352f9038eb3bfd8b75439fa99d8d785380bd7a41b2d2	2026-04-26	2026-07-05	verified
DCIM/DSC06910.ARW	DCIM/DSC06910.ARW	30384128	502d4c761f9247667d9412fca7b6be968f897818261419ca2230458e1481f206	2026-04-26	2026-07-05	verified
DCIM/DSC06910.JPG	DCIM/DSC06910.JPG	9930066	0b732a69410f8bb10082cad9423b8bada67bbcfbf36c758bee6ded77a5460bc1	2026-04-26	2026-07-05	verified
DCIM/DSC06911.ARW	DCIM/DSC06911.ARW	30412800	62b0dca872792e7e33121bd823c8a3471795e87fbe360b4d38a5297686fc3079	2026-04-26	2026-07-05	verified
DCIM/DSC06911.JPG	DCIM/DSC06911.JPG	9970000	4eb117e8ddf6dc2b5b35516741a17670ccba087b5926fedccd3ad0db3cdbd9dd	2026-04-26	2026-07-05	verified
DCIM/DSC06912.ARW	DCIM/DSC06912.ARW	30416896	bb4903da5770ebaa01435eac32a035c90efb7c5e287e7b4483b5765901b38c4b	2026-04-26	2026-07-05	verified
DCIM/DSC06912.JPG	DCIM/DSC06912.JPG	9983509	edf014f98943782a6d2f86e2e4eda252049eabfcf78b349a14ac4969db504e06	2026-04-26	2026-07-05	verified
DCIM/DSC06913.ARW	DCIM/DSC06913.ARW	30433280	764662e611158ae062a7daa20172c278e00c31eaf635b4c1ef642da5f1005da0	2026-04-26	2026-07-05	verified
DCIM/DSC06913.JPG	DCIM/DSC06913.JPG	10030769	8f90b5ee0f154b7e6bab99fc1d5d9637a58976d998a37ea91b9f6245e9503cd6	2026-04-26	2026-07-05	verified
DCIM/DSC06914.ARW	DCIM/DSC06914.ARW	30429184	f7e154674eb910bf22bb19714732933f82795a3b0e4db33fbce92c6d973056cc	2026-04-26	2026-07-05	verified
DCIM/DSC06914.JPG	DCIM/DSC06914.JPG	10023618	52087c63b81f8d7ecb426824a992cfa1cb0ee32b06798b725aac33b8302ae563	2026-04-26	2026-07-05	verified
DCIM/DSC06915.ARW	DCIM/DSC06915.ARW	30507008	506dc186b6dc613a75d47554ddb558153d10c75441a99b9110c08ef3024b4c2b	2026-04-26	2026-07-05	verified
DCIM/DSC06915.JPG	DCIM/DSC06915.JPG	10176939	ef002023e6ea8dd42469aebdd6bbf58dc79389f10435da3d2ba77a235961e514	2026-04-26	2026-07-05	verified
DCIM/DSC06916.ARW	DCIM/DSC06916.ARW	30367744	f9545b335d6f4d2d9e62286efc757d7c31f9074a462b0b85154ee1f14c7e91c4	2026-04-26	2026-07-05	verified
DCIM/DSC06916.JPG	DCIM/DSC06916.JPG	9960189	1a6763c2880781dbe5563a89af075c1c46897dd5415e2c87002fe68e604af459	2026-04-26	2026-07-05	verified
DCIM/DSC06917.ARW	DCIM/DSC06917.ARW	30347264	c06fa968555d96fb4db2ece7d5e25c85403b314b9651a73c31813d7799a2a1ea	2026-04-26	2026-07-05	verified
DCIM/DSC06917.JPG	DCIM/DSC06917.JPG	9874987	411de446f5e4daa70db9d549662a3d577e727d7d60e0b0586ab71ffbf268e1ab	2026-04-26	2026-07-05	verified
DCIM/DSC06918.ARW	DCIM/DSC06918.ARW	30310400	ca7f208f1de67f2e873f150910728c6d85b5c6060885afb46d79b9acf37845d2	2026-04-26	2026-07-05	verified
DCIM/DSC06918.JPG	DCIM/DSC06918.JPG	9819026	929fd60b5c52d897a9a47aab7fb765bbea0ccdee4597b0e143660fd645805875	2026-04-26	2026-07-05	verified
DCIM/DSC06919.ARW	DCIM/DSC06919.ARW	30322688	4132e7b51f195aa0ff1f197f0ed75d7cc564769e0d3d0548a708c6dbc46de275	2026-04-26	2026-07-05	verified
DCIM/DSC06919.JPG	DCIM/DSC06919.JPG	9811212	aacd85777ae049491735da35482ea480e2d7b53710813ac3850e389805d3e6d1	2026-04-26	2026-07-05	verified
DCIM/DSC06920.ARW	DCIM/DSC06920.ARW	30298112	a37c658d1716d4fc3bc08807600d6fbcf053a504f5dcb31fdecd38fac73529b8	2026-04-26	2026-07-05	verified
DCIM/DSC06920.JPG	DCIM/DSC06920.JPG	9774370	ef82d7576e68d4a53a2efad7d0f6eccc20d65bd4e0f8c04af3590e68972078a3	2026-04-26	2026-07-05	verified
DCIM/DSC06921.ARW	DCIM/DSC06921.ARW	29736960	0f7c081f9ec994162311b8576f1fea5eea8e1da2f5ad38e971012e39fb62d137	2026-04-26	2026-07-05	verified
DCIM/DSC06921.JPG	DCIM/DSC06921.JPG	9103141	472abdba4f41db97ecf0e2eb13549bcd977a707716b17230d273aa206d9e0c4a	2026-04-26	2026-07-05	verified
DCIM/DSC06922.ARW	DCIM/DSC06922.ARW	30031872	5b1931687a37cd0e334d82d88b2e30e09617774637a7c92deb2c0f3d76cb2c60	2026-04-26	2026-07-05	verified
DCIM/DSC06922.JPG	DCIM/DSC06922.JPG	9533951	84031cf29d342edf9efdde282acd72ebc90e810c5b512951b3c8dc23095544a5	2026-04-26	2026-07-05	verified
DCIM/DSC06923.ARW	DCIM/DSC06923.ARW	29958144	2797af89946f32814efbf1e33b089eac56a719f748f82d88479d3cc412ca5971	2026-04-26	2026-07-05	verified
DCIM/DSC06923.JPG	DCIM/DSC06923.JPG	9473879	2818c67cc193151fc22c4c66b4ec6e4f17195eeb4ba71518ed1b1adae2919993	2026-04-26	2026-07-05	verified
DCIM/DSC06924.ARW	DCIM/DSC06924.ARW	30285824	ee7f38b6be65629a969d143fe331edc39594fdefb0b8db3c6167fedfad6cae6c	2026-04-26	2026-07-05	verified
DCIM/DSC06924.JPG	DCIM/DSC06924.JPG	9821862	fd0010ed1d2d2a970aff131249845b297273777653e785cd378abd9ce52e89c7	2026-04-26	2026-07-05	verified
DCIM/DSC06925.ARW	DCIM/DSC06925.ARW	30343168	fc06f2b7c723062fde4f5228fcd236aca592e5d8ab474b43746ff0c5ce311d1b	2026-04-26	2026-07-05	verified
DCIM/DSC06925.JPG	DCIM/DSC06925.JPG	9938940	8480e10b38fd542907c7f8a42c8c0c83e8baab5fe0b5ccde439aabd5d4f30ce1	2026-04-26	2026-07-05	verified
DCIM/DSC06926.ARW	DCIM/DSC06926.ARW	30072832	7664ad3ed04265333e9e07bb97a5dd6566ba27637590457a621c767b8cad92db	2026-04-26	2026-07-05	verified
DCIM/DSC06926.JPG	DCIM/DSC06926.JPG	9535674	5112fb693f9d93ae1e834863d80d1d9ed7ae2fbe4b033efcb021f5b399f3eeaf	2026-04-26	2026-07-05	verified
DCIM/DSC06927.ARW	DCIM/DSC06927.ARW	29913088	2d5c22dd2bd339c39c52e74ba7d5cdb240c9b6d0138fa2bd052090874beaa371	2026-04-26	2026-07-05	verified
DCIM/DSC06927.JPG	DCIM/DSC06927.JPG	9233003	4de55053de5ba710952d9d58988e5c5eaf37081f935728a66fa820c01ae8abda	2026-04-26	2026-07-05	verified
DCIM/DSC06928.ARW	DCIM/DSC06928.ARW	29925376	476dfb65e67b9285ca2764915a331b876126436c1ff3e6c18dc0f1d2d93accc9	2026-04-26	2026-07-05	verified
DCIM/DSC06928.JPG	DCIM/DSC06928.JPG	9235675	0be6f0400ea03f77e1169755e3585d0049ab61a3d88cd78937519c6b2de13be7	2026-04-26	2026-07-05	verified
DCIM/DSC06929.ARW	DCIM/DSC06929.ARW	30048256	ba9750e661ecb40f31d93a5a1575548bdc1c325fe57aded145f2a6be600e7771	2026-04-26	2026-07-05	verified
DCIM/DSC06929.JPG	DCIM/DSC06929.JPG	9598811	6870e2c25d3c45d54e528aa6dd6732dfaa06e5d953e04b1a68d406a497f0bcb5	2026-04-26	2026-07-05	verified
DCIM/DSC06930.ARW	DCIM/DSC06930.ARW	30208000	323a43003e6b810c387531e3f48fb5ee1dcad6242cae5c8bfc06799615492625	2026-04-26	2026-07-05	verified
DCIM/DSC06930.JPG	DCIM/DSC06930.JPG	9893547	25e2bf68c47abd7f9a0bab99d090662fdd4fb95a1e0f746ff41bf04dc792cf03	2026-04-26	2026-07-05	verified
DCIM/DSC06931.ARW	DCIM/DSC06931.ARW	30216192	2e3398324b95cf07252166e8d683faf5804ecd3e6e6379560d0c230860820d2e	2026-04-26	2026-07-05	verified
DCIM/DSC06931.JPG	DCIM/DSC06931.JPG	9908620	39d7c1fbd4a5a9accf4af290568a91420095712449dc3009e20f47c3e8daf58d	2026-04-26	2026-07-05	verified
DCIM/DSC06932.ARW	DCIM/DSC06932.ARW	30220288	fabfa7e3e9fcfc33a3224e82e761602355c4d67ebf8c08cc1dd7cff94dcc64d7	2026-04-26	2026-07-05	verified
DCIM/DSC06932.JPG	DCIM/DSC06932.JPG	9923421	45d50bf67b48eade681784370c91f0cf2aa9f6a7d81049a3c3e949924f51908f	2026-04-26	2026-07-05	verified
DCIM/DSC06933.ARW	DCIM/DSC06933.ARW	29753344	1fc250853822349f3b83f14ddbe602d1590cefa5e27b916fa4bd8b06c092266b	2026-04-26	2026-07-05	verified
DCIM/DSC06933.JPG	DCIM/DSC06933.JPG	8818740	d9e37cb953b095b25e27c8a89670caeedb5cd4b19402c1d936b9193212f344fb	2026-04-26	2026-07-05	verified
DCIM/DSC06934.ARW	DCIM/DSC06934.ARW	29802496	f7f2fcdc40b08e2f1f8cffedfbeba1f068de8ffc070516f3f61f28cd6881957e	2026-04-26	2026-07-05	verified
DCIM/DSC06934.JPG	DCIM/DSC06934.JPG	8809904	f4da0b573a42a7f1319c4b1018e8142ff4ee947ebce4877050d6a36e489220fa	2026-04-26	2026-07-05	verified
DCIM/DSC06935.ARW	DCIM/DSC06935.ARW	29888512	edeb90676e32cf682df513615caafb79cf340d77bcb20c1040d0719a43325866	2026-04-26	2026-07-05	verified
DCIM/DSC06935.JPG	DCIM/DSC06935.JPG	8974693	d64c86f820f4f1283336f0b2496fdecfda4c3eb1b9cdc23a0d7d11f3408eef24	2026-04-26	2026-07-05	verified
DCIM/DSC06936.ARW	DCIM/DSC06936.ARW	29896704	62eb51ae47206574982dac6a3496c01303e769d70d3322ff8e1dd89d6eb87fd2	2026-04-26	2026-07-05	verified
DCIM/DSC06936.JPG	DCIM/DSC06936.JPG	9101000	c580ca5fb8aacd3af58f658885b9a06d387c9bfacd0fde981370072e203aed40	2026-04-26	2026-07-05	verified
DCIM/DSC06937.ARW	DCIM/DSC06937.ARW	29896704	e3e344aae81c99151ba5ba7055f81b83a518c4da7048c45db15f6cc9c0767ced	2026-04-26	2026-07-05	verified
DCIM/DSC06937.JPG	DCIM/DSC06937.JPG	9117583	1d51f2b0bceec1a403786e031c40765533e01353e06a0e87f99654355275b2c2	2026-04-26	2026-07-05	verified
DCIM/DSC06938.ARW	DCIM/DSC06938.ARW	29900800	525073f9b445e6e33e7a7461ad0bc7440e4e1fc2e9a51ed20fa240aedee1720b	2026-04-26	2026-07-05	verified
DCIM/DSC06938.JPG	DCIM/DSC06938.JPG	9129777	cb08622779e92066a5abb7c8c630efbf667e9ffc9213e6d8abf666bb38720fe4	2026-04-26	2026-07-05	verified
DCIM/DSC06939.ARW	DCIM/DSC06939.ARW	29777920	d79f1f8d3b3f871116d1525f460cbbc24f65f4c4ea02a48ef5e2cd70c31a51e7	2026-04-26	2026-07-05	verified
DCIM/DSC06939.JPG	DCIM/DSC06939.JPG	8922374	1ce84f0eeafa68a3e238b40c04fdd09de6b21e8602bc8ba214f9c3a49ae2fcd4	2026-04-26	2026-07-05	verified
DCIM/DSC06940.ARW	DCIM/DSC06940.ARW	29548544	4e4c930a112ce87816ec96bab35b36f4b967a17fa5297e02e5103b92077fddec	2026-04-26	2026-07-05	verified
DCIM/DSC06940.JPG	DCIM/DSC06940.JPG	8370582	bdc33cdcb1965e84286ad146b51bbdb5e2aacd3166d0a84efdc73af92db314bc	2026-04-26	2026-07-05	verified
DCIM/DSC06941.ARW	DCIM/DSC06941.ARW	30007296	905f10360336c50086f5a96fa817c1009d56a09482416f7be49dd6c4d5ad4596	2026-04-26	2026-07-05	verified
DCIM/DSC06941.JPG	DCIM/DSC06941.JPG	8975480	80f9675f914a72007636c4a3f1bd23e427a4164ebfd7a3c5add1f345ec5f9df8	2026-04-26	2026-07-05	verified
DCIM/DSC06942.ARW	DCIM/DSC06942.ARW	29016064	491fc7fef17dd743480e3ce0105ca0095fbbf652a5b1ed546492930ad2b1a6ea	2026-04-26	2026-07-05	verified
DCIM/DSC06942.JPG	DCIM/DSC06942.JPG	7186781	789941e864731810a81b12d6ea25567739200a6be6491ec1cebb17c096819694	2026-04-26	2026-07-05	verified
DCIM/DSC06943.ARW	DCIM/DSC06943.ARW	29040640	2e866586d41d0c200ecc828a130b38a98d2b006e6f579da33b48b5cd0d4a3976	2026-04-26	2026-07-05	verified
DCIM/DSC06943.JPG	DCIM/DSC06943.JPG	7207707	3e901651075f544d0a681814c35736176094aa2273a3b5f9df52e0abc8aaf39f	2026-04-26	2026-07-05	verified
DCIM/DSC06944.ARW	DCIM/DSC06944.ARW	29081600	7d70984a5ff740e4a4f0cc0921c405adb1037738fcda3da31fccde198c540740	2026-04-26	2026-07-05	verified
DCIM/DSC06944.JPG	DCIM/DSC06944.JPG	7331870	9bc0a36088b2b4262beb2c6a93feb760383cd8e7e8d8321d0f086049581db1b7	2026-04-26	2026-07-05	verified
DCIM/DSC06945.ARW	DCIM/DSC06945.ARW	29315072	555d33ad39440bceddb8b732486edd0e6f80946069d8aaf2998490e56138eb92	2026-04-26	2026-07-05	verified
DCIM/DSC06945.JPG	DCIM/DSC06945.JPG	8219813	bac3dcaa9d8f7a76e769ad60c4cd3901c70bb381b00056e61717efe289bf89ec	2026-04-26	2026-07-05	verified
DCIM/DSC06946.ARW	DCIM/DSC06946.ARW	29913088	e143f9df757dca22b991bf46fd013415b3c4f8ca76686a4bbdef9bbe98629b6d	2026-04-26	2026-07-05	verified
DCIM/DSC06946.JPG	DCIM/DSC06946.JPG	9294426	c73dd31b40157c5517177c5898a508ed5da6d45d1d074ff24b44834fc75e4ced	2026-04-26	2026-07-05	verified
DCIM/DSC06947.ARW	DCIM/DSC06947.ARW	29777920	e8f32604facbaa310819f2d1bc851cb2ca77dbb62f264b0d742f3a7d54f16423	2026-04-26	2026-07-05	verified
DCIM/DSC06947.JPG	DCIM/DSC06947.JPG	9270643	4af4c6711c741635d427034ab22df0d3cf8a87451be069f23e7845c7916f7992	2026-04-26	2026-07-05	verified
DCIM/DSC06948.ARW	DCIM/DSC06948.ARW	29810688	1bc47b3988a875c3f2dea019f9047f3c9c85f32620f9d9761551e3dc05e9392d	2026-04-26	2026-07-05	verified
DCIM/DSC06948.JPG	DCIM/DSC06948.JPG	9361167	210ceeda7fb664c7e4b20c0f8539098e0dcec04c65e92669e6ab75ea0647bccb	2026-04-26	2026-07-05	verified
DCIM/DSC06949.ARW	DCIM/DSC06949.ARW	29839360	329c2aeacc4a6ce20b760722f4e2547eb4a0081caca8acb14d00211b9c8448c6	2026-04-26	2026-07-05	verified
DCIM/DSC06949.JPG	DCIM/DSC06949.JPG	9393405	08b957b05d84960bbfe3a6c1561db40af5bd81c275695c42ddcff957fdc994da	2026-04-26	2026-07-05	verified
DCIM/DSC06950.ARW	DCIM/DSC06950.ARW	29835264	4e2fd227f0abe45a8e74ff23ed480cb58faaaff744e8149ba51bbb910c09d96e	2026-04-26	2026-07-05	verified
DCIM/DSC06950.JPG	DCIM/DSC06950.JPG	9385590	1356a02de1e2c2b6fe74b361ee740fae429bf91c4c96bd9ac89420eeb5f29c91	2026-04-26	2026-07-05	verified
DCIM/DSC06951.ARW	DCIM/DSC06951.ARW	29814784	121a4caa5b0538902d0c02b161e1072806588e2b9a5dab9ed137a5fb4ef2e1b3	2026-04-26	2026-07-05	verified
DCIM/DSC06951.JPG	DCIM/DSC06951.JPG	9294034	98afa65a64bb97fd77eecc1c3732578e07edb126e3074b8771a7a88c44fe2270	2026-04-26	2026-07-05	verified
DCIM/DSC06952.ARW	DCIM/DSC06952.ARW	29872128	f906877dbd03355c3caf921b424010270901eb2060e452d1a13ef2275ea6f714	2026-04-26	2026-07-05	verified
DCIM/DSC06952.JPG	DCIM/DSC06952.JPG	9450956	ca9cb88ca75bb3828d94de3419380cbcdd77dbba3b2430e430c7a4ac555fe7ce	2026-04-26	2026-07-05	verified
DCIM/DSC06953.ARW	DCIM/DSC06953.ARW	29831168	c999866c97c54c91030d7515358b2b88ce4c0f09da42d9722c33575e5a1583eb	2026-04-26	2026-07-05	verified
DCIM/DSC06953.JPG	DCIM/DSC06953.JPG	9393382	bd62e912e64d9b9b215f6d411b8664a6bbb452449bc15cc409bfdf9bccb16af2	2026-04-26	2026-07-05	verified
DCIM/DSC06954.ARW	DCIM/DSC06954.ARW	30052352	c81897923c30a2ee407cd1b6f3a0e2c6534200d407ee0c90aa53584baa85cb53	2026-04-26	2026-07-05	verified
DCIM/DSC06954.JPG	DCIM/DSC06954.JPG	9719571	cb1744da1bd00eaa76ee67a2a51ec16a6c6513b8c46a09e048b2da66725c153e	2026-04-26	2026-07-05	verified
DCIM/DSC06955.ARW	DCIM/DSC06955.ARW	30031872	b7d11da753d2be18f503d6057cbfbfb7c5e12408d285f6f44c026d6cff21af4b	2026-04-26	2026-07-05	verified
DCIM/DSC06955.JPG	DCIM/DSC06955.JPG	9633166	3217022f6c363dbbc5086c26cf9ed698a526a32b659fd3babf7a888a21ee2dc8	2026-04-26	2026-07-05	verified
DCIM/DSC06956.ARW	DCIM/DSC06956.ARW	30064640	01a7086843a459fd42e1ef294728052629378f70aaa26e28b17a35a7090b0442	2026-04-26	2026-07-05	verified
DCIM/DSC06956.JPG	DCIM/DSC06956.JPG	9726223	cdb97affdd16b4a5282c46ff44f008428bcea546f051924bc555a15866703b53	2026-04-26	2026-07-05	verified
DCIM/DSC06957.ARW	DCIM/DSC06957.ARW	30343168	4193f6cd1bf2dfc2b54187513c3de391aa18a0ee85ae2a5a6a118861d4b4a7a0	2026-04-26	2026-07-05	verified
DCIM/DSC06957.JPG	DCIM/DSC06957.JPG	10159325	7e0d5eefe7475bbf0ca5cfa1aa94e20fd54762106701e0759d41496bf4d87980	2026-04-26	2026-07-05	verified
DCIM/DSC06958.ARW	DCIM/DSC06958.ARW	30347264	c31e1969ae5c359cee5255b72805376de4d42668abe0e3b7ecc3c4a9a7a85ae6	2026-04-26	2026-07-05	verified
DCIM/DSC06958.JPG	DCIM/DSC06958.JPG	10163279	aa46807715e526c1b0986737d428a409d2847aefbc8d28bf0ac614f298b749f6	2026-04-26	2026-07-05	verified
DCIM/DSC06959.ARW	DCIM/DSC06959.ARW	30347264	f4bd7d895d7e2514030f97535273ba7fb1c8dffd460202a06a36d05790adef90	2026-04-26	2026-07-05	verified
DCIM/DSC06959.JPG	DCIM/DSC06959.JPG	10175345	74e7415758015aedaa8c5bf6e2f7aea10e86e86ec5d8ad9847d07b1becef594b	2026-04-26	2026-07-05	verified
DCIM/DSC06960.ARW	DCIM/DSC06960.ARW	30347264	d948bce993adccb935769a0bc6b3a8e36c4f734b06fd25793335d24a5735ddcd	2026-04-26	2026-07-05	verified
DCIM/DSC06960.JPG	DCIM/DSC06960.JPG	10172820	7426612c3353ed480271791ecdf909da9140ffe1bcf241513448a9efefb423b3	2026-04-26	2026-07-05	verified
DCIM/DSC06961.ARW	DCIM/DSC06961.ARW	30334976	009b54e127d53dc5cef68fe60828aff7d85bc0ac04053c6a54f176e2a6639f5c	2026-04-26	2026-07-05	verified
DCIM/DSC06961.JPG	DCIM/DSC06961.JPG	10150570	9ad6a583021c9a56772ff6879b0b43fe51829fd423738674993a2ed84f479577	2026-04-26	2026-07-05	verified
DCIM/DSC06962.ARW	DCIM/DSC06962.ARW	30326784	9580902360881581d7440fb99a4b6efc7965b2efee11c44a9eefd80370c508aa	2026-04-26	2026-07-05	verified
DCIM/DSC06962.JPG	DCIM/DSC06962.JPG	10141264	80953553aa3d7555c6ade16f2743e7deeb097e76dcea09bf5c05dea5642af27a	2026-04-26	2026-07-05	verified
DCIM/DSC06963.ARW	DCIM/DSC06963.ARW	30306304	90649e068612c066c18bc79ea13f148f124f21a03a58962216a422ad0dd97bb6	2026-04-26	2026-07-05	verified
DCIM/DSC06963.JPG	DCIM/DSC06963.JPG	10106803	380aa08f64f15aab71d0d5fc1b7f0479c699791d0c1165c092018f0419261114	2026-04-26	2026-07-05	verified
DCIM/DSC06964.ARW	DCIM/DSC06964.ARW	30261248	a27afc09e531e7a84d37aed8769a34fd881f2e4eb1c733d9f56e0f696921181d	2026-04-26	2026-07-05	verified
DCIM/DSC06964.JPG	DCIM/DSC06964.JPG	10053121	d632c008edbb7c618848ab38d95dd69c7b99e74c68cc55905b6c8e8b841c935d	2026-04-26	2026-07-05	verified
DCIM/DSC06965.ARW	DCIM/DSC06965.ARW	30150656	aeee075f30d13111026f4656d3d43ab4e98daf337da573da919376ef2e58a8ed	2026-04-26	2026-07-05	verified
DCIM/DSC06965.JPG	DCIM/DSC06965.JPG	9890319	41d9b166843782c0f1a7bfcbb652709209978c02054c9862b51bfbec21611455	2026-04-26	2026-07-05	verified
DCIM/DSC06966.ARW	DCIM/DSC06966.ARW	30109696	2a5b92b876fa724056d2bb76d5475fe3d150bdf7baf869892e9c2f6f2770d672	2026-04-26	2026-07-05	verified
DCIM/DSC06966.JPG	DCIM/DSC06966.JPG	9833811	a4c2b00fe2756d84fdc228766a303398eb571e656a92370d811b24ce1cb5b9ee	2026-04-26	2026-07-05	verified
DCIM/DSC06967.ARW	DCIM/DSC06967.ARW	30064640	70cd7072161b6283797e4574d788beb391df042040276f979fbdd129bd1a9e13	2026-04-26	2026-07-05	verified
DCIM/DSC06967.JPG	DCIM/DSC06967.JPG	9753362	d8485d501f34a2a67a7f174f6132c9a20809858a0e92a3339560269dc2d52c18	2026-04-26	2026-07-05	verified
DCIM/DSC06968.ARW	DCIM/DSC06968.ARW	30081024	fc9975d8bfbf21247025940b4050e651464809d0a856bb41b9c5de002610f27a	2026-04-26	2026-07-05	verified
DCIM/DSC06968.JPG	DCIM/DSC06968.JPG	9795669	c1cc002ada233e795bea0a8aa033a040433332806f197c2b9a4c4bc1ec614fee	2026-04-26	2026-07-05	verified
DCIM/DSC06969.ARW	DCIM/DSC06969.ARW	30081024	cd2c63fb4213a4fdd7e748e3c27e33bcec8a5a5b766a07c63e0774b12ae472cd	2026-04-26	2026-07-05	verified
DCIM/DSC06969.JPG	DCIM/DSC06969.JPG	9785829	0f5175e50d8457dc850b8411eaef603e05d176e811d29b1f31eadd8f59295124	2026-04-26	2026-07-05	verified
DCIM/DSC06970.ARW	DCIM/DSC06970.ARW	30089216	bf4f1e007f94f272f4d14a1c15a8987d796a642beaafbd7753da090615f1b637	2026-04-26	2026-07-05	verified
DCIM/DSC06970.JPG	DCIM/DSC06970.JPG	9791187	5867dcbea15b022716beb84c16d751be8d8c2427b8c65515a5984d387fba2d27	2026-04-26	2026-07-05	verified
DCIM/DSC06971.ARW	DCIM/DSC06971.ARW	29917184	d11f7fb74f7d2ab90b4911f69d9f44878625bde32cece64a782802aa67972480	2026-04-26	2026-07-05	verified
DCIM/DSC06971.JPG	DCIM/DSC06971.JPG	9323440	b8953c5547c32533b342498e2c338fa731ea6fb21b041e341221544467011c0a	2026-04-26	2026-07-05	verified
DCIM/DSC06972.ARW	DCIM/DSC06972.ARW	29319168	c0d7dcd340de06a461726f63aa00e51efac706e4aa7160984c55c508563abf6c	2026-04-26	2026-07-05	verified
DCIM/DSC06972.JPG	DCIM/DSC06972.JPG	8043925	82aa3ab387d675cf63033cf1c776907a7dcafa421da709ce4e553ecf5692e76b	2026-04-26	2026-07-05	verified
DCIM/DSC06973.ARW	DCIM/DSC06973.ARW	29548544	0da7c37b0187d3ffea84b288b2829a173a5b7cb22fcbab11f17a2f84db860957	2026-04-26	2026-07-05	verified
DCIM/DSC06973.JPG	DCIM/DSC06973.JPG	8842418	76df9d38a39715709846abc6dc82e2cafbb3cadaa68f2a404062b2e42a95b380	2026-04-26	2026-07-05	verified
DCIM/DSC06974.ARW	DCIM/DSC06974.ARW	29609984	209c710c22f50cf257cae4e139d8f7f63fdb52604bf8f89729505f6a79f871d6	2026-04-26	2026-07-05	verified
DCIM/DSC06974.JPG	DCIM/DSC06974.JPG	8945924	0940d7e25c51841c7ba0f11e6be172de2e4ceee8c7973ddbcca99bddb0f674d8	2026-04-26	2026-07-05	verified
DCIM/DSC06975.ARW	DCIM/DSC06975.ARW	29827072	9a43240435cd5556c27d6fdde9e6fffbd24d35e49b35a142645cf0ce1480caad	2026-04-26	2026-07-05	verified
DCIM/DSC06975.JPG	DCIM/DSC06975.JPG	9156113	03b925892be7a986fa4dda8ccdface5d838ea0b8bcac7ac7ec7a553497d97965	2026-04-26	2026-07-05	verified
DCIM/DSC06976.ARW	DCIM/DSC06976.ARW	30199808	94aac481c56d260915e642b0aaa25f1e25a1ace4580bf182e3362476562e9a68	2026-04-26	2026-07-05	verified
DCIM/DSC06976.JPG	DCIM/DSC06976.JPG	9903498	50ef836a257ddc5bab6b318ceed5a2ed1d8751ed4cd31d2f71ef6450d759b2ce	2026-04-26	2026-07-05	verified
DCIM/DSC06977.ARW	DCIM/DSC06977.ARW	30154752	cb76abea93db50bd1c25985eedfd460378436be92d0b02762a854f0ea53f71fe	2026-04-26	2026-07-05	verified
DCIM/DSC06977.JPG	DCIM/DSC06977.JPG	9848787	7954b71262ec01421a69765f6391f32d931b5ff810736f1033aa34d14ac7091d	2026-04-26	2026-07-05	verified
DCIM/DSC06978.ARW	DCIM/DSC06978.ARW	29908992	d26b44aee8bd86d9d242e91301c1b6a7abdcf72d73527d999b72a225c64323fc	2026-04-26	2026-07-05	verified
DCIM/DSC06978.JPG	DCIM/DSC06978.JPG	9498000	8f4f0a6febe5577f02ddfa06f1507c1c4f154060730e1463d23b47ad8a4b8f09	2026-04-26	2026-07-05	verified
DCIM/DSC06979.ARW	DCIM/DSC06979.ARW	29896704	d87853bb4305a0a9fad1072a8bcf23353d0f8cbd883f157f1a0f894226cbb7c9	2026-04-26	2026-07-05	verified
DCIM/DSC06979.JPG	DCIM/DSC06979.JPG	9496260	32e447cc96cdde07a43f184f3561dd96400ced2eaed79631845feca31131eb9f	2026-04-26	2026-07-05	verified
DCIM/DSC06980.ARW	DCIM/DSC06980.ARW	29458432	2903b847c78f7ecb7283137be4b3af1a74af47d58ccdba83f0a64eb2dbcea77b	2026-04-26	2026-07-05	verified
DCIM/DSC06980.JPG	DCIM/DSC06980.JPG	7698357	3a12f868fcda5adfdd68d93741a13b4c9c012db1a2dcb988103d5831a1d40312	2026-04-26	2026-07-05	verified
DCIM/DSC06981.ARW	DCIM/DSC06981.ARW	29405184	1e4c4358f12beae8a1034b3b4f4c51c80270d5d2472c64db9e68ebd3d9fd62f5	2026-04-26	2026-07-05	verified
DCIM/DSC06981.JPG	DCIM/DSC06981.JPG	7611769	4d825f4a628d76ea86aed3548f3eef45ec69fcccd48ab15b58c45a4bf4be9ef9	2026-04-26	2026-07-05	verified
DCIM/DSC06982.ARW	DCIM/DSC06982.ARW	29822976	7dad90a86affe81e677573bcc6cda37cbc4ad00df009eef5f0d875a895d5dae0	2026-04-26	2026-07-05	verified
DCIM/DSC06982.JPG	DCIM/DSC06982.JPG	9205109	a67632e7fb0a31df3eb11cd81fdf5a397ba9d6760f5e392d35f3c27ddee8280c	2026-04-26	2026-07-05	verified
DCIM/DSC06983.ARW	DCIM/DSC06983.ARW	29855744	0141c2a8adf0a7634a3dfa5e91d0a8f3c84af915128f75d57562e979240ca2b2	2026-04-26	2026-07-05	verified
DCIM/DSC06983.JPG	DCIM/DSC06983.JPG	9214700	e69d10a58c7fbe2be97e7f4c5641457693d7485638fceae3aeee1603355b822b	2026-04-26	2026-07-05	verified
DCIM/DSC06984.ARW	DCIM/DSC06984.ARW	29839360	6293f912b0f83494945c1397e3a349337298c70f416d3023861440b0289652a9	2026-04-26	2026-07-05	verified
DCIM/DSC06984.JPG	DCIM/DSC06984.JPG	9163459	446e28179c018ec854612cf9280b6def661b8eeb94f2934ce4243f6d22acfc1b	2026-04-26	2026-07-05	verified
DCIM/DSC06985.ARW	DCIM/DSC06985.ARW	29822976	c36e668d1866c20024111d7f765d2d4794bfd998c78ac52dd84eaa9c41ecde3b	2026-04-26	2026-07-05	verified
DCIM/DSC06985.JPG	DCIM/DSC06985.JPG	9140021	126aaa35027ac6571a8b3ac33a7a0a35057ad4212d66a95cf939230c325cedbd	2026-04-26	2026-07-05	verified
DCIM/DSC06986.ARW	DCIM/DSC06986.ARW	29843456	22dcaa43219b8afe9df1fab3bb1ea212bea9af7296b900a406469fd6a5a1befa	2026-04-26	2026-07-05	verified
DCIM/DSC06986.JPG	DCIM/DSC06986.JPG	9196448	ecd9a79c989da0735e263e0089dc55e70a66667b5e1475d0d22acd6720bdc558	2026-04-26	2026-07-05	verified
DCIM/DSC06987.ARW	DCIM/DSC06987.ARW	29859840	2e4f8e09547b4a9a6076f394f43b3ce0e9efa2798b95646f4739cb19972a2d4a	2026-04-26	2026-07-05	verified
DCIM/DSC06987.JPG	DCIM/DSC06987.JPG	9186414	e93558dd2b6cfb039702e771dfe29500b9b4b4aa07e2cc5a098be304eab40e27	2026-04-26	2026-07-05	verified
DCIM/DSC06988.ARW	DCIM/DSC06988.ARW	29851648	1ec18a871dd83279f13bed1a9436dc47ac55784115d83777ecb4e25f7a6de453	2026-04-26	2026-07-05	verified
DCIM/DSC06988.JPG	DCIM/DSC06988.JPG	9176004	107952c7ffc55e3e9f2b52741a18c8251285d6698eb22c2e15f1c9d98fa2d129	2026-04-26	2026-07-05	verified
DCIM/DSC06989.ARW	DCIM/DSC06989.ARW	29835264	bae137717ae4cdd9088b515ac9f2a8df9ccc0f5102db3a85838366c9c7cc395f	2026-04-26	2026-07-05	verified
DCIM/DSC06989.JPG	DCIM/DSC06989.JPG	9124300	56b93f1a205be0fe6bdc91e091cfde8333d4ba44b9bc3c6a62a5f3fdcb1432cf	2026-04-26	2026-07-05	verified
DCIM/DSC06990.ARW	DCIM/DSC06990.ARW	29818880	3d7bcc6f843364c853170387c8636c3a165735dfd6db6c31307c509b4d6bb651	2026-04-26	2026-07-05	verified
DCIM/DSC06990.JPG	DCIM/DSC06990.JPG	9122654	5f021a0f976ca00770563a80b491d3985118c7f1c5046b41b53dbb6df485b0aa	2026-04-26	2026-07-05	verified
DCIM/DSC06991.ARW	DCIM/DSC06991.ARW	29794304	50c2bf00ecc8715a7ea870de3b148b2a010c48b72505293167a40feff24f5941	2026-04-26	2026-07-05	verified
DCIM/DSC06991.JPG	DCIM/DSC06991.JPG	9080487	1f9ab4d8d360a4e971af6b016dfe5a9b8b94643e494aae4febc677aedcc7892e	2026-04-26	2026-07-05	verified
DCIM/DSC06992.ARW	DCIM/DSC06992.ARW	29765632	31e71e386a9a25ccc64cf38015b34dfcb181ee69222f44b73173ce0ce52fde85	2026-04-26	2026-07-05	verified
DCIM/DSC06992.JPG	DCIM/DSC06992.JPG	9031723	363f394cbd74f6f04f808813b6e07ef3ae8cf1f7a792d97864b198d54ead1544	2026-04-26	2026-07-05	verified
DCIM/DSC06993.ARW	DCIM/DSC06993.ARW	29593600	9d337bc832501925561f7ca84ce307517524f4ef2213486258e6d5177a3ca8a7	2026-04-26	2026-07-05	verified
DCIM/DSC06993.JPG	DCIM/DSC06993.JPG	8835082	c06be2e0f95d4a3fc6941449c65f635f8323cf06944193d2ff875d2491a0974b	2026-04-26	2026-07-05	verified
DCIM/DSC06994.ARW	DCIM/DSC06994.ARW	29761536	6b17759b7a45be9c55f0fe482c5c6be7df8cbf32a067d82600a5934be11bd610	2026-04-26	2026-07-05	verified
DCIM/DSC06994.JPG	DCIM/DSC06994.JPG	9092861	a9437219ca0c654aeb25bb35530da898b97cab23a3f506f1d6ebfe58acec59e5	2026-04-26	2026-07-05	verified
DCIM/DSC06995.ARW	DCIM/DSC06995.ARW	29786112	22984c5875006bc81aa7561db343fb9f0524f6c625a6be32ceb9e09f22914b97	2026-04-26	2026-07-05	verified
DCIM/DSC06995.JPG	DCIM/DSC06995.JPG	9129504	0f3f681fb14b45c2ed57fe5b2b2363e9c03a7f941d795ff2f9ea2b85cbd3e7be	2026-04-26	2026-07-05	verified
DCIM/DSC06996.ARW	DCIM/DSC06996.ARW	29683712	2d3e83e93921f0a0ee17d04cf61ec62bc6ab9c37460d0fd96589b049347753fe	2026-04-26	2026-07-05	verified
DCIM/DSC06996.JPG	DCIM/DSC06996.JPG	9030579	f6c9730c5c08ca46125de5706d14207b8e1f18446263949b99f701a12cf7e07a	2026-04-26	2026-07-05	verified
DCIM/DSC06997.ARW	DCIM/DSC06997.ARW	29732864	0bd1f6ac997707278dbcd7ef38fb09082a5875560eab3f76b6ed7e3583243514	2026-04-26	2026-07-05	verified
DCIM/DSC06997.JPG	DCIM/DSC06997.JPG	9096980	c2947e5335e4e6d560cf0a5c6a22e1b9356f135faaf45d5b28972635867cd593	2026-04-26	2026-07-05	verified
DCIM/DSC06998.ARW	DCIM/DSC06998.ARW	29753344	cc42ab0362d7ef045d372147b2216bbb59f52665d8d54793b85efc4a072a9909	2026-04-26	2026-07-05	verified
DCIM/DSC06998.JPG	DCIM/DSC06998.JPG	9137053	4b75d9b30150d5c63ffc85d3683b94d4e333e28730a021168caf1a420d57a406	2026-04-26	2026-07-05	verified
DCIM/DSC06999.ARW	DCIM/DSC06999.ARW	29773824	a7f4ad17b932fda68300b222fad5a35997c7d3f0696641ce635295db19b33368	2026-04-26	2026-07-05	verified
DCIM/DSC06999.JPG	DCIM/DSC06999.JPG	9169164	2361cc61304cf729f7f17769f4ece7408473386f9d426328b60dab2bb9ed3da3	2026-04-26	2026-07-05	verified
DCIM/DSC07000.ARW	DCIM/DSC07000.ARW	29839360	8d5cd81b8c07856b62ce8dd2745581d36bd71d0bd11ac6f5ba85f4a11763e205	2026-04-26	2026-07-05	verified
DCIM/DSC07000.JPG	DCIM/DSC07000.JPG	9252886	61b5f3d594d93f20f6965befd355b77b6857e888396916bcdd48ffb63a13eebb	2026-04-26	2026-07-05	verified
DCIM/DSC07001.ARW	DCIM/DSC07001.ARW	29962240	3982edb85002149720c5fbddd1d95fadff9dd597783c42d4274879018dabcdfa	2026-04-26	2026-07-05	verified
DCIM/DSC07001.JPG	DCIM/DSC07001.JPG	9337549	375a3df74b10f8be72e8258bc8e0e5f861df80209534a4f18b3f3a1346f0b24b	2026-04-26	2026-07-05	verified
DCIM/DSC07002.ARW	DCIM/DSC07002.ARW	29962240	d77b138393d74d7f64ecca118c525d2d100f9bb95b3bbccc6c7e228224c0626f	2026-04-26	2026-07-05	verified
DCIM/DSC07002.JPG	DCIM/DSC07002.JPG	9299713	ab8581581956eb3ad1cb3f965fdd59ba1cf0fb505d06751f5f9687430c0e62a5	2026-04-26	2026-07-05	verified
DCIM/DSC07003.ARW	DCIM/DSC07003.ARW	29995008	be0afca3a35d615fef8d8dc882946355a5a9f384f0e8a68314b6525d36e5daeb	2026-04-26	2026-07-05	verified
DCIM/DSC07003.JPG	DCIM/DSC07003.JPG	9351824	a0c59fb4e7e0d08a51569673b53674aeadf141f5013813fa1fa330f7996a666e	2026-04-26	2026-07-05	verified
DCIM/DSC07004.ARW	DCIM/DSC07004.ARW	30023680	001acc46300fbfd89c80e7d9020d8935ebc0fa741d89dcd6baedb37aa7bd01ec	2026-04-26	2026-07-05	verified
DCIM/DSC07004.JPG	DCIM/DSC07004.JPG	9425549	db775965fd9c616cea0c8cb3bbb36ea655ccda52423e8561d8f49d9ea2fcc26a	2026-04-26	2026-07-05	verified
DCIM/DSC07005.ARW	DCIM/DSC07005.ARW	30027776	092ff1ff3a069aba7fc7b6fbc63fc773af5e713cc89a30f79b5e7cf0f7cf684a	2026-04-26	2026-07-05	verified
DCIM/DSC07005.JPG	DCIM/DSC07005.JPG	9436722	2a2c2df9d491071093406c6b29e5e23027db6ed5e1060b6079a3eca35447acb0	2026-04-26	2026-07-05	verified
DCIM/DSC07006.ARW	DCIM/DSC07006.ARW	29995008	8932842298510293caec8e00905eba901d92cc85715ca5a4df83ab593416155d	2026-04-26	2026-07-05	verified
DCIM/DSC07006.JPG	DCIM/DSC07006.JPG	9382032	0eb896529dc8ca4be2d921aa45b9c01172fc14c5752b946af6d47aab7f598cd2	2026-04-26	2026-07-05	verified
DCIM/DSC07007.ARW	DCIM/DSC07007.ARW	29962240	c534bcacf57b2929f1cde063437ef85d5247a245203b7fdb4212b8ae98c83655	2026-04-26	2026-07-05	verified
DCIM/DSC07007.JPG	DCIM/DSC07007.JPG	9305883	241b482b73de14a1054dc348d3a2d18ceb6ca5e3e12ae343a4e1fd9843095523	2026-04-26	2026-07-05	verified
DCIM/DSC07008.ARW	DCIM/DSC07008.ARW	29933568	5892e9c99f8f2d947473584761de2c081567d9dd2117fc60c5a9d66c6ec4cb24	2026-04-26	2026-07-05	verified
DCIM/DSC07008.JPG	DCIM/DSC07008.JPG	9237001	8361d95e559a3a60912a08b219a7deec02aa11733f1a6f481a8305b28cc77e8d	2026-04-26	2026-07-05	verified
DCIM/DSC07009.ARW	DCIM/DSC07009.ARW	29904896	d00c0623c144c05de772418cf467296595669453d6e52c966b1f8c8b228e323a	2026-04-26	2026-07-05	verified
DCIM/DSC07009.JPG	DCIM/DSC07009.JPG	9162381	3cfc79a28ca34213c96045e7ad116453430eac1a08e972cfe2ce558e0a186bd5	2026-04-26	2026-07-05	verified
DCIM/DSC07010.ARW	DCIM/DSC07010.ARW	29896704	21770700a05644c7b648395b8496107d85aee0262eafe27ba4036e14f5e953e7	2026-04-26	2026-07-05	verified
DCIM/DSC07010.JPG	DCIM/DSC07010.JPG	9164021	ee59f4d1f9115b9508c612fe5488ac1180f0b7e1c02c8a87639edb89d8c3fdfc	2026-04-26	2026-07-05	verified
DCIM/DSC07011.ARW	DCIM/DSC07011.ARW	29921280	c30b55f0c5a0b281de2f6f03a953d16690e196f41e5ba0d4862ffe66e907b8f7	2026-04-26	2026-07-05	verified
DCIM/DSC07011.JPG	DCIM/DSC07011.JPG	9198444	86be3f38dc451023b325e58218f53a6c8edd6623488a165845f9b783baca5ed6	2026-04-26	2026-07-05	verified
DCIM/DSC07012.ARW	DCIM/DSC07012.ARW	29941760	aebc09b4a24eadda8c5a3930b96897b81d2a43bce5ca7f8433bc87ff10935911	2026-04-26	2026-07-05	verified
DCIM/DSC07012.JPG	DCIM/DSC07012.JPG	9227191	f9a18b9f0b7832c9f7a0d57a6320b1886f6304b9367f07374b6f1d77a6cbb232	2026-04-26	2026-07-05	verified
DCIM/DSC07013.ARW	DCIM/DSC07013.ARW	29962240	2aa65df830b620baa08e7623f80c16286db9acab63be0b4a30d0e51a6235efd6	2026-04-26	2026-07-05	verified
DCIM/DSC07013.JPG	DCIM/DSC07013.JPG	9162387	bc396a394d8b06fa8575bced52f7055a8a8e8b44b7130454d8f51937db5f898c	2026-04-26	2026-07-05	verified
DCIM/DSC07014.ARW	DCIM/DSC07014.ARW	30101504	3059092a28886833030529e024ecdba83fbfaabf19bbdeb1ffe657ace872589c	2026-04-26	2026-07-05	verified
DCIM/DSC07014.JPG	DCIM/DSC07014.JPG	9297680	c2d5f0fb436c429f26f7ef20e434d618ace045c760dca4edc8a26ade2d2ff06a	2026-04-26	2026-07-05	verified
DCIM/DSC07015.ARW	DCIM/DSC07015.ARW	30261248	6c4291837d0f5f64afe83b2bc335a878cf39ac0eaf4e371e71f3b04019e29806	2026-04-26	2026-07-05	verified
DCIM/DSC07015.JPG	DCIM/DSC07015.JPG	9571357	800f86b6eb359d11671a3faf10bc090a4958fdab6a6e40ca1f15fe91b9fc0aad	2026-04-26	2026-07-05	verified
DCIM/DSC07016.ARW	DCIM/DSC07016.ARW	30281728	19f584cb39109bdce1cc1f622f6d555188d601c8b6b61cd5662f282bb0d52bfc	2026-04-26	2026-07-05	verified
DCIM/DSC07016.JPG	DCIM/DSC07016.JPG	9549486	ac84ef1666f2c86984b27dc94071c10daa3d3e0ee0ba1990e69aa9c7839c279d	2026-04-26	2026-07-05	verified
DCIM/DSC07017.ARW	DCIM/DSC07017.ARW	30400512	295383735dc2db297ee9524a7dc356bfda39cff1d651a092485f05a8ca6b80f2	2026-04-26	2026-07-05	verified
DCIM/DSC07017.JPG	DCIM/DSC07017.JPG	9740171	3cc6ce2e8fc51017af8c8c005ef663844fe7b13bfa16010516387f0f5dbe2620	2026-04-26	2026-07-05	verified
DCIM/DSC07018.ARW	DCIM/DSC07018.ARW	30343168	f4a68afe54a75333bb70c1dc6593ba648b86ceb2ab2738c9bfd6bb58f33c46e8	2026-04-26	2026-07-05	verified
DCIM/DSC07018.JPG	DCIM/DSC07018.JPG	9581271	247ba9b8bf05b2c8c696fe3e868ff79b4518262d76ed4560a4eb93f7c6d091b2	2026-04-26	2026-07-05	verified
DCIM/DSC07019.ARW	DCIM/DSC07019.ARW	29970432	0db68040d2f605987f63aff97a82581a2f5328855256469fcc511ceb953710a6	2026-04-26	2026-07-05	verified
DCIM/DSC07019.JPG	DCIM/DSC07019.JPG	9013220	0bbb8c83c1732c3dbbad2ed76a16375174a64b3338d65172988e8f2526dd1335	2026-04-26	2026-07-05	verified
DCIM/DSC07020.ARW	DCIM/DSC07020.ARW	29941760	1ab483baa26f83719c2014c8aa92e97aaa7d77dea18dd20b5af657f5a1496d80	2026-04-26	2026-07-05	verified
DCIM/DSC07020.JPG	DCIM/DSC07020.JPG	8876473	31611279e2786baedb4a65b29b7b1bfcc2bf9d76b5730ead92e10ca9d6d8e691	2026-04-26	2026-07-05	verified
DCIM/DSC07021.ARW	DCIM/DSC07021.ARW	29921280	ba92c9cf929c62864e384328981950c63844b46e6308c07b2979af83743b51b0	2026-04-26	2026-07-05	verified
DCIM/DSC07021.JPG	DCIM/DSC07021.JPG	8845687	aa7029ae5136a67ea7e4a99e748650b94661962cb2a873796bdcb919f8ca11f6	2026-04-26	2026-07-05	verified
DCIM/DSC07022.ARW	DCIM/DSC07022.ARW	29896704	2cc64d83e6eb910f1248bf4b078fca3217dd680680ae22c603d56cc5515220ac	2026-04-26	2026-07-05	verified
DCIM/DSC07022.JPG	DCIM/DSC07022.JPG	8783390	d79c7c6eb1ae9f3cea8a5f343a5bf6b55ea922dd6faef0aea97a3f755e88c866	2026-04-26	2026-07-05	verified
DCIM/DSC07023.ARW	DCIM/DSC07023.ARW	30142464	dbf58f267e8691f0a06c8b7659ec4188e21e34207c74aa762e176262be80f2dc	2026-04-26	2026-07-05	verified
DCIM/DSC07023.JPG	DCIM/DSC07023.JPG	8638690	c4d5698f6eaf845622ca471e022948b009b4cad63e0522251179b8448a581831	2026-04-26	2026-07-05	verified
DCIM/DSC07024.ARW	DCIM/DSC07024.ARW	30093312	5736c014158398d32dfd6e7d079837cb8c58ab38700a771a48bd139af0718776	2026-04-26	2026-07-05	verified
DCIM/DSC07024.JPG	DCIM/DSC07024.JPG	8541408	e833f88e9701671c96a14650e12608a2d5a4de576fcc2b99176acb5abaabf171	2026-04-26	2026-07-05	verified
DCIM/DSC07025.ARW	DCIM/DSC07025.ARW	29499392	01dd49f7f892c8883c84e4d41244be2f6d111d6bb3c72fcaf6106dea2e016a5f	2026-04-26	2026-07-05	verified
DCIM/DSC07025.JPG	DCIM/DSC07025.JPG	8845414	4777740d22d9e01c7f6e41ddedd69fd48ad108fe435a5e7957e3909fdf8978d1	2026-04-26	2026-07-05	verified
DCIM/DSC07026.ARW	DCIM/DSC07026.ARW	29396992	803905d525dea637ec23d492427475111d391017a9b5b856129d4c5678c6c89c	2026-04-26	2026-07-05	verified
DCIM/DSC07026.JPG	DCIM/DSC07026.JPG	8724180	74822cf2573904a47158453e5dfb1d1dc197f7faca1d066f6c15f02c381730df	2026-04-26	2026-07-05	verified
DCIM/DSC07027.ARW	DCIM/DSC07027.ARW	29442048	b32b23cc0aaeb566e5a02b7c2eb8ed73772b2991a68475523a6221ba13c37da6	2026-04-26	2026-07-05	verified
DCIM/DSC07027.JPG	DCIM/DSC07027.JPG	8797131	8c4afa54a56348c360e02c31d81280f07bfbe94e2e7a21e740a9170bd4695abd	2026-04-26	2026-07-05	verified
DCIM/DSC07028.ARW	DCIM/DSC07028.ARW	29450240	104b078c704e23c244c3e19cf89cf959099220b13d1b006ab74fb53f3daeae0d	2026-04-26	2026-07-05	verified
DCIM/DSC07028.JPG	DCIM/DSC07028.JPG	8785755	cf7322a3a1f95d4d5134f90a189299620ad8bc268b84e54a7da8f50edf32e9d4	2026-04-26	2026-07-05	verified
DCIM/DSC07029.ARW	DCIM/DSC07029.ARW	29466624	b1f3dedc6adc5ad4a808b5e5d83d63c7d54013c920eb40e6dc90539a7667a2ec	2026-04-26	2026-07-05	verified
DCIM/DSC07029.JPG	DCIM/DSC07029.JPG	8800421	5910f980a8d8c16b846d3b056681f4ff6baea0496fc86d2e42761eae21f8ad4a	2026-04-26	2026-07-05	verified
DCIM/DSC07030.ARW	DCIM/DSC07030.ARW	29818880	7d2d8e11f4b8889d68903229201a6bfe95b45b72169204754307384abcfd39ac	2026-04-26	2026-07-05	verified
DCIM/DSC07030.JPG	DCIM/DSC07030.JPG	9308453	1331c16b595379f50f460a55ecace1cf09c78f054a1ad7944128b64e553d2e70	2026-04-26	2026-07-05	verified
DCIM/DSC07031.ARW	DCIM/DSC07031.ARW	29872128	4693241574d1d2641cff9ee89ec139b1bb0d060d570d8d56983304b1c0ed222b	2026-04-26	2026-07-05	verified
DCIM/DSC07031.JPG	DCIM/DSC07031.JPG	9365630	0ce8164bb014dfdbda5ad512ea2852306a3e4db32192e07368bbbb3dd8109fbf	2026-04-26	2026-07-05	verified
DCIM/DSC07032.ARW	DCIM/DSC07032.ARW	29822976	477d9c225c2d0602a99f60b2abd3cd05bd7f5c29901c722c295382bf27beaa7b	2026-04-26	2026-07-05	verified
DCIM/DSC07032.JPG	DCIM/DSC07032.JPG	9307820	e2997fb956740741a99864a8845e48163d355d4525138135068019f466627bd5	2026-04-26	2026-07-05	verified
DCIM/DSC07033.ARW	DCIM/DSC07033.ARW	29859840	ca13d56966f8715c0036ea00bc54a9d15ed11cb241707be3568e2e1d34c753a0	2026-04-26	2026-07-05	verified
DCIM/DSC07033.JPG	DCIM/DSC07033.JPG	9337576	5c42c2853b1f2d3b4155e94d8adee0f5c3fa33af0b0a24ebf2ccf58f5a0d9e1d	2026-04-26	2026-07-05	verified
DCIM/DSC07034.ARW	DCIM/DSC07034.ARW	29892608	dbeb5776df4df21519686de1e20cddce563bd6bb57ac5ac0531551951c351392	2026-04-26	2026-07-05	verified
DCIM/DSC07034.JPG	DCIM/DSC07034.JPG	9384219	184fba73c230c5786c69ab344fb7bee9e968f67e16ccb5baa83de2fb77630e1b	2026-04-26	2026-07-05	verified
DCIM/DSC07035.ARW	DCIM/DSC07035.ARW	29884416	f0d37d36adf410811d77694eba1a90a7b570baf839b2ed27cd936e067616d834	2026-04-26	2026-07-05	verified
DCIM/DSC07035.JPG	DCIM/DSC07035.JPG	9372198	28682e84e1e50e3e64a7bafede04ca8617de7baeeb10279bd0582ae31a0128cf	2026-04-26	2026-07-05	verified
DCIM/DSC07036.ARW	DCIM/DSC07036.ARW	29917184	0e414b6dadff082785e07904c6a157472b9214a2d9ee775288dde58681577803	2026-04-26	2026-07-05	verified
DCIM/DSC07036.JPG	DCIM/DSC07036.JPG	9410526	40d2f03d301f2422ddb2cd26cd315b34b2d8f1f7579df18798cb474f9840a9c6	2026-04-26	2026-07-05	verified
DCIM/DSC07037.ARW	DCIM/DSC07037.ARW	29995008	3c115e79dfc3a8de538ca09f7ddff3885f92aaba31b47e389a1c4bd6801389b3	2026-04-26	2026-07-05	verified
DCIM/DSC07037.JPG	DCIM/DSC07037.JPG	9505231	dc1ceac9a9a0c21d2376c62407353f893686cec7d19c623e7e55baac33f53526	2026-04-26	2026-07-05	verified
DCIM/DSC07038.ARW	DCIM/DSC07038.ARW	29954048	a602476699f246f276956720a3b92aea151b3003397ea27c00061e64a045baf1	2026-04-26	2026-07-05	verified
DCIM/DSC07038.JPG	DCIM/DSC07038.JPG	9437880	570c4274d93fc2f40131ec0516e747a72abf8482923b6ec6971783dbbb25044d	2026-04-26	2026-07-05	verified
DCIM/DSC07039.ARW	DCIM/DSC07039.ARW	29908992	748a80e8d39771732b46ab65ce16a5cb35690a9d9cab71bbc1862c97eb780775	2026-04-26	2026-07-05	verified
DCIM/DSC07039.JPG	DCIM/DSC07039.JPG	9353643	557a467977abcb38f9a0d1cd93e71c8a5bffe94f31c38faa742bf89e3e4b9ae6	2026-04-26	2026-07-05	verified
DCIM/DSC07040.ARW	DCIM/DSC07040.ARW	29929472	bbf1a7c157df6d4b1fa02ab1c83de57838c473766c11cf311a11d50e8141183e	2026-04-26	2026-07-05	verified
DCIM/DSC07040.JPG	DCIM/DSC07040.JPG	9444706	363cce475d8b9cf10205cb5ea4acdb67c53b9f6f14bd1a3618cd7610edebc470	2026-04-26	2026-07-05	verified
DCIM/DSC07041.ARW	DCIM/DSC07041.ARW	29995008	04706cbed66ad17b9cc30d846d17933347a0cc7d92717b00c662fe308f130457	2026-04-26	2026-07-05	verified
DCIM/DSC07041.JPG	DCIM/DSC07041.JPG	9472321	f28517a44a77e09a3ae8d9456bcb60b1dec9157ea42394ff96ed38b61f5d823e	2026-04-26	2026-07-05	verified
DCIM/DSC07042.ARW	DCIM/DSC07042.ARW	29974528	2b1d7e4ca3bcbe51b833e75bc49fd006a412067a4b2fff2f47680af1de7f6aac	2026-04-26	2026-07-05	verified
DCIM/DSC07042.JPG	DCIM/DSC07042.JPG	9486729	ca4d6793249b5d4a55bf88043b7e3793bed0dbde0168385b8e433845e8eaefd8	2026-04-26	2026-07-05	verified
DCIM/DSC07043.ARW	DCIM/DSC07043.ARW	29827072	14832b261388dfea9d072e5de2273a39fd86ce05c04c713f5a403d3d0491a989	2026-04-26	2026-07-05	verified
DCIM/DSC07043.JPG	DCIM/DSC07043.JPG	9282914	8a100dcc0c3aed05aabfc1cacb057ff54d0721fc921ccc9208bbe324d123cc40	2026-04-26	2026-07-05	verified
DCIM/DSC07044.ARW	DCIM/DSC07044.ARW	29888512	25e887413d9cf7a99101c8fcfabc15c64d4d209eea930f78bba8619ad833bae4	2026-04-26	2026-07-05	verified
DCIM/DSC07044.JPG	DCIM/DSC07044.JPG	9382083	eeb93b322b40ea023eba2ff18a1b2b8e5a73e6cbf972843d27a985ba847c95e8	2026-04-26	2026-07-05	verified
DCIM/DSC07045.ARW	DCIM/DSC07045.ARW	29876224	c0c8699fe7042f0dbc9327c12e0711ea8e254e22cc940fe976bfb83dc3b6721a	2026-04-26	2026-07-05	verified
DCIM/DSC07045.JPG	DCIM/DSC07045.JPG	9374493	59567a5803a42b698744daecc0eead4710cc460a3c08f4ce16ceef00de50b6fa	2026-04-26	2026-07-05	verified
DCIM/DSC07046.ARW	DCIM/DSC07046.ARW	29896704	9055ba0446d4a6d19517d7c98994f15cd79e81a75e49abcc377e01dacad6c5c1	2026-04-26	2026-07-05	verified
DCIM/DSC07046.JPG	DCIM/DSC07046.JPG	9418327	714c6347f245343078d2e5a6790c86bcc8a7fee31f920dca9503a7cd8b95320d	2026-04-26	2026-07-05	verified
DCIM/DSC07047.ARW	DCIM/DSC07047.ARW	29896704	12f0deea5e21119e55f079301a1456e0a25cf995ec5e6d2c635c3215bf20927b	2026-04-26	2026-07-05	verified
DCIM/DSC07047.JPG	DCIM/DSC07047.JPG	9450011	7a7195ff8dbdda59dbc44fd5583ce937f08bd56f118956db1471cfc8897e20d5	2026-04-26	2026-07-05	verified
DCIM/DSC07048.ARW	DCIM/DSC07048.ARW	29913088	f3f986bdb2b55753d1c865610e5bdeee5372ae596afc28be4c8d0e49a4ac683e	2026-04-26	2026-07-05	verified
DCIM/DSC07048.JPG	DCIM/DSC07048.JPG	9432713	071fe5ea6af1a1ae364c3df44b7bbc744bf7c4920fbea2350ee8be0555453717	2026-04-26	2026-07-05	verified
DCIM/DSC07049.ARW	DCIM/DSC07049.ARW	30023680	81a90d546c2597e08b0597606d93be96f0c5980f2bea4a97174ad1e071e0ff0a	2026-04-26	2026-07-05	verified
DCIM/DSC07049.JPG	DCIM/DSC07049.JPG	9591162	8418d867502eb1c67db51bd6748d5f2c33f22f6d84e2fbad4a42bd91fd825e59	2026-04-26	2026-07-05	verified
DCIM/DSC07050.ARW	DCIM/DSC07050.ARW	30007296	2ac0c8b20aab82786d3a9a18302991c15e409a4c0c3e36b3587ef12928a6583a	2026-04-26	2026-07-05	verified
DCIM/DSC07050.JPG	DCIM/DSC07050.JPG	9573466	edc78659edd6ad04c0d84abf629b95fac19b136ffa02d1b840aee1983a8b45b3	2026-04-26	2026-07-05	verified
DCIM/DSC07051.ARW	DCIM/DSC07051.ARW	30003200	ead7c636457f15d00022c7f685926e847fe2e6b4584301f8f62454d286ce6ecc	2026-04-26	2026-07-05	verified
DCIM/DSC07051.JPG	DCIM/DSC07051.JPG	9551146	a4bbdf39a2b388d2169a68633b1a098d6169bbe4d27914b840923cbfde7314f5	2026-04-26	2026-07-05	verified
DCIM/DSC07052.ARW	DCIM/DSC07052.ARW	30015488	23d35673217bb1ce7a8030a9767c57a79e5e5e3aa3d389b74aa5e27d4553450a	2026-04-26	2026-07-05	verified
DCIM/DSC07052.JPG	DCIM/DSC07052.JPG	9564452	dcc2a01be028cfc4e2dc3ea28988f80f11e263b1140d08c21c17ed0295c80f39	2026-04-26	2026-07-05	verified
DCIM/DSC07053.ARW	DCIM/DSC07053.ARW	29982720	e2fdab685688a6d1e37869f9b069f51dc7bdeb8842c846896938d7bb1d99bdf2	2026-04-26	2026-07-05	verified
DCIM/DSC07053.JPG	DCIM/DSC07053.JPG	9517623	94cc04c486d04d7722f9ed6753b202d3a7a250145d1ddadfe833bc2a35b77276	2026-04-26	2026-07-05	verified
DCIM/DSC07054.ARW	DCIM/DSC07054.ARW	29982720	031a7be457bbbcc6a3de30e78fa10e44ac214ed87ae35b5e0654b63146677802	2026-04-26	2026-07-05	verified
DCIM/DSC07054.JPG	DCIM/DSC07054.JPG	9526636	ae61627938b0f8c42e0c88f2d3edf9c0df5a4260570e6599ce6d9ea143419e24	2026-04-26	2026-07-05	verified
DCIM/DSC07055.ARW	DCIM/DSC07055.ARW	29974528	d2813044b7380be6d8ac5a4ca6a90d7f13cecbdeabb1ad193731b096bc316ae5	2026-04-26	2026-07-05	verified
DCIM/DSC07055.JPG	DCIM/DSC07055.JPG	9512290	9a234370f91b82c3d7cc537cf2667b3dd4e18e74b500d4ca7e042d106caa601d	2026-04-26	2026-07-05	verified
DCIM/DSC07056.ARW	DCIM/DSC07056.ARW	29917184	5a9084efa2bd957b753543e29b94f69a01a8dbcaa5a91a8cbb54c2329667bbad	2026-04-26	2026-07-05	verified
DCIM/DSC07056.JPG	DCIM/DSC07056.JPG	9428626	0e64b98ce15f941ec073be3fc2e0d08e54a21fb4c340d0eb1b064efb8c8daa12	2026-04-26	2026-07-05	verified
DCIM/DSC07057.ARW	DCIM/DSC07057.ARW	29933568	db3fae8599cfda9f1935ba4f311c01d683c2cb1b499219dbece20989d5f1a2b8	2026-04-26	2026-07-05	verified
DCIM/DSC07057.JPG	DCIM/DSC07057.JPG	9439647	5ab86284b1102842ec8b92e52855582a765de75022f130b147be8f02b2cb05c4	2026-04-26	2026-07-05	verified
DCIM/DSC07058.ARW	DCIM/DSC07058.ARW	29925376	a38250295c0058300280e4151c75899a6be4f32f9e98a161f2bd16c52733a917	2026-04-26	2026-07-05	verified
DCIM/DSC07058.JPG	DCIM/DSC07058.JPG	9437036	8a7929292563819089a9c6f5969abf50212b945f6c79457f76665485931c6b28	2026-04-26	2026-07-05	verified
DCIM/DSC07059.ARW	DCIM/DSC07059.ARW	29917184	3e8496db1109c6b38fec0ac0ff34c8f22c7fcd71905c05837b36fda05c46decb	2026-04-26	2026-07-05	verified
DCIM/DSC07059.JPG	DCIM/DSC07059.JPG	9421375	8adad4d6af64148380dcb803995e62cec183ede6531647e0d9ddb5839023418c	2026-04-26	2026-07-05	verified
DCIM/DSC07060.ARW	DCIM/DSC07060.ARW	29896704	e2637fdeffa0ecb55514e457ed0dce09536dc6a4e2c4dded28222e83df5239ba	2026-04-26	2026-07-05	verified
DCIM/DSC07060.JPG	DCIM/DSC07060.JPG	9375820	63f41369e9aa419180edef7e6cbfc42b24897a88e45de594c6ab0c2a6c63e1ff	2026-04-26	2026-07-05	verified
DCIM/DSC07061.ARW	DCIM/DSC07061.ARW	29872128	5622b654040908590c28d6addf2861cb81a6b514866aad5ba6a7e93f7c20ebe0	2026-04-26	2026-07-05	verified
DCIM/DSC07061.JPG	DCIM/DSC07061.JPG	9330070	989809c75ffbb8e95feec0eadd899be4c16171e927322c0e647af524a5478dce	2026-04-26	2026-07-05	verified
DCIM/DSC07062.ARW	DCIM/DSC07062.ARW	29863936	a1f867d15fe17598b5b7310ea40dba0651d0da8444b29ea94ab51ed08a07c31b	2026-04-26	2026-07-05	verified
DCIM/DSC07062.JPG	DCIM/DSC07062.JPG	9332932	65ea82764b9a9ab7567046467c1ca3036c6a00195c1cbe92f1607ea5277528b9	2026-04-26	2026-07-05	verified
DCIM/DSC07063.ARW	DCIM/DSC07063.ARW	29782016	5e537db59ddc66d27893379634de6a7cb1f26bf6d1d32c8d4d9bc5f840e822af	2026-04-26	2026-07-05	verified
DCIM/DSC07063.JPG	DCIM/DSC07063.JPG	9225565	7f735717ca4de3baa8afef3afe92c20d7de53f52d93e528932a9b7f924c72264	2026-04-26	2026-07-05	verified
DCIM/DSC07064.ARW	DCIM/DSC07064.ARW	29769728	538e9f7ae30c8ca97da52cdfe138bf9ee6e635190391e6f530c358f7f0aae9fc	2026-04-26	2026-07-05	verified
DCIM/DSC07064.JPG	DCIM/DSC07064.JPG	9232093	529049f6132e52cfb5befd2e75327fc68b0a01c0e7350d333f469e9eeadc9c6d	2026-04-26	2026-07-05	verified
DCIM/DSC07065.ARW	DCIM/DSC07065.ARW	29794304	f98fd679727ebf9acc72e8dc9a8077e9dab769d4c6bc6df2b58da8f62181c9ae	2026-04-26	2026-07-05	verified
DCIM/DSC07065.JPG	DCIM/DSC07065.JPG	9208228	67dbc577ae72c48ef197f1760bea6223f0b5dc20356ca199c3c3bbe9e9e27643	2026-04-26	2026-07-05	verified
DCIM/DSC07066.ARW	DCIM/DSC07066.ARW	29822976	58e0aa79fc7a5604c99f9ef4424346e882b37a81e9503da6f3e93d8c04479016	2026-04-26	2026-07-05	verified
DCIM/DSC07066.JPG	DCIM/DSC07066.JPG	8872772	1cee2e6fa48bcaf22545d8711a3aab60f15fdab0083e0bf3002107073b2962f0	2026-04-26	2026-07-05	verified
DCIM/DSC07067.ARW	DCIM/DSC07067.ARW	29831168	710f29a9734bbf7274735a03549357fb476fa97fcf0b6a1945e89d3c3f846fb0	2026-04-26	2026-07-05	verified
DCIM/DSC07067.JPG	DCIM/DSC07067.JPG	8914699	9b1fefc02e9e66ae47e222640e418aab9c6fcfc12e1f64a900976cf024928576	2026-04-26	2026-07-05	verified
DCIM/DSC07068.ARW	DCIM/DSC07068.ARW	29880320	74840d71f79c6dabe238c7f06c8e780d974cf98c3ee9661ec9aba0dac9eb67d5	2026-04-26	2026-07-05	verified
DCIM/DSC07068.JPG	DCIM/DSC07068.JPG	9025806	4cba10970f38405c89fcc5c6eadaa5cdb21c3bf6a8c01c57d1d96a18e22422fd	2026-04-26	2026-07-05	verified
DCIM/DSC07069.ARW	DCIM/DSC07069.ARW	29843456	adaf8804ea390cbb268bda8d615fc5b4f5b2748f63d1fe59acc58862c64c260a	2026-04-26	2026-07-05	verified
DCIM/DSC07069.JPG	DCIM/DSC07069.JPG	8960186	b7a149e5895e9cde342562305d9ec493c1e5b398541721515219858f22b0a1b3	2026-04-26	2026-07-05	verified
DCIM/DSC07070.ARW	DCIM/DSC07070.ARW	29642752	f12a853bbaf7c653206e0d8e26cf62c31538bf7f66059b1be8edab30b0e78626	2026-04-26	2026-07-05	verified
DCIM/DSC07070.JPG	DCIM/DSC07070.JPG	8643150	b3e4f34e562631959d6fead81353b4c964aa47ea0ce5cdbc48df942e60097ae9	2026-04-26	2026-07-05	verified
DCIM/DSC07071.ARW	DCIM/DSC07071.ARW	29650944	7c7dcdb5b4bde8a3e37daad17361aaf2250b6aff3487ac139dd733d7fbc46144	2026-04-26	2026-07-05	verified
DCIM/DSC07071.JPG	DCIM/DSC07071.JPG	8637057	889ac925e3c8766d61d09a83241acd9d5cc9c4600b60560e6aebf3d9ffb14749	2026-04-26	2026-07-05	verified
DCIM/DSC07072.ARW	DCIM/DSC07072.ARW	29622272	4ef266b5324206418b61f2fc9f1cc00e69a362098101585f51aea252a2a020a4	2026-04-26	2026-07-05	verified
DCIM/DSC07072.JPG	DCIM/DSC07072.JPG	8690472	d9a63633ace50e09f3f2999cb8e430e29ef4be2be8d9dbc8b1a6bb31c10b9a29	2026-04-26	2026-07-05	verified
DCIM/DSC07073.ARW	DCIM/DSC07073.ARW	29589504	fb590bc7099a0622a47c83cc0009458bcc36e133c6482e593e8a7c2133dc2b96	2026-04-26	2026-07-05	verified
DCIM/DSC07073.JPG	DCIM/DSC07073.JPG	8658859	c75fd4c91e0571f4df9d56a0eb504f098d4a063d01c2debe4c8076c183ab5d95	2026-04-26	2026-07-05	verified
DCIM/DSC07074.ARW	DCIM/DSC07074.ARW	29622272	921eaa443654113f11e08d9b26c6543815b0cda23b606ced0b2258eea2c87459	2026-04-26	2026-07-05	verified
DCIM/DSC07074.JPG	DCIM/DSC07074.JPG	8552104	4af827d8801c4dfd062aa0ec6184acf894d13e63f1aece3fddad851180603356	2026-04-26	2026-07-05	verified
DCIM/DSC07075.ARW	DCIM/DSC07075.ARW	29691904	c1ed57e8e10287dfb309c8baa2bae3f4d675b148fd69845e4ce1da1009331e8a	2026-04-26	2026-07-05	verified
DCIM/DSC07075.JPG	DCIM/DSC07075.JPG	8625688	75b37cf320379c8faab45c31d1c74cc544df9fdd5e254cd307f7b25bc2a2ee10	2026-04-26	2026-07-05	verified
DCIM/DSC07076.ARW	DCIM/DSC07076.ARW	29716480	1c4770a1a4643ee2ebb3049df55db245682ea3566489a599ff5e8e8cb791d920	2026-04-26	2026-07-05	verified
DCIM/DSC07076.JPG	DCIM/DSC07076.JPG	8632437	5120bcee48f964983426774a78b9077d7e851d75865c114c881c95689b6f01e7	2026-04-26	2026-07-05	verified
DCIM/DSC07077.ARW	DCIM/DSC07077.ARW	29696000	f60497f0ed3e1af69539755734c0f13482bb983b6a15cb6f52779405f32f905e	2026-04-26	2026-07-05	verified
DCIM/DSC07077.JPG	DCIM/DSC07077.JPG	8538844	6bd7645b5e3d11a201b744ba308b1f6757e66e084ec0ddcb8c18659304434968	2026-04-26	2026-07-05	verified
DCIM/DSC07078.ARW	DCIM/DSC07078.ARW	29708288	cfe27027d5859a1ac0ebb7c5716743586549ecd5d90b4af123119da98dc6476c	2026-04-26	2026-07-05	verified
DCIM/DSC07078.JPG	DCIM/DSC07078.JPG	8647832	05bd73b81127b161086eb049bf1056fea86d41384a32e1f307bd3f89ce4de974	2026-04-26	2026-07-05	verified
DCIM/DSC07079.ARW	DCIM/DSC07079.ARW	29687808	6d46ea9d0da96605aa431d92f580a35090fbaa0fbd421d1da4f0841210e36b36	2026-04-26	2026-07-05	verified
DCIM/DSC07079.JPG	DCIM/DSC07079.JPG	8667056	ce2164fbb528c6dd74efc3d1420cc5e59bb5d2dc73ced2b5cba814c7625f5b74	2026-04-26	2026-07-05	verified
DCIM/DSC07080.ARW	DCIM/DSC07080.ARW	29696000	340f72866c28fd0dc659d1464c3486deefed0775442803ef0772a0b45dd718cc	2026-04-26	2026-07-05	verified
DCIM/DSC07080.JPG	DCIM/DSC07080.JPG	8615953	2e2db69735245400faf889c85b8c1c11abc2b1b49cdbc7b44ece2ef057cf3fd7	2026-04-26	2026-07-05	verified
DCIM/DSC07081.ARW	DCIM/DSC07081.ARW	29765632	8acb39e904579dde5232c8fed6996c0136f1833e30cbd8d948288e1e0d0405e9	2026-04-26	2026-07-05	verified
DCIM/DSC07081.JPG	DCIM/DSC07081.JPG	8743439	ba4c38e7fc5c82ccc249cfe9600cf354997758b15b9dadb29e1ddc9f5ea1116b	2026-04-26	2026-07-05	verified
DCIM/DSC07082.ARW	DCIM/DSC07082.ARW	29736960	4792ad8add56f1b2caebbb7241e173f492178ca56946c4c7e4273cbe056b9400	2026-04-26	2026-07-05	verified
DCIM/DSC07082.JPG	DCIM/DSC07082.JPG	8698853	ef9b05e18d0749bcb476100af3994ed6fc45920663118d1cfb581ea5dfcc3b12	2026-04-26	2026-07-05	verified
DCIM/DSC07083.ARW	DCIM/DSC07083.ARW	29782016	309f929c7bb2b65a77536f2c20aa2d68ec4d514dd77f1479bf564ddc9c7a56d0	2026-04-26	2026-07-05	verified
DCIM/DSC07083.JPG	DCIM/DSC07083.JPG	8750171	3ed32311a7fba977f87378dfcbe44e089a37e7323950e09f1cb660dea1752f95	2026-04-26	2026-07-05	verified
DCIM/DSC07084.ARW	DCIM/DSC07084.ARW	29724672	2c42bd73a273b78b00819fa67fbad94a1c4e63cca5d08632e3dd27c00d2948bd	2026-04-26	2026-07-05	verified
DCIM/DSC07084.JPG	DCIM/DSC07084.JPG	8649067	c5ba65daae6cdcda4a8f21b67862715515d2114d8a8baad64ae1058022f49966	2026-04-26	2026-07-05	verified
DCIM/DSC07085.ARW	DCIM/DSC07085.ARW	29675520	5969b6e5e952d831f73e75d5b777735ed510b3a0de1b2e12b0579d9e41a9f740	2026-04-26	2026-07-05	verified
DCIM/DSC07085.JPG	DCIM/DSC07085.JPG	8556821	9fbb2a0c55b61bfbb5b2ab664deb89f0959a7db15e6f9e608a1002965bf4c917	2026-04-26	2026-07-05	verified
DCIM/DSC07086.ARW	DCIM/DSC07086.ARW	29704192	0bacbaa8718e620f9fb073266bfe058545d8a805dc7f268c1322e2f36647585e	2026-04-26	2026-07-05	verified
DCIM/DSC07086.JPG	DCIM/DSC07086.JPG	8668744	e4924d6f5250fde8f91a476d9466f1da5ba0833db7bbc3112e8080dd37d1c7ea	2026-04-26	2026-07-05	verified
DCIM/DSC07087.ARW	DCIM/DSC07087.ARW	29696000	910a674d8f5c5fdfafc3ccb9240106b44d44e351b3f73fab0ed2bd8f6db43860	2026-04-26	2026-07-05	verified
DCIM/DSC07087.JPG	DCIM/DSC07087.JPG	8628922	cc902216dce4a39633b894d02179fab61c7135ae0d4b0e63f89da78ae46653c5	2026-04-26	2026-07-05	verified
DCIM/DSC07088.ARW	DCIM/DSC07088.ARW	29687808	0c7e8c1235ea4f36c12aad9c0c4af88fead955408d998b93064a5f2e704603c8	2026-04-26	2026-07-05	verified
DCIM/DSC07088.JPG	DCIM/DSC07088.JPG	8644922	4af1242ddb2fb49dd921ec750698523d24d623511652306425c476dca855894d	2026-04-26	2026-07-05	verified
DCIM/DSC07089.ARW	DCIM/DSC07089.ARW	29769728	f6408a01cc92454b4b91c9b05b403fb9b4595e6e1a6794818db3571ff3afa399	2026-04-26	2026-07-05	verified
DCIM/DSC07089.JPG	DCIM/DSC07089.JPG	8824826	f1faef9a88758cebf74337cb4341bae510f621ba1929d32280ba28498a058363	2026-04-26	2026-07-05	verified
DCIM/DSC07090.ARW	DCIM/DSC07090.ARW	29810688	515803a132f3e6445f507616884d945f0a11fbfb89ff234878ee40d6f18c410d	2026-04-26	2026-07-05	verified
DCIM/DSC07090.JPG	DCIM/DSC07090.JPG	8905074	a82ced2fef88099be832df82ae367875a884adcee9bea52c2df2a95f43776f72	2026-04-26	2026-07-05	verified
DCIM/DSC07091.ARW	DCIM/DSC07091.ARW	29810688	cec0f7e2a297d24f2b7764c83beaedf734c9b8c2d98dad24a54f084d86f6818c	2026-04-26	2026-07-05	verified
DCIM/DSC07091.JPG	DCIM/DSC07091.JPG	8844822	d3a1fa9155a7c66f8ad6df23da9e794505e78c8e1f84ee91c6e07b9da1d87351	2026-04-26	2026-07-05	verified
DCIM/DSC07092.ARW	DCIM/DSC07092.ARW	29794304	f1993c6e621a308ed449e8549983ec3c03c4cc9bd86cf4c3da852189cc1acaa6	2026-04-26	2026-07-05	verified
DCIM/DSC07092.JPG	DCIM/DSC07092.JPG	8807232	e03a2be0bc3b8ab7a43a401b881cabd3d7fbf9780f2347f7acdf232f7c02a232	2026-04-26	2026-07-05	verified
DCIM/DSC07093.ARW	DCIM/DSC07093.ARW	29798400	754f60885a0d39897a0261336e74f88946303083e41b0d4e7c4c9cded85f02c5	2026-04-26	2026-07-05	verified
DCIM/DSC07093.JPG	DCIM/DSC07093.JPG	8787547	4669cd00ebd2ae2addbfba56d6c154fe7255c49b1a2a749ef943352bdbe063d7	2026-04-26	2026-07-05	verified
DCIM/DSC07094.ARW	DCIM/DSC07094.ARW	29716480	89c5a0c693b75670efbc4508f3057d7bce912b4966319d313aa720294c40af04	2026-04-26	2026-07-05	verified
DCIM/DSC07094.JPG	DCIM/DSC07094.JPG	8719427	7cfd8ade6196280d9d47c02fb7d37d97893b16cc4004a05ae57a117aea239c35	2026-04-26	2026-07-05	verified
DCIM/DSC07095.ARW	DCIM/DSC07095.ARW	29589504	dad9f2bf391400dfd1db52ce94dcdac83dc74cdab7ab1ece3e6e3671affd7580	2026-04-26	2026-07-05	verified
DCIM/DSC07095.JPG	DCIM/DSC07095.JPG	8827282	78978ff11863ef5a7009677e7b3415b85145893aca9c2ce5bc036255139b86f8	2026-04-26	2026-07-05	verified
DCIM/DSC07096.ARW	DCIM/DSC07096.ARW	29466624	8af9244ddc76da0bdb77eaab190f289148171a980fcc57c648df658706c5401c	2026-04-26	2026-07-05	verified
DCIM/DSC07096.JPG	DCIM/DSC07096.JPG	8762818	7f0a735ee5a312028457c614ab1c0d670fb157de5b31209a734e98fd2f5aba10	2026-04-26	2026-07-05	verified
DCIM/DSC07097.ARW	DCIM/DSC07097.ARW	29822976	a297d5c9e889c74bd3a7ebad57a2ff6ef9844d438e2ba7c54454151587fafac7	2026-04-26	2026-07-05	verified
DCIM/DSC07097.JPG	DCIM/DSC07097.JPG	9226070	f16c24745485223a54d57d83fc0da213fc3caf5822ef3a154c98f63272ec7296	2026-04-26	2026-07-05	verified
DCIM/DSC07098.ARW	DCIM/DSC07098.ARW	29454336	565b1ab71525ee6720cc687c901c1057e615047517a92f86866091de73f176a5	2026-04-26	2026-07-05	verified
DCIM/DSC07098.JPG	DCIM/DSC07098.JPG	8317704	ad6b5f313816ce44a21438203624a4a1149b620e61ab10affec81d0fcc89381b	2026-04-26	2026-07-05	verified
DCIM/DSC07099.ARW	DCIM/DSC07099.ARW	29503488	2d54f478b3f5aeac72e37eb387a1d313b2065f0e04678ab270a5b0d768f60f52	2026-04-26	2026-07-05	verified
DCIM/DSC07099.JPG	DCIM/DSC07099.JPG	8331122	f31c62965842cec022c7e39dea4e714c1edf193dcd21f7e3f6ca80d9a5a1a35e	2026-04-26	2026-07-05	verified
DCIM/DSC07100.ARW	DCIM/DSC07100.ARW	29454336	820a1d7efacc09cd306173b97e342be153cb3e94410ff13c651fa96529463932	2026-04-26	2026-07-05	verified
DCIM/DSC07100.JPG	DCIM/DSC07100.JPG	8249418	da2c8c33db2b23838263433b05793079bd1fdab363d3c46584029f160d6e7274	2026-04-26	2026-07-05	verified
DCIM/DSC07101.ARW	DCIM/DSC07101.ARW	29462528	a3ac5bc15ac91d0e14a6813f773c771658da5e6cd79080662ebd15213e7d3b53	2026-04-26	2026-07-05	verified
DCIM/DSC07101.JPG	DCIM/DSC07101.JPG	8258375	90e3c008457491c1b91e4e82660ecf18091d46827b267ed0dacd2bb9d59eaae6	2026-04-26	2026-07-05	verified
DCIM/DSC07102.ARW	DCIM/DSC07102.ARW	29462528	737fecc3e9671b30f8a24c9985563bad0e8d448667c50a31066592a31a718420	2026-04-26	2026-07-05	verified
DCIM/DSC07102.JPG	DCIM/DSC07102.JPG	8279657	27edce985aeb7d06ee6ae08c79bab3387d44f9be92700cb774f8b96004304fef	2026-04-26	2026-07-05	verified
DCIM/DSC07103.ARW	DCIM/DSC07103.ARW	29523968	802af1574b64b2c0e1ded7a585293befdbb26014b0ef097a29380720777d3996	2026-04-26	2026-07-05	verified
DCIM/DSC07103.JPG	DCIM/DSC07103.JPG	8452231	6e4e6e29931e2d04243f15850add33e91d530003d107fd1867f729dab6a8df81	2026-04-26	2026-07-05	verified
DCIM/DSC07104.ARW	DCIM/DSC07104.ARW	30027776	a5c7d08463df5821a77444aa70924d708ecca2a9d52ab80806ce5b502ddf81a9	2026-04-26	2026-07-05	verified
DCIM/DSC07104.JPG	DCIM/DSC07104.JPG	9637777	9c96637d3e6e28bd1974678a57ed73048ff4027dcc12195ad14826b05900211e	2026-04-26	2026-07-05	verified
DCIM/DSC07105.ARW	DCIM/DSC07105.ARW	30015488	bf29ac8c608fb77dd49dedbbe1d8da528926fd338da3bb4baa3473c63a6fbd6c	2026-04-26	2026-07-05	verified
DCIM/DSC07105.JPG	DCIM/DSC07105.JPG	9624378	a93c22b814ccabd7f9c6955c023ff5b66227cea58d11ed24788de561224cae63	2026-04-26	2026-07-05	verified
DCIM/DSC07106.ARW	DCIM/DSC07106.ARW	29945856	5d77b5dd7196955481ed9026bcb5da09d8b0ef1f494fa89039275f5bfb6e95de	2026-04-26	2026-07-05	verified
DCIM/DSC07106.JPG	DCIM/DSC07106.JPG	9384012	3e0c2c3aa4cd9e7a8c09424bf1621cfbb82ec541474fefd7587a98dc781f9efc	2026-04-26	2026-07-05	verified
DCIM/DSC07107.ARW	DCIM/DSC07107.ARW	29921280	737af795c61a58cf5124b65a49d83fa19b0e2e5d59522c8f991e8cbe086460f1	2026-04-26	2026-07-05	verified
DCIM/DSC07107.JPG	DCIM/DSC07107.JPG	9338418	a0fb054a796a17919f89b578f4bb70a40f8e2763b41fb647783071a12c0526ed	2026-04-26	2026-07-05	verified
DCIM/DSC07108.ARW	DCIM/DSC07108.ARW	29876224	ee182c2d9efeaf74ed2519bc4d0a8cf92002ea7bc9c89fb1b8149a788aa057b5	2026-04-26	2026-07-05	verified
DCIM/DSC07108.JPG	DCIM/DSC07108.JPG	9301619	9968cc0b26eaf5c92f2d523cfdcbbbc4e431d9108762fcb1bdabc0c63268a453	2026-04-26	2026-07-05	verified
DCIM/DSC07109.ARW	DCIM/DSC07109.ARW	30294016	7721ed270e970d1e2eeab125cf58a6b8826500f22d4cde40ad834c8a8c10e46a	2026-04-26	2026-07-05	verified
DCIM/DSC07109.JPG	DCIM/DSC07109.JPG	9159518	8dd23cc3ac31924b026d6a03d3ef67d2cb5127670319f947227cee2ad19206cf	2026-04-26	2026-07-05	verified
DCIM/DSC07110.ARW	DCIM/DSC07110.ARW	31436800	05d2593cca9faf452b4a84fb15f0237d2c94e9592c2915b41f4cebfe5af472f1	2026-04-26	2026-07-05	verified
DCIM/DSC07110.JPG	DCIM/DSC07110.JPG	10861133	7bebe7b65aedbdc8c070ac3c243937068796e858f26d5dd0a9290c634a57f97f	2026-04-26	2026-07-05	verified
DCIM/DSC07111.ARW	DCIM/DSC07111.ARW	31313920	1cb9437eae191b172c047cd461117574f9560773a3f147f83245a7648d899d63	2026-04-26	2026-07-05	verified
DCIM/DSC07111.JPG	DCIM/DSC07111.JPG	10709444	95ce044bb0a912186b4f9d3cfefad57bf344c8576cf0f0ef2b29919627349540	2026-04-26	2026-07-05	verified
DCIM/DSC07112.ARW	DCIM/DSC07112.ARW	31563776	c5b014d8897b17a0d0707f9556115d01b65592babf3e5649583bd2c8233b1439	2026-04-26	2026-07-05	verified
DCIM/DSC07112.JPG	DCIM/DSC07112.JPG	11185481	d282a3b955e87bd2e3008cf0cfaba75ede8096584442aa4ae697cb91ec07e91b	2026-04-26	2026-07-05	verified
DCIM/DSC07113.ARW	DCIM/DSC07113.ARW	31625216	5ef4c59ac64ccd6c0b18be2b9d0b7a66799de45ec17f1df31b6a95df4e64979d	2026-04-26	2026-07-05	verified
DCIM/DSC07113.JPG	DCIM/DSC07113.JPG	11308299	4e76c3d03906aee3840c6c76830518f7284494e44c4bf25d41e29296878ec17d	2026-04-26	2026-07-05	verified
DCIM/DSC07114.ARW	DCIM/DSC07114.ARW	29265920	d6fc2a36fee474ee49d4d158e105daf1c24df58e26378856d60c97f75bc6e77c	2026-04-26	2026-07-05	verified
DCIM/DSC07114.JPG	DCIM/DSC07114.JPG	6171237	c22cbe33697d7ed484affe9b98522e37f3f43740b1f59a6acda9046b96589070	2026-04-26	2026-07-05	verified
DCIM/DSC07115.ARW	DCIM/DSC07115.ARW	29081600	be69e19e380547d0fddcf4db2eff5f24de0f4595f5a33becf130d158f73a24cf	2026-04-26	2026-07-05	verified
DCIM/DSC07115.JPG	DCIM/DSC07115.JPG	7199176	512aa9c3e4972f39a93e0997dfcff0ac87980c6788a23a424e4ddefa04d3e38e	2026-04-26	2026-07-05	verified
DCIM/DSC07116.ARW	DCIM/DSC07116.ARW	29147136	dca3c4082d434e3ee483708f350c53625def2ba5dddf24db5e11a3867da33dde	2026-04-26	2026-07-05	verified
DCIM/DSC07116.JPG	DCIM/DSC07116.JPG	7178619	c74f37e24d3e2489f185f92b810534b7936eccae0214d222d905d96ead90d895	2026-04-26	2026-07-05	verified
DCIM/DSC07117.ARW	DCIM/DSC07117.ARW	29212672	b88d69c5bc8676da41d83d555db1024f6c0f327f3047c93f5e098b0345d58fe7	2026-04-26	2026-07-05	verified
DCIM/DSC07117.JPG	DCIM/DSC07117.JPG	7272271	82ea539a4172c9b46755a245fb81e3c4d37baac2cd364599e6ff68952289c03c	2026-04-26	2026-07-05	verified
DCIM/DSC07118.ARW	DCIM/DSC07118.ARW	29548544	663e07d435da4e6e6e3ef6e5a390443aceb98f10d62ec06d53afcbc5f11737f8	2026-04-26	2026-07-05	verified
DCIM/DSC07118.JPG	DCIM/DSC07118.JPG	7690370	95e68a5d9d7f0a4a0cd0a3816ca1247ee5b79539acc718cf2975e04524cf2bae	2026-04-26	2026-07-05	verified
DCIM/DSC07119.ARW	DCIM/DSC07119.ARW	33939456	3fb6e097a20b866fff75c77eebc143f7158d5e84a8e0d239b23d4995fd3ec501	2026-04-26	2026-07-05	verified
DCIM/DSC07119.JPG	DCIM/DSC07119.JPG	15209647	9def0250ca87a53b57be9d232df42458ba7337d33a99d07c3001b95f6c7729b2	2026-04-26	2026-07-05	verified
DCIM/DSC07120.ARW	DCIM/DSC07120.ARW	33304576	85cd799888b9bfaf75c6e2fbe4ace6ba563e6853c4787822e4996e5b458646cb	2026-04-26	2026-07-05	verified
DCIM/DSC07120.JPG	DCIM/DSC07120.JPG	14166223	b367f7c697fd2842c5152e51457eda8c1f231d30208c9922b530f4b860140df3	2026-04-26	2026-07-05	verified
DCIM/DSC07121.ARW	DCIM/DSC07121.ARW	33595392	f9ae8b0c9035a9b3cdeeb6f04b2ce7ca21f63a35150edfaa77a4449ca86c1487	2026-04-26	2026-07-05	verified
DCIM/DSC07121.JPG	DCIM/DSC07121.JPG	14615852	78a279aab96b158bc395f4d61f250d433dd7db72dfd052b34857a42e8ca31e7e	2026-04-26	2026-07-05	verified
DCIM/DSC07122.ARW	DCIM/DSC07122.ARW	33513472	34d7fa0f2defca10f903b162b72182f2072f540406f9f91255eb836b57f534bf	2026-04-26	2026-07-05	verified
DCIM/DSC07122.JPG	DCIM/DSC07122.JPG	14522679	62461cec655eb9e728c45a79542749b95c9614a08a481140b51a67f1cb854fca	2026-04-26	2026-07-05	verified
DCIM/DSC07123.ARW	DCIM/DSC07123.ARW	33505280	e78aa5fb0ad19f6fa4b3b77e28c15dc661e9a8696550a9e6c6104413e418e5a8	2026-04-26	2026-07-05	verified
DCIM/DSC07123.JPG	DCIM/DSC07123.JPG	14505274	43901a9c0fccb6227f88f9c27e647dd33d62a8d4026192b3d2be9209f6913e62	2026-04-26	2026-07-05	verified
DCIM/DSC07124.ARW	DCIM/DSC07124.ARW	33484800	d783c2e2bc98b9d6a37c204e94d76eb63e247dd50c93e4c10b3c8a64353fd877	2026-04-26	2026-07-05	verified
DCIM/DSC07124.JPG	DCIM/DSC07124.JPG	14472232	ec2468b5f9b443352c1a97277bc864d9a390a15d5c77132bceef959e9e0f0ffe	2026-04-26	2026-07-05	verified
DCIM/DSC07125.ARW	DCIM/DSC07125.ARW	31850496	3db5ae5f4e0a6c883024bf6ef2767106b036a1698c2771c099c0ca71138abde3	2026-04-26	2026-07-05	verified
DCIM/DSC07125.JPG	DCIM/DSC07125.JPG	11943468	a7db972fb79482efe9fb5399f56c0f8dafb9828709a70b736dd04fa607fd92ad	2026-04-26	2026-07-05	verified
DCIM/DSC07126.ARW	DCIM/DSC07126.ARW	31875072	8514075eada0894e7051b4f76ebf671c6cea16fff2184fc90c047ec144e1a948	2026-04-26	2026-07-05	verified
DCIM/DSC07126.JPG	DCIM/DSC07126.JPG	11983771	be3a2e404cf86a5725edb62e6c0428d5a2365d07820ab0657543146f4cc7841f	2026-04-26	2026-07-05	verified
DCIM/DSC07127.ARW	DCIM/DSC07127.ARW	34222080	43aef9547e49ed1c2aa75bce0deea35518a9c7dff3955a0209a06a0ef81af8a5	2026-04-26	2026-07-05	verified
DCIM/DSC07127.JPG	DCIM/DSC07127.JPG	15564647	df78fa0f71070d076a0282ad697be87542b0fd6c2c63bda0402997df7aed9436	2026-04-26	2026-07-05	verified
DCIM/DSC07128.ARW	DCIM/DSC07128.ARW	33525760	373b9ad0560014ff7bdd2d761a68464e727b8abc3b41d16d879e28ac953d68b6	2026-04-26	2026-07-05	verified
DCIM/DSC07128.JPG	DCIM/DSC07128.JPG	14394104	1532bbf0b0301b89ace242be3d509f1ba50519e950f719911c1cb3d2c9078ed2	2026-04-26	2026-07-05	verified
DCIM/DSC07129.ARW	DCIM/DSC07129.ARW	32374784	2144c21a8c55efce3da517b294c020aa8556df150ce1310130741fe6b2f00f00	2026-04-26	2026-07-05	verified
DCIM/DSC07129.JPG	DCIM/DSC07129.JPG	12599504	ee0332e0a78d2653e01c1c39614fdc0e95d11708f8a0fbb316653f09bd2a5e7f	2026-04-26	2026-07-05	verified
DCIM/DSC07130.ARW	DCIM/DSC07130.ARW	31674368	88329c3be1d3297351d557442d92e694738053965cb9afcddaeb265f20a6ee86	2026-04-26	2026-07-05	verified
DCIM/DSC07130.JPG	DCIM/DSC07130.JPG	11541860	8ef43cc52182a0aeaa279d4f4b4d573027779d09828bef23a11d8f793f703824	2026-04-26	2026-07-05	verified
DCIM/DSC07131.ARW	DCIM/DSC07131.ARW	31551488	9b09bf603f5e4c733d7fc63be08005e89586b22f3fe3822ab459ff5501004564	2026-04-26	2026-07-05	verified
DCIM/DSC07131.JPG	DCIM/DSC07131.JPG	11338661	6920dd3302755b466a23284616aa8e66d6ca03fc8020e681fe4c39cab318ba47	2026-04-26	2026-07-05	verified
DCIM/DSC07132.ARW	DCIM/DSC07132.ARW	31375360	ec81f22b365b414c587249bbba4dc2c96dd7694c8c7818576120a8da2d1af37d	2026-04-26	2026-07-05	verified
DCIM/DSC07132.JPG	DCIM/DSC07132.JPG	11040982	0094489f0844cd6f8b79d08235346d954a7f2214fe93e95019bc429873f44c0d	2026-04-26	2026-07-05	verified
DCIM/DSC07133.ARW	DCIM/DSC07133.ARW	30564352	15ecfb25b77ba372063e77c8ff0379acaae61144b7cc47bb232316c4c6e5cad2	2026-04-26	2026-07-05	verified
DCIM/DSC07133.JPG	DCIM/DSC07133.JPG	10280104	5d6db8f7e7fdae22d28946b055a96ddcccd86d9dd2b76f82564c6651900892be	2026-04-26	2026-07-05	verified
DCIM/DSC07134.ARW	DCIM/DSC07134.ARW	30515200	77d92b6c930b78990c38a58e861950bb839f163c86c672bfe320d6843b7ee474	2026-04-26	2026-07-05	verified
DCIM/DSC07134.JPG	DCIM/DSC07134.JPG	10239738	aed53bef2656910da56c2c2d859aeced74ce1d79d13bb6ae5df6ad5c124c3d39	2026-04-26	2026-07-05	verified
DCIM/DSC07135.ARW	DCIM/DSC07135.ARW	30093312	0a5cc432c692a7011b0ec54b7336e01f05d6ae52cfc6f9b5085092411ff62775	2026-04-26	2026-07-05	verified
DCIM/DSC07135.JPG	DCIM/DSC07135.JPG	9629959	8787284d2519d8e835c5ac18ca11a34cc0ffabb5b731f37bf39caa02a344c668	2026-04-26	2026-07-05	verified
DCIM/DSC07136.ARW	DCIM/DSC07136.ARW	30146560	829b374b8dd3754f824098cfa38777bd43e53dba1a69af0b748375afe5e7dbad	2026-04-26	2026-07-05	verified
DCIM/DSC07136.JPG	DCIM/DSC07136.JPG	9726107	4f00e184a7ca20f395a3acf6bebc676a302c6fc0a8b84a62cbfbde1163f5e482	2026-04-26	2026-07-05	verified
DCIM/DSC07137.ARW	DCIM/DSC07137.ARW	29974528	a2ec2f97c45db2e5784a6526b44a1c21ebe2fbc63fb33e6f917f728543e2789a	2026-04-26	2026-07-05	verified
DCIM/DSC07137.JPG	DCIM/DSC07137.JPG	9341334	fe6bd102870624272ce16af5271f7826d0e33e6ec64555dc88a0ddc16635f5f1	2026-04-26	2026-07-05	verified
DCIM/DSC07138.ARW	DCIM/DSC07138.ARW	30031872	a447a1d05d6d152c89844ac067b9d4593a0dbf01bc74bf0f842505132b764c23	2026-04-26	2026-07-05	verified
DCIM/DSC07138.JPG	DCIM/DSC07138.JPG	9409086	01f8123b56f31b0733fd6bea77e43abce14fafbee0225dc7ffba6aaaee3adf0b	2026-04-26	2026-07-05	verified
DCIM/DSC07139.ARW	DCIM/DSC07139.ARW	29999104	99065fbc5ae0e3d931e9a317d4c7252e13b4376964af2cced53873eca94c0bf2	2026-04-26	2026-07-05	verified
DCIM/DSC07139.JPG	DCIM/DSC07139.JPG	9361167	c75008f861d5d07c22d2b49476f7488f6a724ed4f751d132f29f99152952807b	2026-04-26	2026-07-05	verified
DCIM/DSC07140.ARW	DCIM/DSC07140.ARW	30146560	d78b96ebb9c07c2fbb745a3350ab42797b6920a33068804f57a4731ca8ea6198	2026-04-26	2026-07-05	verified
DCIM/DSC07140.JPG	DCIM/DSC07140.JPG	9605738	ee28e02b84b146d83105b269a4a4baaebef3644362f65c413bbd5a9266290681	2026-04-26	2026-07-05	verified
DCIM/DSC07141.ARW	DCIM/DSC07141.ARW	30113792	7b0805535823529df1bea7b194e4b3b489cff72d54851c9afdcc97e538aab18d	2026-04-26	2026-07-05	verified
DCIM/DSC07141.JPG	DCIM/DSC07141.JPG	9536632	146b230f296ac0728bbc5f3146bc598f97116b3e8b7fc8ef899a84d286ea5503	2026-04-26	2026-07-05	verified
DCIM/DSC07142.ARW	DCIM/DSC07142.ARW	29356032	53ac4d44655f6388edafba4ca62cea1db6cbf620d5e05ebab651e4635e992356	2026-04-26	2026-07-05	verified
DCIM/DSC07142.JPG	DCIM/DSC07142.JPG	8402662	b3835d9837111490ec98b7e00f3e4e73e83309d1c94c371efea415fc7cda270e	2026-04-26	2026-07-05	verified
DCIM/DSC07143.ARW	DCIM/DSC07143.ARW	29286400	2379c88d3d0efb3f4e28c973762d02bb1821b2de223ae9d217196ae3d53229dc	2026-04-26	2026-07-05	verified
DCIM/DSC07143.JPG	DCIM/DSC07143.JPG	8359125	f240b8cbddb83f3aa0ec19a214e8363cc9c50acf06a32998993b7e5a7420bc12	2026-04-26	2026-07-05	verified
DCIM/DSC07144.ARW	DCIM/DSC07144.ARW	29388800	7d0bdf73892199f88c4498bd75a7e08d9354b1d41de5c6fb2d37412bc7f25ed4	2026-04-26	2026-07-05	verified
DCIM/DSC07144.JPG	DCIM/DSC07144.JPG	8397117	e7c79caded794bab7e50fb1f829f80660bb803de404ebe1a5b97e7fc1ebb0f9d	2026-04-26	2026-07-05	verified
DCIM/DSC07145.ARW	DCIM/DSC07145.ARW	29708288	1e80da4c1d73f8bba43423f25704adeed9e1bb778cfe5686a14c2f816604c685	2026-04-26	2026-07-05	verified
DCIM/DSC07145.JPG	DCIM/DSC07145.JPG	8950970	f8a503e2a7096bba160bad217d73213cda7124775530c930b5b8880adf2ae2df	2026-04-26	2026-07-05	verified
DCIM/DSC07146.ARW	DCIM/DSC07146.ARW	29696000	3c2c165258880832f0096540ef8f5e5ceb7627926cacb3f75228ae2ffc445d7d	2026-04-26	2026-07-05	verified
DCIM/DSC07146.JPG	DCIM/DSC07146.JPG	8998273	9ba7f9b88882ba9edf64a4ddcad6b1c7f1573baecf61742250b184f9a0e1d5ea	2026-04-26	2026-07-05	verified
DCIM/DSC07147.ARW	DCIM/DSC07147.ARW	30003200	b3b411c5de76dfe9dacad8709397166afd65f2561200510a61574dc41c354c65	2026-04-26	2026-07-05	verified
DCIM/DSC07147.JPG	DCIM/DSC07147.JPG	9303585	e023add4e9603b5a0bab56e7800b9a346e6c2075b13c40e995d1e5f5b5038720	2026-04-26	2026-07-05	verified
DCIM/DSC07148.ARW	DCIM/DSC07148.ARW	30261248	1272e380c3c37b1c3d65c268a7dde2ece2a2bd78d90a838cbe7008a50ba19e85	2026-04-26	2026-07-05	verified
DCIM/DSC07148.JPG	DCIM/DSC07148.JPG	9650091	e1c4950e56bfd718ac9e5576a931e7307bf2b2e4927d428e8cfa3f6b6dd1e10f	2026-04-26	2026-07-05	verified
DCIM/DSC07149.ARW	DCIM/DSC07149.ARW	30306304	93b8d8faa86017100ca83ab6eb6fb97479c90805e428f15f4204536dbe56bd74	2026-04-26	2026-07-05	verified
DCIM/DSC07149.JPG	DCIM/DSC07149.JPG	9740341	e35387ba75b550c7df391113e2d9c9c5ada51ccfb6db54d55f2c09449e3741dd	2026-04-26	2026-07-05	verified
DCIM/DSC07150.ARW	DCIM/DSC07150.ARW	30273536	5014eeeaa3b6f15a471757e6024ebcece555482465f11f3151a963e32f1ff1b0	2026-04-26	2026-07-05	verified
DCIM/DSC07150.JPG	DCIM/DSC07150.JPG	9663714	820675b97a64551f3627c4126caa800ceee3271e4cb3e826eec2e03db68c31f3	2026-04-26	2026-07-05	verified
DCIM/DSC07151.ARW	DCIM/DSC07151.ARW	30294016	d337a8ef1d740a037b23493a2ba445ce1511c417abd5907eb1642bf339c0bb20	2026-04-26	2026-07-05	verified
DCIM/DSC07151.JPG	DCIM/DSC07151.JPG	9696429	6db130e10d7280974d2e9209feacffb446f044e14aa96c7b8ffa3c9de561f7b4	2026-04-26	2026-07-05	verified
DCIM/DSC07152.ARW	DCIM/DSC07152.ARW	30380032	65a5793616c4e03626c0583cead9182d384499d67b12131f1eb44cf897ccc200	2026-04-26	2026-07-05	verified
DCIM/DSC07152.JPG	DCIM/DSC07152.JPG	9355566	90a19d7a0cafdd4adc5cff4ff3be521c015e925a30c3d0f00c60e13b7d4099c6	2026-04-26	2026-07-05	verified
DCIM/DSC07153.ARW	DCIM/DSC07153.ARW	30105600	24f2033b32c95103e6dd88ac6743da38779024892e7bb81c6f3a906f53805582	2026-04-26	2026-07-05	verified
DCIM/DSC07153.JPG	DCIM/DSC07153.JPG	9478971	18ab2050f5b16a114ebdeed96a9a7d39a4d37b7c9ed9d61e8cb5af382346a8bd	2026-04-26	2026-07-05	verified
DCIM/DSC07154.ARW	DCIM/DSC07154.ARW	29884416	1c6fabd3d4d08e435aa16106c1c8bdf198c49603d98fb97bd3c004b644eba63b	2026-04-26	2026-07-05	verified
DCIM/DSC07154.JPG	DCIM/DSC07154.JPG	9119028	faa58d2c6954f9be95c8d6d0f740de9c2ae0be9ab4080aaa4d6acdf022d89f9f	2026-04-26	2026-07-05	verified
DCIM/DSC07155.ARW	DCIM/DSC07155.ARW	30756864	ca5cb6251359d5ea16797be9201f6ce15dfeb8c96d08bbd31e1c0fa221932462	2026-04-26	2026-07-05	verified
DCIM/DSC07155.JPG	DCIM/DSC07155.JPG	10533156	e9dedca172d8f583717b2fcdb82a7f9a849ece41f8962cdec41d5acb8cab574a	2026-04-26	2026-07-05	verified
DCIM/DSC07156.ARW	DCIM/DSC07156.ARW	30842880	13ab66f90ddb4d4f1f9f1e998b50f5c010bbbd7d223262b8b4d76a199741262c	2026-04-26	2026-07-05	verified
DCIM/DSC07156.JPG	DCIM/DSC07156.JPG	10584403	2581d32f0ad74d48e4c2265b8b80c5de0fc7c3c41fce40a9d661758e0074edc0	2026-04-26	2026-07-05	verified
DCIM/DSC07157.ARW	DCIM/DSC07157.ARW	30015488	7508fab1fa4a9a0f574ce0f2cead153217f707579419a4eb83475fd06897eaff	2026-04-26	2026-07-05	verified
DCIM/DSC07157.JPG	DCIM/DSC07157.JPG	9392126	5071c6b7e7fa09522070d3e1df242169b7f6475578d9266033ae412b5be6f2ff	2026-04-26	2026-07-05	verified
DCIM/DSC07158.ARW	DCIM/DSC07158.ARW	30531584	9ee3916dc591ac7ae31d3fa1a1288992a07c7c2a45dfe47c28a33f1ab0f9e45c	2026-04-26	2026-07-05	verified
DCIM/DSC07158.JPG	DCIM/DSC07158.JPG	10194361	e3471fa09cca5363a4ceb0d723d3b44fe44d044ecad852d7bb2f8cb7b599e3c5	2026-04-26	2026-07-05	verified
DCIM/DSC07159.ARW	DCIM/DSC07159.ARW	30490624	9121e2098ee348af4d48a1da635ba99b74908d60a1f9d200817112249be656e6	2026-04-26	2026-07-05	verified
DCIM/DSC07159.JPG	DCIM/DSC07159.JPG	10155125	bc4206ad9e21d6eee44c7fcfac297f8155fe693efc897171cce9dcc84d3d4cc9	2026-04-26	2026-07-05	verified
DCIM/DSC07160.ARW	DCIM/DSC07160.ARW	30461952	a683968e581adf9138a5e967f06e921b2d086361a4baafca26ddf0a708302cec	2026-04-26	2026-07-05	verified
DCIM/DSC07160.JPG	DCIM/DSC07160.JPG	10082886	15e7736fd160eedab06c333c25ab279e2aacf3b0e75ffe2e51aca093704667d6	2026-04-26	2026-07-05	verified
DCIM/DSC07161.ARW	DCIM/DSC07161.ARW	28938240	537871161ec15a75b5764e158dc13c1614555132fd13e8d0d85ffbc0eb33f2bf	2026-04-26	2026-07-05	verified
DCIM/DSC07161.JPG	DCIM/DSC07161.JPG	6704785	fe6bde8a10e2e9a30827fd78e92ba22d324946c5eeeb6e1fbc864ae2128f18ce	2026-04-26	2026-07-05	verified
DCIM/DSC07162.ARW	DCIM/DSC07162.ARW	28921856	5713e3af0b616eb7a2021d65b5abbdf87af645e29e40a247846c41b0e60f217b	2026-04-26	2026-07-05	verified
DCIM/DSC07162.JPG	DCIM/DSC07162.JPG	6662585	989852609f084d355895858a8d4a686f84e8689175d86151740212b4e447c0bc	2026-04-26	2026-07-05	verified
DCIM/DSC07163.ARW	DCIM/DSC07163.ARW	29290496	d2528e909939580cd1159596722d407055fab5b5306c95e88afed61ca005f226	2026-04-26	2026-07-05	verified
DCIM/DSC07163.JPG	DCIM/DSC07163.JPG	7311777	1ec86fdce6b301bcb559d2a812e2caaf13823bb70b034ae55621afe42dba761c	2026-04-26	2026-07-05	verified
DCIM/DSC07164.ARW	DCIM/DSC07164.ARW	28250112	12baf6deee3c2d5e2b880505b5d1ed93c06e8ffd3f2b3727852452de4edf6e16	2026-04-26	2026-07-05	verified
DCIM/DSC07164.JPG	DCIM/DSC07164.JPG	5374146	92a71cee87e5f30d379de580ff5a5d5d612023952ad64dfbdbd6e24fc97512ef	2026-04-26	2026-07-05	verified
DCIM/DSC07165.ARW	DCIM/DSC07165.ARW	29433856	72c92cb5484a15b07360844cc78a21ab013022c30a95732b92ab67bf47bcd24e	2026-04-26	2026-07-05	verified
DCIM/DSC07165.JPG	DCIM/DSC07165.JPG	7580655	b3b17051dfee798a025afcd96ba305a60ffaa8685be10b00f4bf6d7f6615582e	2026-04-26	2026-07-05	verified
DCIM/DSC07166.ARW	DCIM/DSC07166.ARW	29458432	faa59b4fd6163ff69eb0302c55eb4a1d254d1fca8a38bb214f83b244f9ba08b3	2026-04-26	2026-07-05	verified
DCIM/DSC07166.JPG	DCIM/DSC07166.JPG	7605667	a98fa0973df9d6bff2b4f266ef3bb2d622be618a4d04bee57f60904be3b58777	2026-04-26	2026-07-05	verified
DCIM/DSC07167.ARW	DCIM/DSC07167.ARW	28987392	f3288be8b621d7499602a888b7d54695f36538ddb7c3fc5fcb6aaa9603dfc948	2026-04-26	2026-07-05	verified
DCIM/DSC07167.JPG	DCIM/DSC07167.JPG	6734618	dd6f8dff5e1e77e375ba347a93a3522936c72bb3e36a446f92cb50f648b134a0	2026-04-26	2026-07-05	verified
DCIM/DSC07168.ARW	DCIM/DSC07168.ARW	30851072	4d4211198594562623b526b0647b1362026f2b041a780729c061a3dbd34fcc76	2026-04-26	2026-07-05	verified
DCIM/DSC07168.JPG	DCIM/DSC07168.JPG	10707448	a71cf292e46310c2cba56dfcab9f7719f764269eedb96914e66022d0e485d7b1	2026-04-26	2026-07-05	verified
DCIM/DSC07169.ARW	DCIM/DSC07169.ARW	31100928	8d8e10ab9a69ac793386a5357bc76fdf7a2e1b7aeeceb5c40d48f2bb0c40bf21	2026-04-26	2026-07-05	verified
DCIM/DSC07169.JPG	DCIM/DSC07169.JPG	11079360	70ebf1d679706e9a5c7d14554f1a3935ad5067e02870b4d47c32fdaf11374fb6	2026-04-26	2026-07-05	verified
DCIM/DSC07170.ARW	DCIM/DSC07170.ARW	30785536	56ac6548b95047388942a1fb3421547fc92c9ed4106ef4a323c07772ce3bfaba	2026-04-26	2026-07-05	verified
DCIM/DSC07170.JPG	DCIM/DSC07170.JPG	10643758	1397ee6f36cdfa9bd571011f6e1a4cce9a5c90cb4a53acc2ae3be383aaae9c1c	2026-04-26	2026-07-05	verified
DCIM/DSC07171.ARW	DCIM/DSC07171.ARW	30670848	7a8d7033c7dd2037b86561cf345f76c82c04e0a4ecc4da68c8051dcc5ecaa1d8	2026-04-26	2026-07-05	verified
DCIM/DSC07171.JPG	DCIM/DSC07171.JPG	10398643	d866ae6732c37858adbafb3f25fe5a919f82673cd792165b52dc6c35c73216df	2026-04-26	2026-07-05	verified
DCIM/DSC07172.ARW	DCIM/DSC07172.ARW	31072256	4f264c9c290500d2cd63d5e61b248da471e870d7fd97c02a7b60ff8cab40062d	2026-04-26	2026-07-05	verified
DCIM/DSC07172.JPG	DCIM/DSC07172.JPG	10959656	864051fadee9ba0c18e9d612165b8ca88b56b48dd574cfa84a9245486fe97497	2026-04-26	2026-07-05	verified
DCIM/DSC07173.ARW	DCIM/DSC07173.ARW	30908416	7345e533e6fcbb2e9e3788d2f77cdca6c23df78884cac3fc5c92fd0bd13eeaef	2026-04-26	2026-07-05	verified
DCIM/DSC07173.JPG	DCIM/DSC07173.JPG	10730018	d9ff3547b4fe55593d893faa048d35d2559c1b36f081f8aad48b7c48103714fc	2026-04-26	2026-07-05	verified
DCIM/DSC07174.ARW	DCIM/DSC07174.ARW	29831168	33f0276e1d5738b36ec90c2617620a0a122ac24172064ca0f292253c49880642	2026-04-26	2026-07-05	verified
DCIM/DSC07174.JPG	DCIM/DSC07174.JPG	8628512	af25a52a8d1d5fce9633f0fcf3e7d23d34d4e7af6d2ce862fd15828ed4db0d5a	2026-04-26	2026-07-05	verified
DCIM/DSC07175.ARW	DCIM/DSC07175.ARW	29904896	d378812390442fdd7c2a492e861b8aa91e886b970cd49cb53dcd01a0aa04a47e	2026-04-26	2026-07-05	verified
DCIM/DSC07175.JPG	DCIM/DSC07175.JPG	8813651	33222b2475b4f874e2e90d29930dc3040ed60e2af8634d6ce453c47fe3ea7b1f	2026-04-26	2026-07-05	verified
DCIM/DSC07176.ARW	DCIM/DSC07176.ARW	30986240	e9ffbdb30ad41b10c8a406c3d08e797e667344d32350227d69ef2935ae157d8b	2026-04-26	2026-07-05	verified
DCIM/DSC07176.JPG	DCIM/DSC07176.JPG	10783308	18a3724befb1dca47c7262bfb836b0c86af67fae6ba01f3f8df2557735dcd8c5	2026-04-26	2026-07-05	verified
DCIM/DSC07177.ARW	DCIM/DSC07177.ARW	30892032	eeaaf82b96597156833e6ca0d174e412cce8181bd8b9183dc4a4aa6dff15806d	2026-04-26	2026-07-05	verified
DCIM/DSC07177.JPG	DCIM/DSC07177.JPG	10676301	5723352783368ea828f3f29681b13432037d30bc79ac77ea448d4a3590783cc0	2026-04-26	2026-07-05	verified
DCIM/DSC07178.ARW	DCIM/DSC07178.ARW	30973952	3f1f174ceb68c98ce03ab25e18aa8831ed96843cd839ef471e6991315d7d4844	2026-04-26	2026-07-05	verified
DCIM/DSC07178.JPG	DCIM/DSC07178.JPG	10930518	21975689fe8f23bfde349437cd924bdc323ddc44ae32d90a93f3ab5b2321cb94	2026-04-26	2026-07-05	verified
DCIM/DSC07179.ARW	DCIM/DSC07179.ARW	30892032	4696ffcdc351b10226dfbf60eff573b78099f646454c417577e693d3c8c6f1b5	2026-04-26	2026-07-05	verified
DCIM/DSC07179.JPG	DCIM/DSC07179.JPG	10789909	db6895872ff88346cc571ffa55e0173e2ac2883850c248e3191a6f30887c8a22	2026-04-26	2026-07-05	verified
DCIM/DSC07180.ARW	DCIM/DSC07180.ARW	29683712	0fbe9d928c41c2237f2b158ec8bc4f0bec3504f4115bb5b8ac5352dde1df74c8	2026-04-26	2026-07-05	verified
DCIM/DSC07180.JPG	DCIM/DSC07180.JPG	8507665	c0e459c515e214950eeb4e7c093a062835ae5db87081bd9adfcb97a4fbc2f0f9	2026-04-26	2026-07-05	verified
DCIM/DSC07181.ARW	DCIM/DSC07181.ARW	30797824	8060cb8a197eab093823ef5a6b72f49caaa25c7f350c910154119abd78e22a19	2026-04-26	2026-07-05	verified
DCIM/DSC07181.JPG	DCIM/DSC07181.JPG	10651088	7d38448d54ac72809186d350e027ba25b71f67c405b1bfdb26ac9d12d9681326	2026-04-26	2026-07-05	verified
DCIM/DSC07182.ARW	DCIM/DSC07182.ARW	30691328	eb77363eeb0fbdb122aad7a9f1dd92028a0a388bf36c6d3c9f7fbe3e599d21df	2026-04-26	2026-07-05	verified
DCIM/DSC07182.JPG	DCIM/DSC07182.JPG	10448466	34d6111e78265fde85292b3e797bdd95bc6914b0e0c1b1cef54f3deea7b77eba	2026-04-26	2026-07-05	verified
DCIM/DSC07183.ARW	DCIM/DSC07183.ARW	30744576	7ee6bd51c8c97c78e575b582ed635cfb7b30262b1b4279513c71e24fe11c7e46	2026-04-26	2026-07-05	verified
DCIM/DSC07183.JPG	DCIM/DSC07183.JPG	10561081	9f98cc1605262c965c11ba05f10651323d290a30c11d1d5aaf1ca1151d4acdcd	2026-04-26	2026-07-05	verified
DCIM/DSC07184.ARW	DCIM/DSC07184.ARW	29290496	fa08a20a0c66034c7d40b139e347c1d0798cedf6a09e00cae8142c4d618801d9	2026-04-26	2026-07-05	verified
DCIM/DSC07184.JPG	DCIM/DSC07184.JPG	7484297	153832703f203ea788958eebf5835fcc78a53ed3e9f877229bcb3ae01bdd130f	2026-04-26	2026-07-05	verified
DCIM/DSC07185.ARW	DCIM/DSC07185.ARW	29839360	8d7c1623982d11306cdd54a2b9a3aa0004ded0612b7bcbf4cdb14e2359f838a8	2026-04-26	2026-07-05	verified
DCIM/DSC07185.JPG	DCIM/DSC07185.JPG	9080739	f70fae74c954cdf7d3b70471a8f015ed6b8f99f2ac054f2cfcac7ce555dc70cd	2026-04-26	2026-07-05	verified
DCIM/DSC07186.ARW	DCIM/DSC07186.ARW	29540352	0f922a82685ca1c56e6f9f58d046bf8293176d6bd6415196fbcf368a719de36e	2026-04-26	2026-07-05	verified
DCIM/DSC07186.JPG	DCIM/DSC07186.JPG	8780817	ee37946763249012208eec56ec06e9e8be8ebf1b99885e26bf59ae3eeb9d06cd	2026-04-26	2026-07-05	verified
DCIM/DSC07187.ARW	DCIM/DSC07187.ARW	29519872	03c144576ea1a5ea4e473e940e7249e51bf834665c09ef49070abcafd782bada	2026-04-26	2026-07-05	verified
DCIM/DSC07187.JPG	DCIM/DSC07187.JPG	8733033	d2c9abf8014e5d92497603458518700a8f1c27bb87a392733e22caf3a246d513	2026-04-26	2026-07-05	verified
DCIM/DSC07188.ARW	DCIM/DSC07188.ARW	28803072	1f8ff7f01e14ddf99799e19dd5c47df7421782f027b24f68f94087732a01bbc1	2026-04-26	2026-07-05	verified
DCIM/DSC07188.JPG	DCIM/DSC07188.JPG	7178540	07c54cde5f3c7e7a25857d8c20a2a80c257b970898958d5fa581d854bb8c8089	2026-04-26	2026-07-05	verified
DCIM/DSC07189.ARW	DCIM/DSC07189.ARW	28598272	bb96dd0ba49ae661285094d0e56220797b9e401e6ba1616227a5367b6e5f3c5e	2026-04-26	2026-07-05	verified
DCIM/DSC07189.JPG	DCIM/DSC07189.JPG	5997422	ef8cabf27f140803211077672b3b47cf07f588e693853b5647c855ac518940d1	2026-04-26	2026-07-05	verified
DCIM/DSC07190.ARW	DCIM/DSC07190.ARW	28590080	be14da541567b3c235519a470d12f54b9aed3b807d418acd9fe0d26d3eb79991	2026-04-26	2026-07-05	verified
DCIM/DSC07190.JPG	DCIM/DSC07190.JPG	5985130	a7dd3760a56cc4710297ae6640dd00290f92884ee7e77814ba52c8d856764123	2026-04-26	2026-07-05	verified
DCIM/DSC07191.ARW	DCIM/DSC07191.ARW	27914240	1bf97f69bd12208043d960095de4bad939fdc0d1167cd3967d97cdae2a453db6	2026-04-26	2026-07-05	verified
DCIM/DSC07191.JPG	DCIM/DSC07191.JPG	4396493	ec11f9786834a87dc442387fc2b16ef28c81b843500fb3059939536c23c245bd	2026-04-26	2026-07-05	verified
DCIM/DSC07192.ARW	DCIM/DSC07192.ARW	28053504	f0fd5d63ba303476eeaaf22bcb5296fac9345a1e80d3fb3bf698ad298ea41bca	2026-04-26	2026-07-05	verified
DCIM/DSC07192.JPG	DCIM/DSC07192.JPG	4783136	9f66204fe06f6af09d5516edaf10c59de34469e19049992b99186573b7a4ef18	2026-04-26	2026-07-05	verified
DCIM/DSC07193.ARW	DCIM/DSC07193.ARW	28155904	412ca148071a868cf967f643e9e1c2441a73c7320006dac3e4a2d35a4e9f93ad	2026-04-26	2026-07-05	verified
DCIM/DSC07193.JPG	DCIM/DSC07193.JPG	4685544	53770fe758bf540a2ea95405bafa805b9e80766ac2f9c3688984d77da1ef1b4c	2026-04-26	2026-07-05	verified
DCIM/DSC07194.ARW	DCIM/DSC07194.ARW	28139520	521604e8a523f0de45b170210d0f4611d006cca2c35a39adb53d0f69f7874935	2026-04-26	2026-07-05	verified
DCIM/DSC07194.JPG	DCIM/DSC07194.JPG	4634466	91a5fc82632f7bc3090c3ab767d13543fb148e0ca8f1cb2dde29171f9c90ed8c	2026-04-26	2026-07-05	verified
DCIM/DSC07195.ARW	DCIM/DSC07195.ARW	29470720	187cffb1a1fda82275b2a046da24cd3d0c92c168ff827a522707850dfe223e5c	2026-04-26	2026-07-05	verified
DCIM/DSC07195.JPG	DCIM/DSC07195.JPG	7753429	0afc9f9944c6eebf1b4070deed7f6ae2dc9d272ef914f485f47183c07f53cf15	2026-04-26	2026-07-05	verified
DCIM/DSC07196.ARW	DCIM/DSC07196.ARW	29024256	4fd9d7d35af9782edbe4ddc59709ecc9ab096398fc4a9d050cfb9b4b03c96892	2026-04-26	2026-07-05	verified
DCIM/DSC07196.JPG	DCIM/DSC07196.JPG	6825046	6a85a90dbee61a60deb43d16003229adfebbcaf8926ab275c635dd5757471a1c	2026-04-26	2026-07-05	verified
DCIM/DSC07197.ARW	DCIM/DSC07197.ARW	29163520	141ea7c361822214b67e8b5898dfffa913587b44b332b6711cd184a808a2f2f0	2026-04-26	2026-07-05	verified
DCIM/DSC07197.JPG	DCIM/DSC07197.JPG	7114797	29d65fb5eb6a652bf64e3b6005fae78653f38bf2fdcc9a4ecb355ee1548c8463	2026-04-26	2026-07-05	verified
DCIM/DSC07198.ARW	DCIM/DSC07198.ARW	28962816	1d793536bbcb286702b8549bf77d175b82a46c4eeef3d23ccccc0c0974836573	2026-04-26	2026-07-05	verified
DCIM/DSC07198.JPG	DCIM/DSC07198.JPG	6865310	44483eb55cffa134ab9e0a57f775dcadb73282098722f72a3d070ce263d19692	2026-04-26	2026-07-05	verified
DCIM/DSC07199.ARW	DCIM/DSC07199.ARW	29208576	2e55c7d5164a6d2b62bdd72b8fbf0343be7064eb0c3e8f3461182b32317fc467	2026-04-26	2026-07-05	verified
DCIM/DSC07199.JPG	DCIM/DSC07199.JPG	7293330	b656bcebf377b9b622c67b0f8503f2c416a52f340bd4b500e15235122b78352a	2026-04-26	2026-07-05	verified
DCIM/DSC07200.ARW	DCIM/DSC07200.ARW	28409856	c9d8bf354c6adc1c730d515c4972bfcab350a41453da96e14cb613435a4608a4	2026-04-26	2026-07-05	verified
DCIM/DSC07200.JPG	DCIM/DSC07200.JPG	6013756	36d7781c4bbd44f54486c23bc245a11a4832db03643c9e3864379f5a2653f061	2026-04-26	2026-07-05	verified
DCIM/DSC07201.ARW	DCIM/DSC07201.ARW	28876800	e498d576b8cb9c7498eda8d1546fbd732b6db06a3b69686e6dc674b461e40af7	2026-04-26	2026-07-05	verified
DCIM/DSC07201.JPG	DCIM/DSC07201.JPG	6919135	eee830117a1c54d6e9936370c5a7e76bd5f0f181ea369122c556df74e49279c9	2026-04-26	2026-07-05	verified
DCIM/DSC07202.ARW	DCIM/DSC07202.ARW	29077504	779022a1359139b1d00976497d2b61b62ec34eb6cab2820f83117d2727c5417c	2026-04-26	2026-07-05	verified
DCIM/DSC07202.JPG	DCIM/DSC07202.JPG	7213665	df539ee2fe7b341ed09ac0ea0b2494545209ed7d7830845b5909755bb1826bdc	2026-04-26	2026-07-05	verified
DCIM/DSC07203.ARW	DCIM/DSC07203.ARW	29048832	f6242f41dc7dd1973a8dc2589f39c662c1fd4422d05e4cbd32c0ddf5b4940389	2026-04-26	2026-07-05	verified
DCIM/DSC07203.JPG	DCIM/DSC07203.JPG	7169082	1e441fb782a344c1fbee588cd2d3d9d26dafaf3563e8e999af4e2350376fe996	2026-04-26	2026-07-05	verified
DCIM/DSC07204.ARW	DCIM/DSC07204.ARW	29196288	0b855cc309c84bed4a7449e79b928af924b3a543efbd4813de3cca441e387a50	2026-04-26	2026-07-05	verified
DCIM/DSC07204.JPG	DCIM/DSC07204.JPG	7413620	d0c86cfc315def6192420aa1f6b9e248f7a8988a77a4b9923d4be5cf2647d8e3	2026-04-26	2026-07-05	verified
DCIM/DSC07205.ARW	DCIM/DSC07205.ARW	28672000	c188e28a544c516bd35a9e01bcc00f167df367b44a4cea5fc1b2d9488c3bdca8	2026-04-26	2026-07-05	verified
DCIM/DSC07205.JPG	DCIM/DSC07205.JPG	6648954	5616679025418ffee0b4d28b412b4c5940f81d7af2d8bf3e546a4a7f9b25434c	2026-04-26	2026-07-05	verified
DCIM/DSC07206.ARW	DCIM/DSC07206.ARW	28364800	bcd9f571970711dc612bd9fd510988e77b7b705904c70fbc6cfa5cc72a0ff3f9	2026-04-26	2026-07-05	verified
DCIM/DSC07206.JPG	DCIM/DSC07206.JPG	6074365	9a87b24633c9a7414ce33f254eaaa9f4792f785c2d639339c1171fe550c72217	2026-04-26	2026-07-05	verified
DCIM/DSC07207.ARW	DCIM/DSC07207.ARW	28692480	e862a43c8c88595944a623f7d9c431d13e03d538a53d4ce2600f4261fc75639e	2026-04-26	2026-07-05	verified
DCIM/DSC07207.JPG	DCIM/DSC07207.JPG	6531019	90f10ec3aee2e55cfa397846879b2b2d87d1ad0b01210f526973a715da90185a	2026-04-26	2026-07-05	verified
DCIM/DSC07208.ARW	DCIM/DSC07208.ARW	28614656	bfab457a38f8b7c359815b689ca132047f83b79c77567467a84c1877481dfe9a	2026-04-26	2026-07-05	verified
DCIM/DSC07208.JPG	DCIM/DSC07208.JPG	6375755	4e183206648427713ab249b58d905148fbabe9b8a3ee4b2609285da037baa4cf	2026-04-26	2026-07-05	verified
DCIM/DSC07209.ARW	DCIM/DSC07209.ARW	28557312	ecfa411617ced613cc84b39f36faa1427fae44e861c4cc958deb075ccd5deff9	2026-04-26	2026-07-05	verified
DCIM/DSC07209.JPG	DCIM/DSC07209.JPG	6359744	28c4147cf94c9ffe90b834f4d87b75fb3cbcea840fb000f8429eea25366a7425	2026-04-26	2026-07-05	verified
DCIM/DSC07210.ARW	DCIM/DSC07210.ARW	28528640	53382c22655c1078196a361a9c4ca660dcbddb9c9e71f169b251ac1cf1f7517c	2026-04-26	2026-07-05	verified
DCIM/DSC07210.JPG	DCIM/DSC07210.JPG	6340745	a91087bd45dda4c07b0d3e77055561190dc3567f25af07e84fce09369afbc05f	2026-04-26	2026-07-05	verified
DCIM/DSC07211.ARW	DCIM/DSC07211.ARW	28774400	97763c7dd5dbe1a6904e54e8c5a2199da28f28393dd8d3205739c1e069fad0a3	2026-04-26	2026-07-05	verified
DCIM/DSC07211.JPG	DCIM/DSC07211.JPG	6710592	14a24cde017bf4a90f96943f482919221c5b1584d88506f0fdeccd2de35774b3	2026-04-26	2026-07-05	verified
DCIM/DSC07212.ARW	DCIM/DSC07212.ARW	29450240	628c8dbfed3b35399a54757226616daaabfb9c689ecf6e7de139da49119a470b	2026-04-26	2026-07-05	verified
DCIM/DSC07212.JPG	DCIM/DSC07212.JPG	7641930	2c0ea4e7043f4b44a932cc2da8c4a900a33fc47f54a87f618b3fd52d06eb619b	2026-04-26	2026-07-05	verified
DCIM/DSC07213.ARW	DCIM/DSC07213.ARW	28942336	bf68e46fbe396e1b18cb1d69d20bacb63e944a41a1a4d3ad1ca092386d7d80e9	2026-04-26	2026-07-05	verified
DCIM/DSC07213.JPG	DCIM/DSC07213.JPG	6779779	4f9a3adb1749d064b1cf7f557f09f1c6e9da3b47fc20fe2357ccf219b8faa58e	2026-04-26	2026-07-05	verified
DCIM/DSC07214.ARW	DCIM/DSC07214.ARW	29126656	7d85d27fd17f4aa908a0a699752c8e96059af2508310e827e2fe29607432404b	2026-04-26	2026-07-05	verified
DCIM/DSC07214.JPG	DCIM/DSC07214.JPG	7076425	4026eb2b8cc067596a1b6f4b23acac667720827fd735c4fc4ecde2dec8cdc933	2026-04-26	2026-07-05	verified
DCIM/DSC07215.ARW	DCIM/DSC07215.ARW	28499968	1497ae8fa65a004e8aff68b65e69cc55f65836d021c2f2638493f7ca2e3d1515	2026-04-26	2026-07-05	verified
DCIM/DSC07215.JPG	DCIM/DSC07215.JPG	6172505	f37d9000019b43a8e1acc6c90d3a4b55635b34c6edab01fb4f301367f0a4a8b1	2026-04-26	2026-07-05	verified
DCIM/DSC07216.ARW	DCIM/DSC07216.ARW	28590080	043ddbd55af67bbcb8cf71765991515f380a28bd831ea5a1452f5a7b9fa80e56	2026-04-26	2026-07-05	verified
DCIM/DSC07216.JPG	DCIM/DSC07216.JPG	6654144	c3864bbc1b1d4a922254e2a677e1dbb1620c273c3a4ddb6187c4f70d387da7bd	2026-04-26	2026-07-05	verified
DCIM/DSC07217.ARW	DCIM/DSC07217.ARW	28467200	75a78cb6a180e1f4499928842afc153698eed3b278d0351da692f938e99ac19c	2026-04-26	2026-07-05	verified
DCIM/DSC07217.JPG	DCIM/DSC07217.JPG	5985732	a8424d161e203ba3d349c3fe2b89d230b60f6a6b9d81239bb86580d07b062223	2026-04-26	2026-07-05	verified
DCIM/DSC07218.ARW	DCIM/DSC07218.ARW	29536256	62b86d97088cb858b7349d35eb821ce4894c9abf8d76979d1b83c9ad77aa8db7	2026-04-26	2026-07-05	verified
DCIM/DSC07218.JPG	DCIM/DSC07218.JPG	8034748	a9bf803553e3e1f3749cb0c37d630c00604bea3943afecee673b14355a6f200c	2026-04-26	2026-07-05	verified
DCIM/DSC07219.ARW	DCIM/DSC07219.ARW	29339648	8ecb5c508cebec8844bd13bffe080d2f433bb9fafffb6a76fbc5ff8623e30c80	2026-04-26	2026-07-05	verified
DCIM/DSC07219.JPG	DCIM/DSC07219.JPG	7722892	0c7de22027f326ba95bc914fcc547ffe6663f95d54a60cbb38e68ce41eabc45b	2026-04-26	2026-07-05	verified
DCIM/DSC07220.ARW	DCIM/DSC07220.ARW	29032448	9ee0e4834c0c0c12a978b2cd8e832cdc0e181df7d7e676ab1217a70f23e00f8c	2026-04-26	2026-07-05	verified
DCIM/DSC07220.JPG	DCIM/DSC07220.JPG	7251535	dc52c287464e63839bb7a6910fd0102e840e8a7856adaa7d6e982208c53501f5	2026-04-26	2026-07-05	verified
DCIM/DSC07221.ARW	DCIM/DSC07221.ARW	29659136	209675ad4ba6ad9640965a30d7cb6898d07792ed21f5545a9847d1b742576895	2026-04-26	2026-07-05	verified
DCIM/DSC07221.JPG	DCIM/DSC07221.JPG	8175897	e44d7b48a001bc3183ccd048d9ec7040f8b67b8272f9ab6bc2e99c7fe34a4544	2026-04-26	2026-07-05	verified
DCIM/DSC07222.ARW	DCIM/DSC07222.ARW	29646848	ec078f372830ecb4823575c98fd892ca459fad161ba583220626cb3b7371209d	2026-04-26	2026-07-05	verified
DCIM/DSC07222.JPG	DCIM/DSC07222.JPG	8116304	f272a5d19d6c91bcd22670c6090e3f0d48fad5f034be954775fe43f53a430bde	2026-04-26	2026-07-05	verified
DCIM/DSC07223.ARW	DCIM/DSC07223.ARW	29732864	1dcb7ec834f984f66759a056c780dfe12c7dcc13adcbb252fe3330a2633d5eac	2026-04-26	2026-07-05	verified
DCIM/DSC07223.JPG	DCIM/DSC07223.JPG	8257437	6d629bb1f9ce183407ce15d36f3ddb9bd40a108e693cef50071700d2205c4043	2026-04-26	2026-07-05	verified
DCIM/DSC07224.ARW	DCIM/DSC07224.ARW	29413376	76c127edc263a118aeea2d043e350ce1bd74eb0511ad26709d35ee2abf1d15df	2026-04-26	2026-07-05	verified
DCIM/DSC07224.JPG	DCIM/DSC07224.JPG	7797683	b652a5689daefdb0e131abc2b7de2b27db121360eda636af6e37a9679c1e932f	2026-04-26	2026-07-05	verified
DCIM/DSC07225.ARW	DCIM/DSC07225.ARW	28921856	31a109c4400a933de80554ccc3b139abe5cc80aaa5e50d5605b0b73b569fa0bd	2026-04-26	2026-07-05	verified
DCIM/DSC07225.JPG	DCIM/DSC07225.JPG	7092349	4ad17ff01e1f0239cf10e4110675106b60c541d5768c9af7c3265bb2017fb63e	2026-04-26	2026-07-05	verified
DCIM/DSC07226.ARW	DCIM/DSC07226.ARW	29491200	2e8d661dd033c6fa98aec25d1f5a2377159e4ff893ea22aad189215a25f35baa	2026-04-26	2026-07-05	verified
DCIM/DSC07226.JPG	DCIM/DSC07226.JPG	7806022	b1986c4dc8faae9ae084543811d00869f7c6a5556b5940ded7503891e1b40f7d	2026-04-26	2026-07-05	verified
DCIM/DSC07227.ARW	DCIM/DSC07227.ARW	29478912	5aebfd61bd70407299c968eef22afe35090aeb162cea30f9c1525b5eb6c81b4c	2026-04-26	2026-07-05	verified
DCIM/DSC07227.JPG	DCIM/DSC07227.JPG	7827442	67bbb6cb38269f883b1b728e0da3e77e253385e4548da4302e5a1ea4c927903d	2026-04-26	2026-07-05	verified
DCIM/DSC07228.ARW	DCIM/DSC07228.ARW	29306880	f3fd0ebca8e826bc9769a4f1aa0d696ddf9a12bd28eff8d353d7df9aa7e9b08f	2026-04-26	2026-07-05	verified
DCIM/DSC07228.JPG	DCIM/DSC07228.JPG	7600098	be66a1cece53f1571ef46c0ee9cf3d68b361821bef77e9af8b1e8d9e78980b7d	2026-04-26	2026-07-05	verified
DCIM/DSC07229.ARW	DCIM/DSC07229.ARW	29106176	0c18f2d2da698d80d82f8a1581066e0ab2f10bc7538ca77eb66b6e05fe5eedd0	2026-04-26	2026-07-05	verified
DCIM/DSC07229.JPG	DCIM/DSC07229.JPG	7303757	0b68cf68564ff44f4836e74104e26f7e51fd975e9cd32c36d979a72c12b7c1e7	2026-04-26	2026-07-05	verified
DCIM/DSC07230.ARW	DCIM/DSC07230.ARW	29356032	67050dbcf2f4976cbaf6a33fa66db6b56b242b1fc2dd56b0d7b9d2cf50518420	2026-04-26	2026-07-05	verified
DCIM/DSC07230.JPG	DCIM/DSC07230.JPG	7677779	4f13feb01e642739bdd75901f397e1c54c3a5a9f988a33cf7fc221c1738fcffa	2026-04-26	2026-07-05	verified
DCIM/DSC07231.ARW	DCIM/DSC07231.ARW	29470720	648d82c12c1666c0814da3944bed4a7a7a6dd9daaa9bcdc43f98b40bec94448c	2026-04-26	2026-07-05	verified
DCIM/DSC07231.JPG	DCIM/DSC07231.JPG	7843931	5e78ad609de265aeb3a9d4d3b208173242ac12e3bbac37029e2e5b73126087f8	2026-04-26	2026-07-05	verified
DCIM/DSC07232.ARW	DCIM/DSC07232.ARW	29585408	95922b0cc560883323a80deb91dd7447cfbd63f66ea0abf32841af76304d8e20	2026-04-26	2026-07-05	verified
DCIM/DSC07232.JPG	DCIM/DSC07232.JPG	8014126	6729815d4c0ec88bce679fc81cb6e0ced6dab073b969af04a2eb9ef43ba1157a	2026-04-26	2026-07-05	verified
DCIM/DSC07233.ARW	DCIM/DSC07233.ARW	29044736	cbe74e260d13934832f78854e477f9707a9437ef73b0c220436ba39743e66b60	2026-04-26	2026-07-05	verified
DCIM/DSC07233.JPG	DCIM/DSC07233.JPG	7125133	3211c2546020f5ead9f7bc2cfbe664640833f7154cc18737ef995fbb9db004a9	2026-04-26	2026-07-05	verified
DCIM/DSC07234.ARW	DCIM/DSC07234.ARW	29147136	4546db0e4beaf1cd4e4781370d29b82cf2a0e317527915fd589bc93671d89354	2026-04-26	2026-07-05	verified
DCIM/DSC07234.JPG	DCIM/DSC07234.JPG	7306279	62c8281255af0a71a0da9dfac52365b3dba30d77379f7a39450512128da46380	2026-04-26	2026-07-05	verified
DCIM/DSC07235.ARW	DCIM/DSC07235.ARW	28979200	8acdc79d235b2a6173034e2265401cd89620e13e5c71884cdc664c8b4cf2ddb2	2026-04-26	2026-07-05	verified
DCIM/DSC07235.JPG	DCIM/DSC07235.JPG	6936411	cac180754ad033a1d0baf2b984a90469f1390158d289703d3c7b513bbaeba1ba	2026-04-26	2026-07-05	verified
DCIM/DSC07236.ARW	DCIM/DSC07236.ARW	29081600	52c5bf24a3b1ebc308c46d18e1ea0288cbef28f4b2d98f8d16bccb2b7face6b6	2026-04-26	2026-07-05	verified
DCIM/DSC07236.JPG	DCIM/DSC07236.JPG	7100670	b41d34e28a16fff3c79f81f9474b3d899ac436d696ddeef915c1ffbdb0230914	2026-04-26	2026-07-05	verified
DCIM/DSC07237.ARW	DCIM/DSC07237.ARW	29016064	6d55250131b8573cd6dd58e16a5af4a416caef19e96af2e1ad1447b120b44178	2026-04-26	2026-07-05	verified
DCIM/DSC07237.JPG	DCIM/DSC07237.JPG	7043405	23691a1f8e7489654a702e391554a47b99325589e4c397f7ddd274b9ef0e058c	2026-04-26	2026-07-05	verified
DCIM/DSC07238.ARW	DCIM/DSC07238.ARW	28897280	05e923040b7743060db92a649863e86403649014ab8500dbf4fb3b17cfaf1c82	2026-04-26	2026-07-05	verified
DCIM/DSC07238.JPG	DCIM/DSC07238.JPG	6868746	0864950f5c96a3001936417bab073d9fdcc5954af336d5a23980331c25f81299	2026-04-26	2026-07-05	verified
DCIM/DSC07239.ARW	DCIM/DSC07239.ARW	29167616	5ea521e50ac4db43fb694a069c490168f3c9818f8a59d61e1a0851e47c70b679	2026-04-26	2026-07-05	verified
DCIM/DSC07239.JPG	DCIM/DSC07239.JPG	7279076	fe90fe877956759b96c0e19427de3add787dd90e70dc7bfba5237dbacbddd35c	2026-04-26	2026-07-05	verified
DCIM/DSC07240.ARW	DCIM/DSC07240.ARW	29069312	e141e79cd54b46e09026c52147f9a759e8d9c9219c60d6714dda4dafcca4a6e4	2026-04-26	2026-07-05	verified
DCIM/DSC07240.JPG	DCIM/DSC07240.JPG	7085794	d7ad635ce6d1a4ba7c0a43f455ff2e4e38376864f993e55b1ea9c28298f38525	2026-04-26	2026-07-05	verified
DCIM/DSC07241.ARW	DCIM/DSC07241.ARW	29294592	1892a6051374d69d6ed5523be81c97d5648b5eee7a81f285980e35e2cc14f25f	2026-04-26	2026-07-05	verified
DCIM/DSC07241.JPG	DCIM/DSC07241.JPG	7530451	9c7d48834d20023083a426418b74bb5ce2066888cbb12652add0d0964b5ff682	2026-04-26	2026-07-05	verified
DCIM/DSC07242.ARW	DCIM/DSC07242.ARW	28827648	6e57bfeec88f0ba5b64cd534a2bceefedbc07aaea9b77136e40940857b0de689	2026-04-26	2026-07-05	verified
DCIM/DSC07242.JPG	DCIM/DSC07242.JPG	6721747	10fdfead3e648663fc7f9d5b798e317bcd62ef41e934ff305b8edeb6a08f6d47	2026-04-26	2026-07-05	verified
DCIM/DSC07243.ARW	DCIM/DSC07243.ARW	28815360	7b2eb2dae6f868e72d48962bc935b4b83e939116dc7a1b322c23974ebc0cdcf3	2026-04-26	2026-07-05	verified
DCIM/DSC07243.JPG	DCIM/DSC07243.JPG	6430323	ed61b3f2769a5ddd6e63b376536e319a61f24a1d0a01732a8f8606527f9450b4	2026-04-26	2026-07-05	verified
DCIM/DSC07244.ARW	DCIM/DSC07244.ARW	29253632	28b15b3b99c380ed0765ca59ccdb5d1019e1452246bf0adcb0bc66ccb07c3d46	2026-04-26	2026-07-05	verified
DCIM/DSC07244.JPG	DCIM/DSC07244.JPG	7251781	ef332a48f6ab9b9a78340a270764d639bdd3460cd79265fd82511f83e58d3579	2026-04-26	2026-07-05	verified
DCIM/DSC07245.ARW	DCIM/DSC07245.ARW	29446144	4ea4c1d8f232501f7f7869d58f8de1d722d4d9ae6bbea431d8973f3c4bbc5303	2026-04-26	2026-07-05	verified
DCIM/DSC07245.JPG	DCIM/DSC07245.JPG	7732489	f7947e0c7425b154bcbae816e2c262f2bcda71b08b5e2e8e47ec1896ea8f62e2	2026-04-26	2026-07-05	verified
DCIM/DSC07246.ARW	DCIM/DSC07246.ARW	28438528	fe24ac6a47a7ab76103dcf1abca3fe8a01249917ad35130bc45998222552f725	2026-04-26	2026-07-05	verified
DCIM/DSC07246.JPG	DCIM/DSC07246.JPG	6228345	988bde46c0f77659363f54a746780235d16ae50edc76b88919b48e7ba2915d83	2026-04-26	2026-07-05	verified
DCIM/DSC07247.ARW	DCIM/DSC07247.ARW	28823552	9b9703b4c6d248fe674951afebba42c74743437f111804d40c51fa2bb3e2d517	2026-04-26	2026-07-05	verified
DCIM/DSC07247.JPG	DCIM/DSC07247.JPG	6922198	e5ec71b13493f38830d37e16201bc7c8fb8f493b26730fe2bfda14b5a5cafabb	2026-04-26	2026-07-05	verified
DCIM/DSC07248.ARW	DCIM/DSC07248.ARW	28844032	e61d8304624a4e42c72a6cb4af477b55567bfc1401fd66808b7662d8711b8b14	2026-04-26	2026-07-05	verified
DCIM/DSC07248.JPG	DCIM/DSC07248.JPG	6966552	e1110f4a2ead56ad53144fb5e8b84e27f5ab894e6678459eb19b09b1e71480df	2026-04-26	2026-07-05	verified
DCIM/DSC07249.ARW	DCIM/DSC07249.ARW	28844032	1d371fc2ef9c2ebad16ed9eed7baa3213a952f1f979fb049b24c1860c52fb700	2026-04-26	2026-07-05	verified
DCIM/DSC07249.JPG	DCIM/DSC07249.JPG	6639171	80a82c992717888b1c2de9152d502f99d6461c1a232e17f5704a1d8014d0f8c0	2026-04-26	2026-07-05	verified
DCIM/DSC07250.ARW	DCIM/DSC07250.ARW	28692480	7a51ce22b83c357b9fdedb1ed46f7798dc2fd8b975ca2861be52c83e35c6821f	2026-04-26	2026-07-05	verified
DCIM/DSC07250.JPG	DCIM/DSC07250.JPG	6559910	960e2e93b13122ad21a7b49702447107acc936271df7bd4c9da68acf6ab0da14	2026-04-26	2026-07-05	verified
DCIM/DSC07251.ARW	DCIM/DSC07251.ARW	28803072	6ac8e7ca0a8629c98ec02244280bce4104f27a085ec1440228390fb95a41c0f0	2026-04-26	2026-07-05	verified
DCIM/DSC07251.JPG	DCIM/DSC07251.JPG	6626296	dfe943bd856e1130a42ae7ff0475b64f47bc5ca1ae054934b10572a7f0786fb6	2026-04-26	2026-07-05	verified
DCIM/DSC07252.ARW	DCIM/DSC07252.ARW	29667328	5783184c702996b55be8bd77f5ee3fdb8ae7ed9258ddaaa12bd0211a63c8750a	2026-04-26	2026-07-05	verified
DCIM/DSC07252.JPG	DCIM/DSC07252.JPG	8049274	3facbe5edc14b7b18c4490fee758895d7d3a4137ba0757e69a78cbfaeb255e7a	2026-04-26	2026-07-05	verified
DCIM/DSC07253.ARW	DCIM/DSC07253.ARW	28864512	d2fba6caa9f970e13348b16ed707855e6e1cabebc60a1a3ea472db1786bba04e	2026-04-26	2026-07-05	verified
DCIM/DSC07253.JPG	DCIM/DSC07253.JPG	7002904	0a7f7b08a2ad8b67063402b104a55fcf1455e413a6b9762d7d1b1cb98e930e43	2026-04-26	2026-07-05	verified
DCIM/DSC07254.ARW	DCIM/DSC07254.ARW	28844032	24fcbb1e331f70e79f8ed37afd2eef9baac497475aefeb9965192cfe8c623580	2026-04-26	2026-07-05	verified
DCIM/DSC07254.JPG	DCIM/DSC07254.JPG	6918744	1d209b379a2314ddb333d02803b27e3fc986e522a6b1ef01b9c0da081f494e2b	2026-04-26	2026-07-05	verified
DCIM/DSC07255.ARW	DCIM/DSC07255.ARW	28856320	4d6b1a1f5af7b8b4f779be8330b34e1e78eb762ebf7d5fb69301ae1c20d396e0	2026-04-26	2026-07-05	verified
DCIM/DSC07255.JPG	DCIM/DSC07255.JPG	6928404	477a39007695c58ab54126b78a0797318f182036e0c1188b26229d1b62c6c742	2026-04-26	2026-07-05	verified
DCIM/DSC07256.ARW	DCIM/DSC07256.ARW	28827648	f41a77a5590a62fa3cb15011a0096277654750916dc9b1322e5ead0db739660d	2026-04-26	2026-07-05	verified
DCIM/DSC07256.JPG	DCIM/DSC07256.JPG	6878078	fd15d8d3802eea4bc71c7d217db9390e12326dfc61e3d582726cef3e09dcecef	2026-04-26	2026-07-05	verified
DCIM/DSC07257.ARW	DCIM/DSC07257.ARW	28807168	54395f9bafb2b5eca1299fcd6c313c761332283a1f6233fa6eb8941756990adb	2026-04-26	2026-07-05	verified
DCIM/DSC07257.JPG	DCIM/DSC07257.JPG	6843229	155b1893df3ffc162e0a6100430ea9679bddd15edec855ae173809f4c74a4de7	2026-04-26	2026-07-05	verified
DCIM/DSC07258.ARW	DCIM/DSC07258.ARW	29184000	d969c210c23a5321dd0bd41b7cce9d1b71970406defd7eed251e6f81c3c98ff9	2026-04-26	2026-07-05	verified
DCIM/DSC07258.JPG	DCIM/DSC07258.JPG	7460375	5122b24c69c155de9d38d96f8cc0d0d45c874d5bcc60f16ce8d934c80863e2ec	2026-04-26	2026-07-05	verified
DCIM/DSC07259.ARW	DCIM/DSC07259.ARW	29134848	ce9a228b80e4d303509e332bee03f881b4c5d90bbe5ee999596f060516362c01	2026-04-26	2026-07-05	verified
DCIM/DSC07259.JPG	DCIM/DSC07259.JPG	7365204	f1bafd334d8e0a300097d081dea74099cf4253f1cdf28e0f5b750ebfe638d5e4	2026-04-26	2026-07-05	verified
DCIM/DSC07260.ARW	DCIM/DSC07260.ARW	29007872	30d57f49c38680fb8e498f4595c1a6d8b18014a471a28bf0f76e9396bf7c2c81	2026-04-26	2026-07-05	verified
DCIM/DSC07260.JPG	DCIM/DSC07260.JPG	7045672	5c8dc2021b266ee121f1ee863c696addb8a23bdeae648eda92f47f55d1cddc81	2026-04-26	2026-07-05	verified
DCIM/DSC07261.ARW	DCIM/DSC07261.ARW	28475392	8dd1f6af14582b449e4441a0df0034a2b47f193b2ebf827e5acef48bc4bb4462	2026-04-26	2026-07-05	verified
DCIM/DSC07261.JPG	DCIM/DSC07261.JPG	6391928	7349c845a36b7edc0e1afd6f857af93885acdd9de993546c114e2a7631a01a7f	2026-04-26	2026-07-05	verified
DCIM/DSC07262.ARW	DCIM/DSC07262.ARW	28307456	e254a4fa968dc48581c7d8beb5a69d4b5d7b50513de7baa6695c272f7942b6eb	2026-04-26	2026-07-05	verified
DCIM/DSC07262.JPG	DCIM/DSC07262.JPG	6122684	1d299714215227481a12e1224ae883e8d69f54175f1f07db6403e0de871aceb8	2026-04-26	2026-07-05	verified
DCIM/DSC07263.ARW	DCIM/DSC07263.ARW	29298688	a20861caf849eb8b16ae2b9f306d6c1e07c667c75e2f91c7417314432def222e	2026-04-26	2026-07-05	verified
DCIM/DSC07263.JPG	DCIM/DSC07263.JPG	7430951	30236e5c5c08437350e1f2fd46e59420578da2de1fd36af5d2b18721d6401c69	2026-04-26	2026-07-05	verified
DCIM/DSC07264.ARW	DCIM/DSC07264.ARW	29511680	ce780d84b7bb96d1f193b94c0cca32ad7e0d6474df9dffb6f9d9d0e5f54abea6	2026-04-26	2026-07-05	verified
DCIM/DSC07264.JPG	DCIM/DSC07264.JPG	7894859	ee22197887a36e0d335ebbe8d54eedeb21484d4bf08e86717a6f0f0c920c4cce	2026-04-26	2026-07-05	verified
DCIM/DSC07265.ARW	DCIM/DSC07265.ARW	28700672	fd9decb6495216eec3715a3ab059a81cc817abd553aa3391e3e5f75e698f97c6	2026-04-26	2026-07-05	verified
DCIM/DSC07265.JPG	DCIM/DSC07265.JPG	6524166	2901c050bcac807132c40c102e4f457e9d98673b1a2e2c8b6f1608f56a98a90b	2026-04-26	2026-07-05	verified
DCIM/DSC07266.ARW	DCIM/DSC07266.ARW	29147136	d658bdfe56aa24175233654c544f1b8e7e4d0ded19b370fbd3b771e586148861	2026-04-26	2026-07-05	verified
DCIM/DSC07266.JPG	DCIM/DSC07266.JPG	6807870	710690ae02ce3c9ed16dd08246b12dbf5ccc84f4a1d9892d80b747115f5cf6b0	2026-04-26	2026-07-05	verified
DCIM/DSC07267.ARW	DCIM/DSC07267.ARW	29114368	608c05c2ddad88f46454d42bc14e9b5cc45cc92db30406d3730e28d9a1b259f6	2026-04-26	2026-07-05	verified
DCIM/DSC07267.JPG	DCIM/DSC07267.JPG	6993565	40b93e2a4cd79bb940f4752ca78e289a42508d59379ffc144979b009211b3d3d	2026-04-26	2026-07-05	verified
DCIM/DSC07268.ARW	DCIM/DSC07268.ARW	29151232	800fce95cdc973d87fb4aa67c0644a1d2e62011c9fc8ee120988d26f83df4fde	2026-04-26	2026-07-05	verified
DCIM/DSC07268.JPG	DCIM/DSC07268.JPG	7073666	6e6728b49bbb864ca50338fb1f9779d3a1573b9f486c272be00fcef106b15dbd	2026-04-26	2026-07-05	verified
DCIM/DSC07269.ARW	DCIM/DSC07269.ARW	29196288	a0b4fd8b15417d71e2eef3621c467f4beb9b98ca87d14d1f9cb7939915bd4447	2026-04-26	2026-07-05	verified
DCIM/DSC07269.JPG	DCIM/DSC07269.JPG	7104008	80e3d24225b65f2c1566c13d47b7f6deae59d1fac5ca38d47ee0bed0def058ac	2026-04-26	2026-07-05	verified
DCIM/DSC07270.ARW	DCIM/DSC07270.ARW	29122560	73da5b1d3c5b0c723a951b39331753add0faceabdc4ca5f62b3a9d7e21bf5d38	2026-04-26	2026-07-05	verified
DCIM/DSC07270.JPG	DCIM/DSC07270.JPG	6866688	d7dec7f3b8cfcac0ac33f61591fee2dff620b401a46e15bff579ace62e1631c9	2026-04-26	2026-07-05	verified
DCIM/DSC07271.ARW	DCIM/DSC07271.ARW	29368320	e48c963111976a90860def9f0afd50d695f7fb7bfa8f9fd19fbd2becff60e358	2026-04-26	2026-07-05	verified
DCIM/DSC07271.JPG	DCIM/DSC07271.JPG	7463709	b5a050aa1ef644bdab2b471991486c5d2640e29e946738831b09839a0fd6e4a4	2026-04-26	2026-07-05	verified
DCIM/DSC07272.ARW	DCIM/DSC07272.ARW	29286400	7466835584523e2482101139f9f183df42bb245e0f79ab8389f13af59eb3a05d	2026-04-26	2026-07-05	verified
DCIM/DSC07272.JPG	DCIM/DSC07272.JPG	7311758	8b1f46626b425b4d4b5b7a4399da9cdc3ec80625127b9594d208c64309cfaf69	2026-04-26	2026-07-05	verified
DCIM/DSC07273.ARW	DCIM/DSC07273.ARW	28884992	c8012da13b5782fe6fcd7ce754e7709683255c71ab6407ba9aa6fd46f30513bd	2026-04-26	2026-07-05	verified
DCIM/DSC07273.JPG	DCIM/DSC07273.JPG	6790992	5b354dfeac3c64f3ec4c7c3a3151b44a67dcbb3bd0b54b078c0784dd0104d36f	2026-04-26	2026-07-05	verified
DCIM/DSC07274.ARW	DCIM/DSC07274.ARW	28499968	97dfcddb1d061c28411c0d88f9e3e03a494a8f97065817c0fa61bf1789d85955	2026-04-26	2026-07-05	verified
DCIM/DSC07274.JPG	DCIM/DSC07274.JPG	5801566	a5b78122e32ab9b35107b40f0fa7655f99a8b5bf3dfb1d6ab8ee5911d3f80d55	2026-04-26	2026-07-05	verified
DCIM/DSC07275.ARW	DCIM/DSC07275.ARW	29515776	f3b67f06220f7180aceeb282a0e3edef0cd6bf9b67b7c4d66bca2b3b99569732	2026-04-26	2026-07-05	verified
DCIM/DSC07275.JPG	DCIM/DSC07275.JPG	7736819	f83a03e5f29a7a880593f5f42c29ab21fddb92c3c048d86f9b6815e329edbe88	2026-04-26	2026-07-05	verified
DCIM/DSC07276.ARW	DCIM/DSC07276.ARW	28540928	a9bfbdc9b7655ef0708434d56b4b1ac4397665451ae5891ea48494ebe3c791af	2026-04-26	2026-07-05	verified
DCIM/DSC07276.JPG	DCIM/DSC07276.JPG	5967010	fd158aecfbabbc80ada1ebeed92d1e827999e1c606c554bbca48a5965a542bea	2026-04-26	2026-07-05	verified
DCIM/DSC07277.ARW	DCIM/DSC07277.ARW	28508160	6bac5fb7aed1144795a109e099ac1646292424ad01d89ec204da2671479139da	2026-04-26	2026-07-05	verified
DCIM/DSC07277.JPG	DCIM/DSC07277.JPG	5917417	7e0b4ab5b91b8421986c92e11b459af7f3ff0698c98b2fbd2f233a06e429f6d2	2026-04-26	2026-07-05	verified
DCIM/DSC07278.ARW	DCIM/DSC07278.ARW	29593600	0ed1d0eb429b983dcb0e73027a14240b659a893baa09f6f18ec5cc6b13ccfaab	2026-04-26	2026-07-05	verified
DCIM/DSC07278.JPG	DCIM/DSC07278.JPG	7825492	be5f38c5343f2d1efb5db7d568b11521d4a3e4ac09126b095be80e678b96448a	2026-04-26	2026-07-05	verified
DCIM/DSC07279.ARW	DCIM/DSC07279.ARW	29630464	404cc67ce62b0931b165fd71a51730df5b4101c423e030262bb2393d9d27b818	2026-04-26	2026-07-05	verified
DCIM/DSC07279.JPG	DCIM/DSC07279.JPG	7878405	1d6f10e94f8964033be42995a2d4e8e8adc3e5943a48d6ad3c28a8b62f04805c	2026-04-26	2026-07-05	verified
DCIM/DSC07280.ARW	DCIM/DSC07280.ARW	29622272	b6bb75ab7582c864c960004022501815665af1f9fde277235d302ebcc2140b5b	2026-04-26	2026-07-05	verified
DCIM/DSC07280.JPG	DCIM/DSC07280.JPG	7868526	8d686784705c617b4b593a8780c6bf13104bf2fe943f166bd7261f1f55eb5ff0	2026-04-26	2026-07-05	verified
DCIM/DSC07281.ARW	DCIM/DSC07281.ARW	29622272	83efe4f0180af54143f65856e911431107e210461a14e2ac331f87086e701402	2026-04-26	2026-07-05	verified
DCIM/DSC07281.JPG	DCIM/DSC07281.JPG	7860557	241181a1d14a6e4516422d38e5b58b4fc29e83101566106cc927fb29fe88ac70	2026-04-26	2026-07-05	verified
DCIM/DSC07282.ARW	DCIM/DSC07282.ARW	29605888	0612c948ff0be5c60082579f86f59f0dcd35415564feb88c719236cd26c86dcd	2026-04-26	2026-07-05	verified
DCIM/DSC07282.JPG	DCIM/DSC07282.JPG	7842586	ba338cb286c7fdc84dda79644975b2fadfdf08b007e9eccb94b64a2e6f64d752	2026-04-26	2026-07-05	verified
DCIM/DSC07283.ARW	DCIM/DSC07283.ARW	29597696	af2f435bd0fed7e9f2489ef7c4a12cb3a25de8584f8f72b0efe98f63172f53d1	2026-04-26	2026-07-05	verified
DCIM/DSC07283.JPG	DCIM/DSC07283.JPG	7837544	d7e7ef0947d4fa95edaf55b8566643aac2efeb855e007b91a1eb58b14f482ab0	2026-04-26	2026-07-05	verified
DCIM/DSC07284.ARW	DCIM/DSC07284.ARW	29601792	a7625cfe1b254606700d43babf8a4e3615a6c19df2c0e5035a22ae1b9ebab679	2026-04-26	2026-07-05	verified
DCIM/DSC07284.JPG	DCIM/DSC07284.JPG	7845157	bfa3786bbd47cea122c69e3db13c180c5096bcdd8042c785b2d3c69897307430	2026-04-26	2026-07-05	verified
DCIM/DSC07285.ARW	DCIM/DSC07285.ARW	29614080	b6c249b13b6a383a33f80573d35dc0fc6cbaab20eb165e852e11f243b15a05af	2026-04-26	2026-07-05	verified
DCIM/DSC07285.JPG	DCIM/DSC07285.JPG	7870438	a3aa65a6a8099bae9172880edaa071da57b9ad8594e0e1eb4a4a66e2ef170521	2026-04-26	2026-07-05	verified
DCIM/DSC07286.ARW	DCIM/DSC07286.ARW	29622272	0c9aa6ce2f66e245a6b31ec3b091977518d5170c5ce80ff03287c879deb6aaf2	2026-04-26	2026-07-05	verified
DCIM/DSC07286.JPG	DCIM/DSC07286.JPG	7887428	3c9442be57e7f0366f1c532d3f2e718e5e2d715982de4e93ad6c678c7fee74b4	2026-04-26	2026-07-05	verified
DCIM/DSC07287.ARW	DCIM/DSC07287.ARW	29622272	3e6b067f96866aaf48d5a27eecd3293b9d5902cb877a83d3a96fe1457d075e7c	2026-04-26	2026-07-05	verified
DCIM/DSC07287.JPG	DCIM/DSC07287.JPG	7887413	152278bc6393e7758f003b4bf02a661393da0ea1eb6c2237e20c4564f6b97caf	2026-04-26	2026-07-05	verified
DCIM/DSC07288.ARW	DCIM/DSC07288.ARW	29646848	78304463342ad0062424fc356fa7e5f1fbb89d567126157d11ef2358b11f7e03	2026-04-26	2026-07-05	verified
DCIM/DSC07288.JPG	DCIM/DSC07288.JPG	7918520	d1343ee358491be663d807e9aec7c1fa1d1a5db2776600c62364baee101cf2e5	2026-04-26	2026-07-05	verified
DCIM/DSC07289.ARW	DCIM/DSC07289.ARW	29663232	f861d77cd1706eafb1eaca22cb5fe7a1cba0cb3acb8a36b71e5e96ac57cef9d2	2026-04-26	2026-07-05	verified
DCIM/DSC07289.JPG	DCIM/DSC07289.JPG	7944941	8f89fb6db067bbba51eeaeae15c4e29784034d25dadb7a93d85a0cd260d78e99	2026-04-26	2026-07-05	verified
DCIM/DSC07290.ARW	DCIM/DSC07290.ARW	28303360	0b74663a14e1475bd7604863a12433e7cc3a8450c06e1f2af4062024c5210d53	2026-04-26	2026-07-05	verified
DCIM/DSC07290.JPG	DCIM/DSC07290.JPG	5770328	d868c8a27f1d68b30bf0e12ea909a5bac9e3f2496ffef90e0b506153bb37bec0	2026-04-26	2026-07-05	verified
DCIM/DSC07291.ARW	DCIM/DSC07291.ARW	28192768	410e2a54867009761ecc19da64427380ad2b31817bd40cc0ec79ac0c2dc1e1fe	2026-04-26	2026-07-05	verified
DCIM/DSC07291.JPG	DCIM/DSC07291.JPG	5378762	9e879fcb05f1f6082a2c5e89d64f7d9c01432af61e433435349bbec649dd7a2b	2026-04-26	2026-07-05	verified
DCIM/DSC07292.ARW	DCIM/DSC07292.ARW	28147712	24a255d4071f677f2879b4fd55d1cd5cf41f93f3314a7d982bcecd8aa147d47a	2026-04-26	2026-07-05	verified
DCIM/DSC07292.JPG	DCIM/DSC07292.JPG	5249550	481c28c67cb82393de05a5521024d3b19dc3d72fd0cbd54825cbfcc672e9d463	2026-04-26	2026-07-05	verified
DCIM/DSC07293.ARW	DCIM/DSC07293.ARW	28303360	e9bb96cc1e727f2a1b54889b7041badb836a057bc4534ade83194c2e5ba1e159	2026-04-26	2026-07-05	verified
DCIM/DSC07293.JPG	DCIM/DSC07293.JPG	5513348	f83cdc65365b50d8daaef30579083b08ab32b50d6a1902230d33cf8c38f6b198	2026-04-26	2026-07-05	verified
DCIM/DSC07294.ARW	DCIM/DSC07294.ARW	28352512	34299b895526679770d518e24254664ea2874f338594faaff22386d117b94685	2026-04-26	2026-07-05	verified
DCIM/DSC07294.JPG	DCIM/DSC07294.JPG	5511551	791ce9022e01b3d417c4a2d41fffc31f6a93e05aa3c05421d2047ab22cc05dfa	2026-04-26	2026-07-05	verified
DCIM/DSC07295.ARW	DCIM/DSC07295.ARW	28356608	116c09c98b46015f0b5ea4db5fbba3b0179c5e56d7debfd9b0c5809c0f79c521	2026-04-26	2026-07-05	verified
DCIM/DSC07295.JPG	DCIM/DSC07295.JPG	5553050	21b0b1f9f3742554450031f7a3c080b10e1f07c93c8576d38ea66b20fda72149	2026-04-26	2026-07-05	verified
DCIM/DSC07296.ARW	DCIM/DSC07296.ARW	28336128	8b593ef2671a6f3e96c967403bca035a69c6e9311d7aee1c83ecdc4c26d033bd	2026-04-26	2026-07-05	verified
DCIM/DSC07296.JPG	DCIM/DSC07296.JPG	5525364	c83fdbae01a5e2cf90ec9eaae28848fadace6377040caba94e00d921398efdb3	2026-04-26	2026-07-05	verified
DCIM/DSC07297.ARW	DCIM/DSC07297.ARW	28348416	37658e45601bed3fba28842f6b0411b10c4199b3e7ab2dd956565d9f6c1570f2	2026-04-26	2026-07-05	verified
DCIM/DSC07297.JPG	DCIM/DSC07297.JPG	5566796	bc6993c8bb437865e718e4916db0bb302c9bf3fd696c907eb2059c2cb39c1073	2026-04-26	2026-07-05	verified
DCIM/DSC07298.ARW	DCIM/DSC07298.ARW	28332032	dd37533f7c61679feec29b295be70b551302098d2c177bae454bdaf0ef6beb38	2026-04-26	2026-07-05	verified
DCIM/DSC07298.JPG	DCIM/DSC07298.JPG	5585402	ba16463821b342dda1678121e610e3f96510ceb0162aec9604e22548349abea5	2026-04-26	2026-07-05	verified
DCIM/DSC07299.ARW	DCIM/DSC07299.ARW	28123136	3e7b39d73261cb91c273f492194f125303e6d7b9b4ee8ac1cf3bd3eac676f391	2026-04-26	2026-07-05	verified
DCIM/DSC07299.JPG	DCIM/DSC07299.JPG	5305188	7507e879f3033988dea820b4d6e869a76aa6d133856b51758147ee30c6e71aed	2026-04-26	2026-07-05	verified
DCIM/DSC07300.ARW	DCIM/DSC07300.ARW	28262400	4c647ec6a2fddf2cad008e7c755b3be8e19321fd4ef1aacab344f08f2c82b7d4	2026-04-26	2026-07-05	verified
DCIM/DSC07300.JPG	DCIM/DSC07300.JPG	5468245	13a7ef1f06b5e94aa7b747ad816da82283d8d1afd7f2990497ced8b9d9241952	2026-04-26	2026-07-05	verified
DCIM/DSC07301.ARW	DCIM/DSC07301.ARW	28532736	0ee0030439a5583fcb35c6bf5d9e647f3e56a6b975241d84cc289f53d5297aaf	2026-04-26	2026-07-05	verified
DCIM/DSC07301.JPG	DCIM/DSC07301.JPG	5869754	fd8383f871dc4b4c36cc25453ff1ed38aa221d3d23be6dd901e0593b2c6285b3	2026-04-26	2026-07-05	verified
DCIM/DSC07302.ARW	DCIM/DSC07302.ARW	28340224	e0e41af767ed7b1424ac8b5e9ae025f85be2657baf26600f4d43fa8d257c8a9f	2026-04-26	2026-07-05	verified
DCIM/DSC07302.JPG	DCIM/DSC07302.JPG	5540142	2998f398dd3eeae677e9d45029fd27357e9af1d4d546edc38701c848b5651a4c	2026-04-26	2026-07-05	verified
DCIM/DSC07303.ARW	DCIM/DSC07303.ARW	28348416	de765cc006628ed58791431c426f344d58a2d3b13aa1a265cdf7171c73154e65	2026-04-26	2026-07-05	verified
DCIM/DSC07303.JPG	DCIM/DSC07303.JPG	5524984	78431df6f06c379c2b16f64ab8bb46d8e4c059fefeb107d406c0448e499a917c	2026-04-26	2026-07-05	verified
DCIM/DSC07304.ARW	DCIM/DSC07304.ARW	28667904	8d16c0615878fcf9ef37aa357983c8664a792e2bc8437b674cf4eb080fc9cd5b	2026-04-26	2026-07-05	verified
DCIM/DSC07304.JPG	DCIM/DSC07304.JPG	6533880	373335c07ed9991b361dbdb5a178a2a31e7076d452a9823f7404c84812360d11	2026-04-26	2026-07-05	verified
DCIM/DSC07305.ARW	DCIM/DSC07305.ARW	28684288	3cd43f1f4aea3ca843a20922b09aa0186049eb024b43bf6055a0aa3aaf2e0a75	2026-04-26	2026-07-05	verified
DCIM/DSC07305.JPG	DCIM/DSC07305.JPG	6578263	accf476247f4453967c173664a344a6fa2048b4aef71ddf3e402c17aca541c80	2026-04-26	2026-07-05	verified
DCIM/DSC07306.ARW	DCIM/DSC07306.ARW	28667904	12f65703089b920371a2bd9e8bb390fc04931f9a1786a14be7887720fb11c630	2026-04-26	2026-07-05	verified
DCIM/DSC07306.JPG	DCIM/DSC07306.JPG	6602741	6152d4bb4810b5f3424364b8e37ef5fb61661069cb576494eff3adab4cef958a	2026-04-26	2026-07-05	verified
DCIM/DSC07307.ARW	DCIM/DSC07307.ARW	28905472	c884b9396c55e37dbc53fb417fb0bf99c239ae163ef6fc312643d58ffe8c8c15	2026-04-26	2026-07-05	verified
DCIM/DSC07307.JPG	DCIM/DSC07307.JPG	6887054	59c4cd4996ff96e55e56ce93a37e74905bbcdce07fc4426e9432cd62d99f18ef	2026-04-26	2026-07-05	verified
DCIM/DSC07308.ARW	DCIM/DSC07308.ARW	28872704	276b6f5283f6c9713891c4d4a9f9a77e3b504a475f3be1294041a1db14ff7062	2026-04-26	2026-07-05	verified
DCIM/DSC07308.JPG	DCIM/DSC07308.JPG	6854421	598cedd78a70e51f7bef9ef8c42c28b14273a4750bf020a020847a44c2344b74	2026-04-26	2026-07-05	verified
DCIM/DSC07309.ARW	DCIM/DSC07309.ARW	28872704	73011389ac942e3b5fe29816dfbbae26471edbbd13b5264d683a822ceed301b3	2026-04-26	2026-07-05	verified
DCIM/DSC07309.JPG	DCIM/DSC07309.JPG	6856148	3efddae6433a2bb5d2d804e01a92b7d12764b06e627f95bf3021e4ac8feb2369	2026-04-26	2026-07-05	verified
DCIM/DSC07310.ARW	DCIM/DSC07310.ARW	30175232	5a5da019cba36d0d7938f67978e2c44e73fb4b122d6c1f2b3f1d0b4263a18714	2026-04-26	2026-07-05	verified
DCIM/DSC07310.JPG	DCIM/DSC07310.JPG	9526076	0a30b06b0295791381b2f763f4f9c00ab5223bf6015f65d154751133c56545e5	2026-04-26	2026-07-05	verified
DCIM/DSC07311.ARW	DCIM/DSC07311.ARW	30048256	24bbad87bbc76656347f874dd611b2d2d142e551b386182f2eb867f221571764	2026-04-26	2026-07-05	verified
DCIM/DSC07311.JPG	DCIM/DSC07311.JPG	9541498	7a454329c15a9a6ba9358e7db22ec6ff080979cc1d4841fb210a48c3c5f0c295	2026-04-26	2026-07-05	verified
DCIM/DSC07312.ARW	DCIM/DSC07312.ARW	30236672	9a5d1deb74515ea1c30c41c7a8fc6bf0aefda25e8c887709b8567dbe7f1c139a	2026-04-26	2026-07-05	verified
DCIM/DSC07312.JPG	DCIM/DSC07312.JPG	9749782	17f9ad4de88c5ffe5eb8f07bf01d21fcf7e572e4a1457d9ae92964d4e652f997	2026-04-26	2026-07-05	verified
DCIM/DSC07313.ARW	DCIM/DSC07313.ARW	29077504	650562a0faae3ed8f0a1453ea8951dd6405f92d82e729d39c29afa375d9a3f71	2026-04-26	2026-07-05	verified
DCIM/DSC07313.JPG	DCIM/DSC07313.JPG	7470906	2b1d477b942d93b40ffdf3141beb717615422f70cf8e5c50184c9ff94456b0d9	2026-04-26	2026-07-05	verified
DCIM/DSC07314.ARW	DCIM/DSC07314.ARW	29011968	b6d430fa867b7ba4f807e3a2d7d913323ac55e4108dd6eb940f87f5634b40eb7	2026-04-26	2026-07-05	verified
DCIM/DSC07314.JPG	DCIM/DSC07314.JPG	7232788	6aab0c114e61c9e605f829f47b917b8613eac04e064877a4db01028c62513cf8	2026-04-26	2026-07-05	verified
DCIM/DSC07315.ARW	DCIM/DSC07315.ARW	29036544	36167c665b6b6f9488a3d80e89295f9690826c24bc370707bd3f07bb1c8e9e85	2026-04-26	2026-07-05	verified
DCIM/DSC07315.JPG	DCIM/DSC07315.JPG	7339555	5ca235cb3e2e80dd586ac5c0d190510ee6e03823a11cf7d8fdd2820ebc03ca0d	2026-04-26	2026-07-05	verified
DCIM/DSC07316.ARW	DCIM/DSC07316.ARW	30134272	fc8fd2749f8703f44bf0903a94df34b9b91b902d82c6de528de502c41d2ad6ac	2026-04-26	2026-07-05	verified
DCIM/DSC07316.JPG	DCIM/DSC07316.JPG	9623077	d364d3239df52c3ffcec0baf4b9b272ed15bbee2c2a5044d86c0d1a3f147db3e	2026-04-26	2026-07-05	verified
DCIM/DSC07317.ARW	DCIM/DSC07317.ARW	30289920	81221c880614db837625a703d663acd02a034190d7eeeb017031c057dc2009e8	2026-04-26	2026-07-05	verified
DCIM/DSC07317.JPG	DCIM/DSC07317.JPG	9896674	d5d0e2492ed3d7ad552b84a3785affa8963a1a5796ed88aac6c6e957bbba26c9	2026-04-26	2026-07-05	verified
DCIM/DSC07318.ARW	DCIM/DSC07318.ARW	30281728	908e1cad64202288aeae23a7d1542ac6c1d5384d4db0b2e01b5dc9859a7ac84f	2026-04-26	2026-07-05	verified
DCIM/DSC07318.JPG	DCIM/DSC07318.JPG	9872670	78fd39f8f42e0c6b5a4fc616204ec6dcf953d5721a71e71a8af48039e8351f50	2026-04-26	2026-07-05	verified
DCIM/DSC07319.ARW	DCIM/DSC07319.ARW	30273536	349e24432205f8aa74c3ca69ae43d47310ef20c3b1f2f4996e918edab72c637c	2026-04-26	2026-07-05	verified
DCIM/DSC07319.JPG	DCIM/DSC07319.JPG	9872123	94efaa9e065ddad2927ee1d0744fbbb69bdec9c5dc0b989ab834bf39c21ef02f	2026-04-26	2026-07-05	verified
DCIM/DSC07320.ARW	DCIM/DSC07320.ARW	29634560	fbba34c6ae9317f856653e17530d53bcb2cb48b7e52efa33a91441cfd373c0f0	2026-04-26	2026-07-05	verified
DCIM/DSC07320.JPG	DCIM/DSC07320.JPG	8560556	9707f9bd1fd9aac3a7bc7d44c42517eb74edb9a491c157ccd751ecb19e6cb2c2	2026-04-26	2026-07-05	verified
DCIM/DSC07321.ARW	DCIM/DSC07321.ARW	29986816	f20aa9a3c225b8dc55746caacf8ae5185fdc65ce842020d72d805ca800628c0f	2026-04-26	2026-07-05	verified
DCIM/DSC07321.JPG	DCIM/DSC07321.JPG	9109550	0803aab0b5031416ff2ba6e4a5b27d9b5c94bcb411918892446868b0a39569d2	2026-04-26	2026-07-05	verified
DCIM/DSC07322.ARW	DCIM/DSC07322.ARW	30269440	c55387ddbbbc3cd411d0960b1be0b36a57742f66bd13eef343becc92dd32bfaf	2026-04-26	2026-07-05	verified
DCIM/DSC07322.JPG	DCIM/DSC07322.JPG	9655415	bd7cfe14e03acc4786a9581da2ede5f23f57052e0ecda858e9fb748722d1f68c	2026-04-26	2026-07-05	verified
DCIM/DSC07323.ARW	DCIM/DSC07323.ARW	30294016	abf31a897b236eb07c812fd8ea9ae0ef1f2f1b7c0ffe869a22fddb04e1d9c8be	2026-04-26	2026-07-05	verified
DCIM/DSC07323.JPG	DCIM/DSC07323.JPG	9993669	2d598811fcc661d7764c754eb8dccb61808cc400fdde4b61502f977b81d2f637	2026-04-26	2026-07-05	verified
DCIM/DSC07324.ARW	DCIM/DSC07324.ARW	30298112	35f25ec27c4f9ec1b3dcb49960977e6ec712eef8c8a75da4904899466bce76a7	2026-04-26	2026-07-05	verified
DCIM/DSC07324.JPG	DCIM/DSC07324.JPG	9947792	1b5dcbdf6dfa6b442f2a036e70f680d2fa5200e305f4543463c60506b465678a	2026-04-26	2026-07-05	verified
DCIM/DSC07325.ARW	DCIM/DSC07325.ARW	29171712	3cb22c00d6f11ace0766d8337a008215cb0465a3102f4fd27930c6225e8c7bbd	2026-04-26	2026-07-05	verified
DCIM/DSC07325.JPG	DCIM/DSC07325.JPG	7548120	e10aa7c8495d9b86ab7ad3de0e55a8e8b0ceeffea6b025324d3d05c078097ffa	2026-04-26	2026-07-05	verified
DCIM/DSC07326.ARW	DCIM/DSC07326.ARW	30191616	a0a26b61221814ec139ba69266438a08827eb41ee3295d12eefd8bab183dd786	2026-04-26	2026-07-05	verified
DCIM/DSC07326.JPG	DCIM/DSC07326.JPG	9698923	42730d3fc76a95218f1e3bb0bae67b49d660d4d9da85483a734fd205f107b0c4	2026-04-26	2026-07-05	verified
DCIM/DSC07327.ARW	DCIM/DSC07327.ARW	30220288	f274e9aefd76e37b079f975afb874a05d3b0a25c94e80a33528198e1281eabfa	2026-04-26	2026-07-05	verified
DCIM/DSC07327.JPG	DCIM/DSC07327.JPG	9756633	ec8f4e13c77299c59878eeeb6698fd7390fb412563e16d336314c55185acd129	2026-04-26	2026-07-05	verified
DCIM/DSC07328.ARW	DCIM/DSC07328.ARW	30674944	4b965a53ead81192af14afaa9d01fd15ea125f060dc7641956d4c6941569f8e0	2026-04-26	2026-07-05	verified
DCIM/DSC07328.JPG	DCIM/DSC07328.JPG	10393642	e50b734719cd336cc2d58acfbcd1d5800e2d856af7aacfc48114dedcb4a49083	2026-04-26	2026-07-05	verified
DCIM/DSC07329.ARW	DCIM/DSC07329.ARW	30302208	03b779244a9b5ba7b928fc83e23aec1d3e72de08481272e15de9faf1aedbd2cd	2026-04-26	2026-07-05	verified
DCIM/DSC07329.JPG	DCIM/DSC07329.JPG	9812987	ee6dd73e25b20e87c9db3eb1348dbbfd2a7bce4876eaa368d407080a8b02f946	2026-04-26	2026-07-05	verified
DCIM/DSC07330.ARW	DCIM/DSC07330.ARW	29974528	4bc716cd190a707dce0f1643bf47ddc71793daa3fe22ded930c9018efbb8f240	2026-04-26	2026-07-05	verified
DCIM/DSC07330.JPG	DCIM/DSC07330.JPG	9153935	c688ddbf6ea6e293911f697e6cd86e2d9d11868c5e97925f54e8d5a008f29ba9	2026-04-26	2026-07-05	verified
DCIM/DSC07331.ARW	DCIM/DSC07331.ARW	29962240	8e9800be99b101b14bf0fe73b0dea967fa58818f3898a900203417763e37101d	2026-04-26	2026-07-05	verified
DCIM/DSC07331.JPG	DCIM/DSC07331.JPG	9132080	acbe18710f355d0ab7963a094142edc35a3cefb27818cd7fe30f987eb67e33de	2026-04-26	2026-07-05	verified
DCIM/DSC07332.ARW	DCIM/DSC07332.ARW	29827072	1f9042e1105288e6540271e17a75d3529ab57584d0c88dfb713cae084a5afc1f	2026-04-26	2026-07-05	verified
DCIM/DSC07332.JPG	DCIM/DSC07332.JPG	8844701	323be0cdf37ccceef61ade32410a1450e9b839c01ffa1e6523cef348cc17a357	2026-04-26	2026-07-05	verified
DCIM/DSC07333.ARW	DCIM/DSC07333.ARW	29728768	215e7b30e6451bc127404d5863e151b4de9b4f252ec9e9278d0e149f20b62836	2026-04-26	2026-07-05	verified
DCIM/DSC07333.JPG	DCIM/DSC07333.JPG	8620043	2630169e0692a35efa8892ffa221f1aa8b99709d07ad24aba04404b030bc0377	2026-04-26	2026-07-05	verified
DCIM/DSC07334.ARW	DCIM/DSC07334.ARW	30167040	9fb6b75790bde97143808ade879493148f051a9ac15d47bc2bc033c74ad857a7	2026-04-26	2026-07-05	verified
DCIM/DSC07334.JPG	DCIM/DSC07334.JPG	9449480	656670f929f75858870a5983cbb1b312ae33483e1a152933ce371cdfe66ed95c	2026-04-26	2026-07-05	verified
DCIM/DSC07335.ARW	DCIM/DSC07335.ARW	29954048	609c1ad4dd01ffd3f83a4f1a0c907c048a4b514dd035c01d619628ffde667a16	2026-04-26	2026-07-05	verified
DCIM/DSC07335.JPG	DCIM/DSC07335.JPG	9110174	f4396dcf2e0d3e544f3689650892681a1342e1c15565d037d561f767d90d3e76	2026-04-26	2026-07-05	verified
DCIM/DSC07336.ARW	DCIM/DSC07336.ARW	29855744	5df93780254092670c125f04fce65f234d57c976ec1e65aa52a32f925220b8a9	2026-04-26	2026-07-05	verified
DCIM/DSC07336.JPG	DCIM/DSC07336.JPG	8958375	8697e3a239b46579ee35eb227c98fa5c6d3cc582d6170dd85637398affe31ed3	2026-04-26	2026-07-05	verified
DCIM/DSC07337.ARW	DCIM/DSC07337.ARW	29855744	bc13998ff39bdfaec8d3beba936b92420fef2e873cba8d7480cf6a3ee809a5a4	2026-04-26	2026-07-05	verified
DCIM/DSC07337.JPG	DCIM/DSC07337.JPG	8979508	716c5541fca09a923b3c6880730668260060160800bf987d3b70ca36d42d0205	2026-04-26	2026-07-05	verified
DCIM/DSC07338.ARW	DCIM/DSC07338.ARW	29782016	cdb1cee506eaf9daf8520aeec50566f1e108296549f347389550806bab24a722	2026-04-26	2026-07-05	verified
DCIM/DSC07338.JPG	DCIM/DSC07338.JPG	8859343	0b115a5a973f9cecefed767c39d587fe343e3bc5df6e4e6e3e1903bcfc19fd2b	2026-04-26	2026-07-05	verified
DCIM/DSC07339.ARW	DCIM/DSC07339.ARW	29810688	bb32eb97a46f553d2f790aa1a5e34f36e23fc77e2324c508aac0f7fb568d11db	2026-04-26	2026-07-05	verified
DCIM/DSC07339.JPG	DCIM/DSC07339.JPG	8907214	50626d2e47ee7d904e3e056fe2ccb17cd7f59f8e5b6d8641b72278ee6111b2bd	2026-04-26	2026-07-05	verified
DCIM/DSC07340.ARW	DCIM/DSC07340.ARW	29814784	ac1adcba51ce54f791fed33b6bfae4bb3d5df13f0294515fd04a0e984b367ad5	2026-04-26	2026-07-05	verified
DCIM/DSC07340.JPG	DCIM/DSC07340.JPG	8919906	b617653c9a2133b925792bd5631d43d747e9aa28df4b2a2d182ff079f8a4cc55	2026-04-26	2026-07-05	verified
DCIM/DSC07341.ARW	DCIM/DSC07341.ARW	29822976	799c345f5f8c47bc481e6cc0034e9597e947f560415578a4a9185f431f74467f	2026-04-26	2026-07-05	verified
DCIM/DSC07341.JPG	DCIM/DSC07341.JPG	8909593	378a09a62f87b450e1a885fa9eac9592040c799e757405f31cd3887db4563193	2026-04-26	2026-07-05	verified
DCIM/DSC07342.ARW	DCIM/DSC07342.ARW	29831168	6356eb9437c0de51a8ec87382332f594cb24c0149952420fe9362e7c25de1da5	2026-04-26	2026-07-05	verified
DCIM/DSC07342.JPG	DCIM/DSC07342.JPG	8939213	82e8c8f4923f70b02d9816ae00e41b7c64f2f309cee7fab2b38cee223e3fac4c	2026-04-26	2026-07-05	verified
DCIM/DSC07343.ARW	DCIM/DSC07343.ARW	29503488	e6a166b53747208fb1598be49a3a050280609a2b0c273b2e1ea84250ddcc66e9	2026-04-26	2026-07-05	verified
DCIM/DSC07343.JPG	DCIM/DSC07343.JPG	8498717	490853f714ef55a86181e7dd8eef02a6ce577432ec4f0c058c883b47225a3d7e	2026-04-26	2026-07-05	verified
DCIM/DSC07344.ARW	DCIM/DSC07344.ARW	29728768	c53b38d8390ccd2b321db887bcfd07a5ec0737b39e6500a2764e66d734dc5160	2026-04-26	2026-07-05	verified
DCIM/DSC07344.JPG	DCIM/DSC07344.JPG	8833481	7091fd9a9351486093d2fe870adab4ab22d4dba9064585c54eba332f9405f5d8	2026-04-26	2026-07-05	verified
DCIM/DSC07345.ARW	DCIM/DSC07345.ARW	29605888	1ed19201c31f9a0b63e6d5d70bb8ec57ae49bb50a2f1793f4c69ecc9cde67f0b	2026-04-26	2026-07-05	verified
DCIM/DSC07345.JPG	DCIM/DSC07345.JPG	8643957	89755e3793fb8033d8ca117c3d7cc5701a0e7a5b868287adb31bfa3708a9e6f3	2026-04-26	2026-07-05	verified
DCIM/DSC07346.ARW	DCIM/DSC07346.ARW	29532160	6132cc36cacae6c22c6a8a31aaf4984ed90ff39b844a07b92072ced90cce7cbc	2026-04-26	2026-07-05	verified
DCIM/DSC07346.JPG	DCIM/DSC07346.JPG	8301986	ef471ab7ab1e721fb7213d3807fff93b590b4073900ea65906d50e50e51b5c77	2026-04-26	2026-07-05	verified
DCIM/DSC07347.ARW	DCIM/DSC07347.ARW	29532160	4e298508a0d4ab5163581bc59ff32068c8c0c282af81029060e4cc9353c48773	2026-04-26	2026-07-05	verified
DCIM/DSC07347.JPG	DCIM/DSC07347.JPG	8313731	9c80ece664708024395210c246d75639460c3dc94d45e90009ba8c24596e561e	2026-04-26	2026-07-05	verified
DCIM/DSC07348.ARW	DCIM/DSC07348.ARW	30154752	987b22277cbf08ae5443be569624d4645f205806448e5c3b72d1dbd09e3ea53a	2026-04-26	2026-07-05	verified
DCIM/DSC07348.JPG	DCIM/DSC07348.JPG	9487289	9f3586d7a9c5279774804589dfe87110f09241a41e987568994922ea5bc3cf74	2026-04-26	2026-07-05	verified
DCIM/DSC07349.ARW	DCIM/DSC07349.ARW	30392320	38a60831c30d5d2cb1d8521e3c1cf3092d38a41c31b1711d819e1bb6867ce96c	2026-04-26	2026-07-05	verified
DCIM/DSC07349.JPG	DCIM/DSC07349.JPG	9863291	d0e57d9ad07ba83e3f4185f419e14585a4ff5e9654648bc0e3ff840917d4bfaa	2026-04-26	2026-07-05	verified
DCIM/DSC07350.ARW	DCIM/DSC07350.ARW	30457856	fe5d8904b7c64197a77c33ccf7d4ab29763331c430336b38014765fc98a4fa41	2026-04-26	2026-07-05	verified
DCIM/DSC07350.JPG	DCIM/DSC07350.JPG	9964458	be8eb3777c907536d86a9a7eb1f1545d3698455c7ce4ba8c074787694d91bb04	2026-04-26	2026-07-05	verified
DCIM/DSC07351.ARW	DCIM/DSC07351.ARW	30457856	9c8e5cd9af8da49083263912af749b4c87d2ec5bda0aed6712b7f17e23fb21e9	2026-04-26	2026-07-05	verified
DCIM/DSC07351.JPG	DCIM/DSC07351.JPG	9962861	0e49feaf31b7c3306c0fc9a410378d436af541a380bd2f019397c68c88a1d471	2026-04-26	2026-07-05	verified
DCIM/DSC07352.ARW	DCIM/DSC07352.ARW	30343168	f7eaf7d3acf0077eff71dd3d171fc81d309093b9259019c3ab70b2104587dc74	2026-04-26	2026-07-05	verified
DCIM/DSC07352.JPG	DCIM/DSC07352.JPG	9757208	1d610ab20b6dc884fa4d0c5c22315e6c2ad291bf331062d3f2a9ccce029e584c	2026-04-26	2026-07-05	verified
DCIM/DSC07353.ARW	DCIM/DSC07353.ARW	30150656	038276a9e5c4ba1dee1168ca9f4ed405d3dad3b2a43ccb7344dc40667ec01733	2026-04-26	2026-07-05	verified
DCIM/DSC07353.JPG	DCIM/DSC07353.JPG	9471062	35d02b2d1272999fd545b9d3cc5a8d3048e8e3d77daf51e225c9501a437f9496	2026-04-26	2026-07-05	verified
DCIM/DSC07354.ARW	DCIM/DSC07354.ARW	30019584	4f08c7bccb657e7cbda17f56b724433d8877ac9fb2be3d3b5a0022a2514952b5	2026-04-26	2026-07-05	verified
DCIM/DSC07354.JPG	DCIM/DSC07354.JPG	9306441	a9b666ae8bdba099119c771ae720a919d882ec77200c9c6d43d5f989459e2fca	2026-04-26	2026-07-05	verified
DCIM/DSC07355.ARW	DCIM/DSC07355.ARW	30085120	9d95f55356f55eeb1e8312f7472c25642dacbcc78b21a30575817d0ec55c237c	2026-04-26	2026-07-05	verified
DCIM/DSC07355.JPG	DCIM/DSC07355.JPG	9295681	f0ad2a9246fc66e1b9d7925d4b1758009b8056218e04a75ccd332b9d4f554f41	2026-04-26	2026-07-05	verified
DCIM/DSC07356.ARW	DCIM/DSC07356.ARW	30236672	ce71bc410fa015581306130f886c793ddbaf409ddcdd9504727455252259d30c	2026-04-26	2026-07-05	verified
DCIM/DSC07356.JPG	DCIM/DSC07356.JPG	9538417	6c85d93e048f1529d2979db4f8582a3316af587ee27c3e290f1f0bdf39b5c318	2026-04-26	2026-07-05	verified
DCIM/DSC07357.ARW	DCIM/DSC07357.ARW	30494720	29e332a75dfa08ec26e5715b39922bf3a1acc37552a1514f8eb51d72b53137cf	2026-04-26	2026-07-05	verified
DCIM/DSC07357.JPG	DCIM/DSC07357.JPG	10215370	a248ca95d83f6924385e838100b6416823e76e945fade7a4a6983bf990e02ac9	2026-04-26	2026-07-05	verified
DCIM/DSC07358.ARW	DCIM/DSC07358.ARW	30572544	cce443fa7ac0d6542920804d1dcd55b852e798a38a1f5a5f9ac8bbfcc529f6ea	2026-04-26	2026-07-05	verified
DCIM/DSC07358.JPG	DCIM/DSC07358.JPG	10224343	d533ee296b13e2c1a162bfc885ce6645b72be4d50d4901e5333d6ac67b48c66a	2026-04-26	2026-07-05	verified
DCIM/DSC07359.ARW	DCIM/DSC07359.ARW	30564352	4d568d5f0c4cc6c5aba65fb03745a69f940d11b14a4f3f6da03bb06db153db16	2026-04-26	2026-07-05	verified
DCIM/DSC07359.JPG	DCIM/DSC07359.JPG	10203147	92b8c915e2952a78fe70677c88086f138a84514e42318f71b17ba23f9bf68e7e	2026-04-26	2026-07-05	verified
DCIM/DSC07360.ARW	DCIM/DSC07360.ARW	30523392	2accfa415d84e8a8c2ce21c1d29741c9686ba0cdf9ed5667c191edd9ce351b00	2026-04-26	2026-07-05	verified
DCIM/DSC07360.JPG	DCIM/DSC07360.JPG	10232540	df211eb69e0e4d06399e9a8e1ebce22a61c59440c600a8f571021d461276c6bb	2026-04-26	2026-07-05	verified
DCIM/DSC07361.ARW	DCIM/DSC07361.ARW	30244864	2bbd2cda482ed63fca4a5ec6b93d924d32af1d2f8a719e30bdf82efd2c696454	2026-04-26	2026-07-05	verified
DCIM/DSC07361.JPG	DCIM/DSC07361.JPG	9630996	4bd7056660a0bdf72d5adb58e8d7894fef6d01636ff0b53780c51e77fa327d37	2026-04-26	2026-07-05	verified
DCIM/DSC07362.ARW	DCIM/DSC07362.ARW	30273536	13ca6c97e71141a67daadb5e61230f6803808346bde8712e56d8626d83c14539	2026-04-26	2026-07-05	verified
DCIM/DSC07362.JPG	DCIM/DSC07362.JPG	9777676	9fefc9d2b219e33c518cadc81088c92e0418507ba57886cb4b0042d13fb4161b	2026-04-26	2026-07-05	verified
DCIM/DSC07363.ARW	DCIM/DSC07363.ARW	30269440	658cdf02c722ef7779453641d351fb899f0f78c1045eaa32b900079c089b4bf9	2026-04-26	2026-07-05	verified
DCIM/DSC07363.JPG	DCIM/DSC07363.JPG	9785973	126c4bf63427d7948fc7cec91ffeac8bd13316c3603bd41a34b661d40382807c	2026-04-26	2026-07-05	verified
DCIM/DSC07364.ARW	DCIM/DSC07364.ARW	30478336	88c20d677b18eb2f749f6893ea282408b3626c48cd1647bdfd491172ae2d4a76	2026-04-26	2026-07-05	verified
DCIM/DSC07364.JPG	DCIM/DSC07364.JPG	10247114	7ef03311a9d5a9751f7d344845296993a15a28a517e53482678cc2d3794b8b46	2026-04-26	2026-07-05	verified
DCIM/DSC07365.ARW	DCIM/DSC07365.ARW	30486528	d441e2352fc07755048e73cca38e73ebe42e8ce8a4c972aca10dad8f486ae1b2	2026-04-26	2026-07-05	verified
DCIM/DSC07365.JPG	DCIM/DSC07365.JPG	10244568	619c8ebd1c9e461b80042580e28e826c22c528aebc193d03818b060a0fa7acc3	2026-04-26	2026-07-05	verified
DCIM/DSC07366.ARW	DCIM/DSC07366.ARW	30466048	6622c7fb07c83604591369d75bbc834c31a0c4e027105e994b04609b632c21d4	2026-04-26	2026-07-05	verified
DCIM/DSC07366.JPG	DCIM/DSC07366.JPG	10223437	5cad88df04b9a0dfbd2154b947cdee1ac47efb88c17e270142fc375e3d43157c	2026-04-26	2026-07-05	verified
DCIM/DSC07367.ARW	DCIM/DSC07367.ARW	30437376	2844c6ebc5a872c12cf44c8a51b4b8dc8675be07e28006c03ec6150ef1f87bb4	2026-04-26	2026-07-05	verified
DCIM/DSC07367.JPG	DCIM/DSC07367.JPG	10184768	15ee8c6bee398a9351b7df0e3c26ccd59fe4bddfdf8e7698a58275fea2607542	2026-04-26	2026-07-05	verified
DCIM/DSC07368.ARW	DCIM/DSC07368.ARW	30474240	184229cc80886725b9d3d479899704dc3bf325621d0d093be6d56313d5f444cd	2026-04-26	2026-07-05	verified
DCIM/DSC07368.JPG	DCIM/DSC07368.JPG	10232316	8feb7f8a9d87a0f3d4d44d2f6a589cbdf042640291656c86a15b503cd5565ff9	2026-04-26	2026-07-05	verified
DCIM/DSC07369.ARW	DCIM/DSC07369.ARW	29675520	a6f63bb60abde8b8a92a08ff59c6a560cd11f535f44a48b18044af2c18d63ec9	2026-04-26	2026-07-05	verified
DCIM/DSC07369.JPG	DCIM/DSC07369.JPG	8566071	e2db8b78496ca67b9ce759440d72653ab4939e4fb6c28b3b7e8f1247d5fdbdae	2026-04-26	2026-07-05	verified
DCIM/DSC07370.ARW	DCIM/DSC07370.ARW	30580736	3871ab090570fea62819e5f8da2c46a6a933e8fef03ea7d8eed22bf993202fb5	2026-04-26	2026-07-05	verified
DCIM/DSC07370.JPG	DCIM/DSC07370.JPG	10166164	7a4d57a90939e6a67e24ba40c9030818abe040a664fc3c2254efd40c906ccfb3	2026-04-26	2026-07-05	verified
DCIM/DSC07371.ARW	DCIM/DSC07371.ARW	30433280	7f0ccf06ff104da6f1e78a12012a29992aef527f7b1eb0e8bc7cc4f25ff60415	2026-04-26	2026-07-05	verified
DCIM/DSC07371.JPG	DCIM/DSC07371.JPG	9701485	a1a5ac4f2c1ae2ec08b1d86def91f43eb70113b6b8981d1ef47c7781349d8412	2026-04-26	2026-07-05	verified
DCIM/DSC07372.ARW	DCIM/DSC07372.ARW	29716480	0a06345a3748cb2c77d6b0df0e74ae6ee9c05f5de0782200f945d152f6ff2b9e	2026-04-26	2026-07-05	verified
DCIM/DSC07372.JPG	DCIM/DSC07372.JPG	8598699	e314df6f08b682839e9ccfaffad356a1686ed9c80d8b3710512ef7c342bd3ded	2026-04-26	2026-07-05	verified
DCIM/DSC07373.ARW	DCIM/DSC07373.ARW	29675520	a86cdd67efc69c86a93a8e5842f428ae1e6e6908ce4cbbede80a21e8f97a4a33	2026-04-26	2026-07-05	verified
DCIM/DSC07373.JPG	DCIM/DSC07373.JPG	8551743	f909eed04a8fe38b11789142d93a035910ee29c29dcb020ae1ad47645c8de73f	2026-04-26	2026-07-05	verified
DCIM/DSC07374.ARW	DCIM/DSC07374.ARW	29642752	7a2e69b997b6493ba6b953243d1d6dfc7c7c3602815f992b8037346a1ffc77ab	2026-04-26	2026-07-05	verified
DCIM/DSC07374.JPG	DCIM/DSC07374.JPG	8519736	b0c10631e7798dcc98169333ce0beab2d37f15b61d7232645c1f7ab8677ce390	2026-04-26	2026-07-05	verified
DCIM/DSC07375.ARW	DCIM/DSC07375.ARW	29630464	50466a186462d7cc551b3f21093688ee63f35475f0ec62f597408a09ab1dea9c	2026-04-26	2026-07-05	verified
DCIM/DSC07375.JPG	DCIM/DSC07375.JPG	8479504	2cc3f89f7e6db1ee26f26b4346f45110e19a898b27ac4025dd387255c8d58962	2026-04-26	2026-07-05	verified
DCIM/DSC07376.ARW	DCIM/DSC07376.ARW	29790208	c020efc1dc2c00035765885b4776fdf962194e84023f57ed3d49426c4bf6842d	2026-04-26	2026-07-05	verified
DCIM/DSC07376.JPG	DCIM/DSC07376.JPG	8681548	3b817707eb06c2eabf0c0d94da2c5a84a43a8cc6ae9e01c94775e3acb0fd8809	2026-04-26	2026-07-05	verified
DCIM/DSC07377.ARW	DCIM/DSC07377.ARW	29839360	c211ca8702860dd88fc4cf6568cd2acb22d9be78b65eb6746a71d59c2f7f8e97	2026-04-26	2026-07-05	verified
DCIM/DSC07377.JPG	DCIM/DSC07377.JPG	8786934	556c664bd6bfdae5e9137518dc8f5a2bb5700c4bbd9aba9f867eb59ae81399bb	2026-04-26	2026-07-05	verified
DCIM/DSC07378.ARW	DCIM/DSC07378.ARW	29995008	ca4f6a1191cbcef238292a988ace9314ffede4e0a60250217c8639b0a910436d	2026-04-26	2026-07-05	verified
DCIM/DSC07378.JPG	DCIM/DSC07378.JPG	9034663	377a5f9e2e695e081a3b4ea5a85255c222b1e4385c40671ae7c6229bd133064e	2026-04-26	2026-07-05	verified
DCIM/DSC07379.ARW	DCIM/DSC07379.ARW	29437952	6ac0f505fb544950171e7157fa1e0b4b26d5334f748b2f5e0a7c96f966c834ae	2026-04-26	2026-07-05	verified
DCIM/DSC07379.JPG	DCIM/DSC07379.JPG	7856122	02df9ad78d454f6bd4cad5a1ad58c5837584880b58d64a21a87efa78e28a1c32	2026-04-26	2026-07-05	verified
DCIM/DSC07380.ARW	DCIM/DSC07380.ARW	29376512	9217b946ed9959cadca3a18284048e51890d68134c4ed01e5cedb19132623ece	2026-04-26	2026-07-05	verified
DCIM/DSC07380.JPG	DCIM/DSC07380.JPG	7756412	696ab7b1b2847d9c483a9d3b10c5d246187778f85fd44a50800749b73831c627	2026-04-26	2026-07-05	verified
DCIM/DSC07381.ARW	DCIM/DSC07381.ARW	29601792	c774f188ba301e8d0223dd5401091e56f45d6380dadafe618b480f2d8aec534f	2026-04-26	2026-07-05	verified
DCIM/DSC07381.JPG	DCIM/DSC07381.JPG	7996573	dcd6af8940e1fb332cdb87c292296b187f348c73984376016b317b882a7f5e5f	2026-04-26	2026-07-05	verified
DCIM/DSC07382.ARW	DCIM/DSC07382.ARW	29499392	48895606659f41828286e9a3e4de606c9a3a190f603065d09b5afe8b0ea1c184	2026-04-26	2026-07-05	verified
DCIM/DSC07382.JPG	DCIM/DSC07382.JPG	7834609	ecc996809742cc3f455bd11a109a77846a6559f8e4c94902438abb61c403946c	2026-04-26	2026-07-05	verified
DCIM/DSC07383.ARW	DCIM/DSC07383.ARW	30384128	0cbe4c65298193c90bcf4b61da0f7652096e3a468e721496414a3ee850eab94d	2026-04-26	2026-07-05	verified
DCIM/DSC07383.JPG	DCIM/DSC07383.JPG	9795288	777d724101f15fa26e62f7ee4bc2f809c2923ecf03557d978a3ecb80876e77d6	2026-04-26	2026-07-05	verified
DCIM/DSC07384.ARW	DCIM/DSC07384.ARW	30355456	27efa8d338b1673b2165372edba2324c8cefa012b50a7d10916da4b97065f293	2026-04-26	2026-07-05	verified
DCIM/DSC07384.JPG	DCIM/DSC07384.JPG	9759890	5d462a42a8107d218cb33c01e25815c509f5d75ad16afeceacdbb9fc0a3b6d12	2026-04-26	2026-07-05	verified
DCIM/DSC07385.ARW	DCIM/DSC07385.ARW	30449664	9142cf0dc5fc28a4382d288e8e3a2b241007a9a4b371b7f50f467281ed92d388	2026-04-26	2026-07-05	verified
DCIM/DSC07385.JPG	DCIM/DSC07385.JPG	9915615	459f1b8750aa40a25e09880cd8f7eec54d8611f0f366496f728400407b1f1316	2026-04-26	2026-07-05	verified
DCIM/DSC07386.ARW	DCIM/DSC07386.ARW	30539776	43b24a733d1aef7f00134d572c7c1576f02c9d6bb9300df95f8532cfaeea2341	2026-04-26	2026-07-05	verified
DCIM/DSC07386.JPG	DCIM/DSC07386.JPG	10050333	02e6332e4b4dfc34464e2388d7f4bb35bc2634c767f9f232c777b8b31253d3a8	2026-04-26	2026-07-05	verified
DCIM/DSC07387.ARW	DCIM/DSC07387.ARW	30535680	610a1315ce30e3a4c88dcfdb168aeeeb7c51c81599587ae1bb2ba096864dd1a9	2026-04-26	2026-07-05	verified
DCIM/DSC07387.JPG	DCIM/DSC07387.JPG	10070326	aa99908447a507c16337bfb4d5a3f0bf0ed1502862a944f08adaf96ee06cc5b3	2026-04-26	2026-07-05	verified
DCIM/DSC07388.ARW	DCIM/DSC07388.ARW	30588928	1f60da0a3773d86a4ff51ce2b7a8eaed0cf7cf43b2d037eea2a0d3bf4dbc5fb3	2026-04-26	2026-07-05	verified
DCIM/DSC07388.JPG	DCIM/DSC07388.JPG	10136952	af1151c8f5d796dc7cf8af2df831ede0b4cf198e3da6583170c0c7eccf0b3f3c	2026-04-26	2026-07-05	verified
DCIM/DSC07389.ARW	DCIM/DSC07389.ARW	30609408	74700d2e3958a9ce4246414a4f165101c6074e6ee4cd01c8c95179f35ea27a9d	2026-04-26	2026-07-05	verified
DCIM/DSC07389.JPG	DCIM/DSC07389.JPG	10165864	798d5c914fc7a65bf333fbfd2a41d4c4d55c6c1a2f347b676ced3d150d1b2263	2026-04-26	2026-07-05	verified
DCIM/DSC07390.ARW	DCIM/DSC07390.ARW	30564352	17e154a395af6504c0a01ca6a0abe49baf0c1425a9269626179e50298b5d5a57	2026-04-26	2026-07-05	verified
DCIM/DSC07390.JPG	DCIM/DSC07390.JPG	10102502	983ab6f3bd5b9ed3b8f9f8218c870c6face206ab166565d1525be91772fabf49	2026-04-26	2026-07-05	verified
DCIM/DSC07391.ARW	DCIM/DSC07391.ARW	30597120	6f659f783f030c27538d04178edfdba8a058a95dce012b4f734e06e3cc38e0a5	2026-04-26	2026-07-05	verified
DCIM/DSC07391.JPG	DCIM/DSC07391.JPG	10152221	a9f06facd347b3e132f535498c468c2d758e0bc9231626b64c9e8b42f768b32e	2026-04-26	2026-07-05	verified
DCIM/DSC07392.ARW	DCIM/DSC07392.ARW	30625792	47a699516b895905eca1e102e65e9f70f2274eec9c804305ae11023e0a12471b	2026-04-26	2026-07-05	verified
DCIM/DSC07392.JPG	DCIM/DSC07392.JPG	10222247	79e65560a9a54cc121fb7725ff0177fb67396bdd54696b593fab762895194af1	2026-04-26	2026-07-05	verified
DCIM/DSC07393.ARW	DCIM/DSC07393.ARW	30527488	03141c55bd94b907617ad49480e2c1fa7f9f5d82a7f05d816c237ff6b03c2918	2026-04-26	2026-07-05	verified
DCIM/DSC07393.JPG	DCIM/DSC07393.JPG	10068084	691d36b1a1f296b8a9c776795dfaa447c24b3bbbdb277b3213085871e0d35caa	2026-04-26	2026-07-05	verified
DCIM/DSC07394.ARW	DCIM/DSC07394.ARW	30396416	c907c4718904af0c291e8ba4dfd077f8eee4faa40a189bb326e584dbd5e29060	2026-04-26	2026-07-05	verified
DCIM/DSC07394.JPG	DCIM/DSC07394.JPG	9892603	f47e44f291902e820b03aba1ece086198257678019192a9d85fc410981c40969	2026-04-26	2026-07-05	verified
DCIM/DSC07395.ARW	DCIM/DSC07395.ARW	29188096	cf68551e05d361c53206f309e807853f0c2ecb9e02b40f2f9dc0cdec19b52be4	2026-04-26	2026-07-05	verified
DCIM/DSC07395.JPG	DCIM/DSC07395.JPG	7491429	10dc5bb633d6ef5147b477d1a7d22386619cd55208eb67662f853a50f83e9785	2026-04-26	2026-07-05	verified
DCIM/DSC07396.ARW	DCIM/DSC07396.ARW	29290496	ca4009f5c352cebdf4ae0d2a6a0a5a3cde3760848af4e0fab9b3f4f795b4da0a	2026-04-26	2026-07-05	verified
DCIM/DSC07396.JPG	DCIM/DSC07396.JPG	7643332	a4f390fa98d029104ed6af89a051a4997cb5d247488953c41bc7ce89e13ad214	2026-04-26	2026-07-05	verified
DCIM/DSC07397.ARW	DCIM/DSC07397.ARW	29270016	813b08286639b9faaae24bdb8e8cab1bb889bc5ac35c289754d6508b2cf420f0	2026-04-26	2026-07-05	verified
DCIM/DSC07397.JPG	DCIM/DSC07397.JPG	7628934	65f688d244fa63040bbd356c5610b268757db99160c17df4a04d6be2f1f793c9	2026-04-26	2026-07-05	verified
DCIM/DSC07398.ARW	DCIM/DSC07398.ARW	29282304	86080b47a3aa3bb34da80ea2250c777c4d65e89dd0f1e717082fa802227265a9	2026-04-26	2026-07-05	verified
DCIM/DSC07398.JPG	DCIM/DSC07398.JPG	7654645	ec7aec9b17df6fffbff50d6b65ebb3376a2c345518a520be5801b816008301f0	2026-04-26	2026-07-05	verified
DCIM/DSC07399.ARW	DCIM/DSC07399.ARW	29286400	8137d9d1b7e3f9c36be2c9a78ad5030c863369e5c1371eb48792a01416caa8f3	2026-04-26	2026-07-05	verified
DCIM/DSC07399.JPG	DCIM/DSC07399.JPG	7660124	fdbb48aa834402b388680ef8490ba4721ea66375443229221eee5b0b7f72b286	2026-04-26	2026-07-05	verified
DCIM/DSC07400.ARW	DCIM/DSC07400.ARW	29286400	856df756605beda7f73aa39042ac8a097685953da4dd63b4e7fe6862a681254c	2026-04-26	2026-07-05	verified
DCIM/DSC07400.JPG	DCIM/DSC07400.JPG	7667456	dd4742d65dc0088a4ce86248d8d69e1d0194022fe790b5306ff054a08b0ffcd5	2026-04-26	2026-07-05	verified
DCIM/DSC07401.ARW	DCIM/DSC07401.ARW	29413376	af66bf873f3fafa1d670db99cde16b6764362673a6ccb345aced4dd1a6356a03	2026-04-26	2026-07-05	verified
DCIM/DSC07401.JPG	DCIM/DSC07401.JPG	7638992	cc3e51fe19ce94b092d32d7a942491b2321c8b68d9a9aba45f6249b8adbd8c8a	2026-04-26	2026-07-05	verified
DCIM/DSC07402.ARW	DCIM/DSC07402.ARW	29478912	1b48136a796b3ddc9d3215cbb35dc729459762c364a896b3b6ce5e0b51955e15	2026-04-26	2026-07-05	verified
DCIM/DSC07402.JPG	DCIM/DSC07402.JPG	7744979	59ca5053a0fe1136c7f5a6ecaf5c7abdfe97621df803449ca8a8058254bb5aa8	2026-04-26	2026-07-05	verified
DCIM/DSC07403.ARW	DCIM/DSC07403.ARW	29487104	2512b5cda2ce68e4597b65efd95ab5142e9ad713d9c3ccf20f7050987a4fe43e	2026-04-26	2026-07-05	verified
DCIM/DSC07403.JPG	DCIM/DSC07403.JPG	7761377	2a8070a2e305ae90bc53abcff01fc8b185f217455dd2a0299ab3b0f5ebc9646c	2026-04-26	2026-07-05	verified
DCIM/DSC07404.ARW	DCIM/DSC07404.ARW	29511680	7ab77f727f0662a8dbe81f99d12fad80780c6e95482290f509a30c36b881a597	2026-04-26	2026-07-05	verified
DCIM/DSC07404.JPG	DCIM/DSC07404.JPG	7792879	43029d483af1192ac640143c5b5ed625f3d381d59385e6b143dd9964f5c8a186	2026-04-26	2026-07-05	verified
DCIM/DSC07405.ARW	DCIM/DSC07405.ARW	29331456	f1132c2dc94e9653cdf07c3eb018095613503f95d0437727c88f9aecc76f1192	2026-04-26	2026-07-05	verified
DCIM/DSC07405.JPG	DCIM/DSC07405.JPG	7521511	636c46bd324923809eccfdb05e1be894a5ecdf75be946704183bf2b934f47f5c	2026-04-26	2026-07-05	verified
DCIM/DSC07406.ARW	DCIM/DSC07406.ARW	29491200	3b0bd30a054eb25ee907bafd0926036120aaa3b1b66bea748cb3637ca358a48c	2026-04-26	2026-07-05	verified
DCIM/DSC07406.JPG	DCIM/DSC07406.JPG	7806711	571856fab7c703ab63bdc659caacadb3724c0f9c9077628bf128860bd6833614	2026-04-26	2026-07-05	verified
DCIM/DSC07407.ARW	DCIM/DSC07407.ARW	29536256	8a68b1d1b8fe0823ff1ef9a87d7748299c8d15fd91a904b8b4f5c03369ac071d	2026-04-26	2026-07-05	verified
DCIM/DSC07407.JPG	DCIM/DSC07407.JPG	7896517	f7919d91a7e9c597c6c4470d615a975b95e8fa762cab1f0e52431236b34e01f9	2026-04-26	2026-07-05	verified
DCIM/DSC07408.ARW	DCIM/DSC07408.ARW	29593600	4041c39f016d19ae3d9e1de5713f328fe1174b667ed5af560f0bfda2b36fbe70	2026-04-26	2026-07-05	verified
DCIM/DSC07408.JPG	DCIM/DSC07408.JPG	7994245	c500fe1ba5fc190b4480f185d78a06625871e9360203240b81a0edb931b3493a	2026-04-26	2026-07-05	verified
DCIM/DSC07409.ARW	DCIM/DSC07409.ARW	29523968	3de0e42fd91b44cbf0884a6fd439ba945d3a64d40d9e16b8e6f50942ee0d97f6	2026-04-26	2026-07-05	verified
DCIM/DSC07409.JPG	DCIM/DSC07409.JPG	7935651	5fae4e7fdf8f3e3bc55a768a7c5ae182a4f6db0c64497840662a822770935e53	2026-04-26	2026-07-05	verified
DCIM/DSC07410.ARW	DCIM/DSC07410.ARW	29364224	6cddd8417af35aa7312bbc00877a07e77dd95a10b3dd548ec3c7a59ebc22b36c	2026-04-26	2026-07-05	verified
DCIM/DSC07410.JPG	DCIM/DSC07410.JPG	7766465	85c560f0d9e42dd0ca847e276b7fb4e76a9c1c0e5a4d64a3108cecc001213bf1	2026-04-26	2026-07-05	verified
DCIM/DSC07411.ARW	DCIM/DSC07411.ARW	29163520	9c3d419be2529d7e0bb4de0173027c64d2467b1fd907dd40144ec71d6eb92fcd	2026-04-26	2026-07-05	verified
DCIM/DSC07411.JPG	DCIM/DSC07411.JPG	7114966	e940b1855d72cb48258cc82180356728fb1c7304d55e3c5d55ba4a76bc81804e	2026-04-26	2026-07-05	verified
DCIM/DSC07412.ARW	DCIM/DSC07412.ARW	28676096	ca6623a5b9b3b816f61650c1b0e39e1c338020a4fc16ad29315782bd2fef7d1c	2026-04-26	2026-07-05	verified
DCIM/DSC07412.JPG	DCIM/DSC07412.JPG	6520109	a531fc926c0b42a03d75221087e0406d62462936d90b525ae6d609712afcdb0a	2026-04-26	2026-07-05	verified
DCIM/DSC07413.ARW	DCIM/DSC07413.ARW	29847552	0c67b4fff50286c6d901b4e02bfb43e197e436cad461356c69f213c8e18016aa	2026-04-26	2026-07-05	verified
DCIM/DSC07413.JPG	DCIM/DSC07413.JPG	8361132	0b46de2033638d34fb507344d344cedab159d846f75278e52d6c7070410a9cf7	2026-04-26	2026-07-05	verified
DCIM/DSC07414.ARW	DCIM/DSC07414.ARW	28884992	b5a799af0817627d24eb98c6d7fe42c1113b0ffdaf0295ae606e7b7ac5271871	2026-04-26	2026-07-05	verified
DCIM/DSC07414.JPG	DCIM/DSC07414.JPG	6404326	2568652da1409fca1d9498ec31b9618ba9d2c6364951e62f735b916e0c13bd8b	2026-04-26	2026-07-05	verified
DCIM/DSC07415.ARW	DCIM/DSC07415.ARW	28549120	4ffc4725184e8092469d4df69975f43ce0fa3e32a5494ac42161ad09634c6c0b	2026-04-26	2026-07-05	verified
DCIM/DSC07415.JPG	DCIM/DSC07415.JPG	5502134	16b38b8981fff5cf0c6a21e796e9fc7ceec4822ede0984eeee6155b38bacdca3	2026-04-26	2026-07-05	verified
DCIM/DSC07416.ARW	DCIM/DSC07416.ARW	29069312	2c156d07d3c154e11379f7c6c91777ad02ffc480360eddf86a98c6aea2078fa3	2026-04-26	2026-07-05	verified
DCIM/DSC07416.JPG	DCIM/DSC07416.JPG	6253952	76e68b72bc3c51f127c311b13243d2b35b53d8e78881c52ab4e13f72b2e915b0	2026-04-26	2026-07-05	verified
DCIM/DSC07417.ARW	DCIM/DSC07417.ARW	29016064	9e902b55e609984a1113c76ac30d0bec9311af6be6f607ded777388229f6bcb2	2026-04-26	2026-07-05	verified
DCIM/DSC07417.JPG	DCIM/DSC07417.JPG	6153322	726b90635bf4f094b17373c0207f5ec6b28a01f873c19cfb89f43e477f17af4b	2026-04-26	2026-07-05	verified
DCIM/DSC07418.ARW	DCIM/DSC07418.ARW	28893184	c2091e66bad193dbc2bffc894914de3c87eeb902824dc511738370a86f102ba9	2026-04-26	2026-07-05	verified
DCIM/DSC07418.JPG	DCIM/DSC07418.JPG	5979610	b3a78e9b4e13d1b7e4e99b52ff5292b86cb4a717dc2cce3e5cb0e935efd93b37	2026-04-26	2026-07-05	verified
DCIM/DSC07419.ARW	DCIM/DSC07419.ARW	28254208	8046d6457a47d29c67154ebdc406b6a0371d003bcda3f8623403330ac5089499	2026-04-26	2026-07-05	verified
DCIM/DSC07419.JPG	DCIM/DSC07419.JPG	5374020	c46f5ba570f7d82f77dedf70134c1463f158bf2a7666f924b93fb157995c1d7f	2026-04-26	2026-07-05	verified
DCIM/DSC07420.ARW	DCIM/DSC07420.ARW	28270592	1e5f28e4b170b01f47d12b92bf692fe44b11945a75fb34e24161fc51f5786092	2026-04-26	2026-07-05	verified
DCIM/DSC07420.JPG	DCIM/DSC07420.JPG	5811698	5396ae3a4ccb2f6bab7f13264f9b14130ef3622b482ac6ccc22a7bf97b6fd2d4	2026-04-26	2026-07-05	verified
DCIM/DSC07421.ARW	DCIM/DSC07421.ARW	28504064	315d7100b1031da4408ed8838f67fb37ad490746fee16c54f7bfe288c54e4304	2026-04-26	2026-07-05	verified
DCIM/DSC07421.JPG	DCIM/DSC07421.JPG	6078917	3776b4a767b0b07240c62f3ecf138b18db0b34018611cb40989567e30ddfe6cf	2026-04-26	2026-07-05	verified
DCIM/DSC07422.ARW	DCIM/DSC07422.ARW	28229632	97e56a59061e36cdf75bc474fb5d4fcdd2f1da3500e2c10891852b16d1329626	2026-04-26	2026-07-05	verified
DCIM/DSC07422.JPG	DCIM/DSC07422.JPG	5391447	8c92d741f32f32e2bac871712538c37385d0f25ef98361c062dc07c7b40ff6d6	2026-04-26	2026-07-05	verified
DCIM/DSC07423.ARW	DCIM/DSC07423.ARW	29356032	41213be6866a3eaa4ed6db920475bc37f935339244ca5495f609cc72eba01157	2026-04-26	2026-07-05	verified
DCIM/DSC07423.JPG	DCIM/DSC07423.JPG	7435911	44b98457a6fcc67a57eb4a52a31ec833f284c5b74e9363fabced52ccd7b9187b	2026-04-26	2026-07-05	verified
DCIM/DSC07424.ARW	DCIM/DSC07424.ARW	29589504	ebdbca04ca25fdcb097fdadb8e7bede37af17b9606f2b091c0406b80ebe92aac	2026-04-26	2026-07-05	verified
DCIM/DSC07424.JPG	DCIM/DSC07424.JPG	7808802	e5a46b9c45cc3e7f91f38c315640bca7f966af4164b8e7723d4515d96774cdeb	2026-04-26	2026-07-05	verified
DCIM/DSC07425.ARW	DCIM/DSC07425.ARW	29450240	381a69d7d6c9cd78808160441922d8b5afa51d6568df164ff5d94ed5b0b9c6aa	2026-04-26	2026-07-05	verified
DCIM/DSC07425.JPG	DCIM/DSC07425.JPG	7601151	aec90de8c504caf7c4b55e0c69ab97d82d74bd9d0a7993f78d1475947f7003b3	2026-04-26	2026-07-05	verified
DCIM/DSC07426.ARW	DCIM/DSC07426.ARW	29839360	39dc1f4d0a88c73107e1a142697dc7962a4117bbe89535bb78a9daeda68b2b2f	2026-04-26	2026-07-05	verified
DCIM/DSC07426.JPG	DCIM/DSC07426.JPG	8495350	cc78a0d15824bfc98780546b2a0d869adbcdb7f7986d4b20e7f8b75a728cd3fa	2026-04-26	2026-07-05	verified
DCIM/DSC07427.ARW	DCIM/DSC07427.ARW	29839360	9c708ea52d81c7067b1d3536be63bf7b0633c716b202d18bac7a26d2d9c038fb	2026-04-26	2026-07-05	verified
DCIM/DSC07427.JPG	DCIM/DSC07427.JPG	8502335	33e4d6c2f57c900dfc279ce0967a2c929852f86a2fabd81ef2c5c91847a89751	2026-04-26	2026-07-05	verified
DCIM/DSC07428.ARW	DCIM/DSC07428.ARW	29843456	2ffd618aa05be47fbfbda701f25238717078a4c812421898113c42e743942f93	2026-04-26	2026-07-05	verified
DCIM/DSC07428.JPG	DCIM/DSC07428.JPG	8507063	7c433e3a156682cce8102f3d42ed3ea73c8f47148ff12105d7360c74eea4b9b2	2026-04-26	2026-07-05	verified
DCIM/DSC07429.ARW	DCIM/DSC07429.ARW	29831168	e4e9297352141b1bb15a7f9378c9fa1d8aabba82990edaa1915a05cbd885fdb7	2026-04-26	2026-07-05	verified
DCIM/DSC07429.JPG	DCIM/DSC07429.JPG	8494271	1ce599add47d83bb462c79da76463959ddd9782c74fd95b392d5ba1e09e6e8bc	2026-04-26	2026-07-05	verified
DCIM/DSC07430.ARW	DCIM/DSC07430.ARW	29442048	e1fb0a14603acff2ff84fdb8448c16c7bd275488b25dea5329d281ef5edcb25e	2026-04-26	2026-07-05	verified
DCIM/DSC07430.JPG	DCIM/DSC07430.JPG	8092041	485069e3d6a35d6489bd21f19f1abc44d20267be56eb81baadcfd90ca3292288	2026-04-26	2026-07-05	verified
DCIM/DSC07431.ARW	DCIM/DSC07431.ARW	29425664	ec7cc95005c88c747cf366a95529934f7f4ad7402ce963f07e7949b79da30301	2026-04-26	2026-07-05	verified
DCIM/DSC07431.JPG	DCIM/DSC07431.JPG	7925381	192d61a485f5ea863231b66c71087450577804b2e1c9452ffc5aec6c53438f6d	2026-04-26	2026-07-05	verified
DCIM/DSC07432.ARW	DCIM/DSC07432.ARW	29822976	373c042a50100af4074a396e2d9abd01b0d2361acb3b3a42ba83ae8e1b84e5cd	2026-04-26	2026-07-05	verified
DCIM/DSC07432.JPG	DCIM/DSC07432.JPG	8424606	0fef9138d3740af51505a13ff4206b69396f8ace93eb638608139e50727180f3	2026-04-26	2026-07-05	verified
DCIM/DSC07433.ARW	DCIM/DSC07433.ARW	29843456	406615c80c7df78c510e1b26fcb5008d73fc858187feab571d55e4e6a0894792	2026-04-26	2026-07-05	verified
DCIM/DSC07433.JPG	DCIM/DSC07433.JPG	8446967	d23d81fbebfdacf3a34a19996aefd01d0154eec98b02a5bf4e5a2efaca916bfd	2026-04-26	2026-07-05	verified
DCIM/DSC07434.ARW	DCIM/DSC07434.ARW	29831168	517f20db3ebd9fc66ba9a26f48f96385d71bf29f295c2f970fe1f59a690d133f	2026-04-26	2026-07-05	verified
DCIM/DSC07434.JPG	DCIM/DSC07434.JPG	8432732	5bba46f12d99f7ba2a22429bb11a550aa3c586453248907dc7bc7f1d32c06212	2026-04-26	2026-07-05	verified
DCIM/DSC07435.ARW	DCIM/DSC07435.ARW	30134272	6199abd9faae7db62d7b6893b78647411841bcf45fc4d2869c421f660a96438f	2026-04-26	2026-07-05	verified
DCIM/DSC07435.JPG	DCIM/DSC07435.JPG	9432104	f650b8de518eae6de1858431d5dc8ee85b6bc4a2c5f5aaf7254778420ea78d88	2026-04-26	2026-07-05	verified
DCIM/DSC07436.ARW	DCIM/DSC07436.ARW	30138368	078ce7f2e4d71dd0fa01fb1d2d9e303c7159d85b597bc9f38cae77bc1c86ce66	2026-04-26	2026-07-05	verified
DCIM/DSC07436.JPG	DCIM/DSC07436.JPG	9343548	e680a1fd0875c7291311db28f3d667b354306aee39e030a9be505d2cda3d8d3d	2026-04-26	2026-07-05	verified
DCIM/DSC07437.ARW	DCIM/DSC07437.ARW	29417472	88f25f57ae6c3bdb8e21ac557d1b6de2d5a6db70dac92698b1a8915746f073af	2026-04-26	2026-07-05	verified
DCIM/DSC07437.JPG	DCIM/DSC07437.JPG	7849101	d1562dfb779c9f7db73cdbcabedafd92ab84dbc7573fb47600b8b63c587940fa	2026-04-26	2026-07-05	verified
DCIM/DSC07438.ARW	DCIM/DSC07438.ARW	29372416	3629013472ab512ba35b9ea6d5f979f330b79082f59cecf9ce00686b725a159e	2026-04-26	2026-07-05	verified
DCIM/DSC07438.JPG	DCIM/DSC07438.JPG	8231970	7fb8a9bf108a91e5b9bee67d199e1c4354a87e336841c112a6358e22dd4cfc6d	2026-04-26	2026-07-05	verified
DCIM/DSC07439.ARW	DCIM/DSC07439.ARW	29421568	da30a2c5bf02e78a138aee3e43de6860b4bf53fadd56562da8627ddea45e0a85	2026-04-26	2026-07-05	verified
DCIM/DSC07439.JPG	DCIM/DSC07439.JPG	8402523	bb353bdc067fe02fae793a2efd27bfad917f61dac8934fa0a83c793547c7f0cb	2026-04-26	2026-07-05	verified
DCIM/DSC07440.ARW	DCIM/DSC07440.ARW	29413376	a4f7ae4ecf806e5a9b766b339b0d003fb9743016ae4573ca86a60d436840dce1	2026-04-26	2026-07-05	verified
DCIM/DSC07440.JPG	DCIM/DSC07440.JPG	8343276	c0763aae557f611e7255f98555be30940d7f6fd623d5eac2b1fb902eefe5cd89	2026-04-26	2026-07-05	verified
DCIM/DSC07441.ARW	DCIM/DSC07441.ARW	29323264	575fafdf0fcd90cda266f801692ce418a3cf2a90ed1ffff5353bd4e07838d86f	2026-04-26	2026-07-05	verified
DCIM/DSC07441.JPG	DCIM/DSC07441.JPG	8243824	9f93b3b08b56504f9bd005a3c25186dbdf7b24f7ef2f4d0df91da4c5f2d1bb83	2026-04-26	2026-07-05	verified
DCIM/DSC07442.ARW	DCIM/DSC07442.ARW	29446144	7ba0872cbd3e8c1ccb5ab94dc4ec3d0edec451bcf09340fe54e797f96a6abcd5	2026-04-26	2026-07-05	verified
DCIM/DSC07442.JPG	DCIM/DSC07442.JPG	8436443	dde672c6825659969983d5ebe409c17422887701f8b372c9417fc23ab05500e0	2026-04-26	2026-07-05	verified
DCIM/DSC07443.ARW	DCIM/DSC07443.ARW	29356032	487045c51055600c18cb44751df3b65a2868ffa868f99088a66b2de9a61e2367	2026-04-26	2026-07-05	verified
DCIM/DSC07443.JPG	DCIM/DSC07443.JPG	8261893	999601d7a6dc8efee5745eb7db054123087f5c314c2e4dc296a6b42bfc15e871	2026-04-26	2026-07-05	verified
DCIM/DSC07444.ARW	DCIM/DSC07444.ARW	29609984	ef63f25e78f9b74dc6ba431d3380ed72248b76c9ff19a1e6c9c869ad898255bd	2026-04-26	2026-07-05	verified
DCIM/DSC07444.JPG	DCIM/DSC07444.JPG	8312050	a40dc511b45a9737572f9dfad2a5bf258c6f5f9afb5af58682d51cd1d726988b	2026-04-26	2026-07-05	verified
DCIM/DSC07445.ARW	DCIM/DSC07445.ARW	29335552	2df24caa5ba8a931aa2e87f25a095c56015e156ad01ac68dd34db82fad264743	2026-04-26	2026-07-05	verified
DCIM/DSC07445.JPG	DCIM/DSC07445.JPG	8253650	965c1ca1fb1aebf3a0e20ef91c89b954dd9f9c0681e402f1cc5d50209ef75457	2026-04-26	2026-07-05	verified
DCIM/DSC07446.ARW	DCIM/DSC07446.ARW	29278208	d70d7239e4f3e85b4a166f5e7ff2d01bdadb8f3fdd7c2a79b3017370efe79c72	2026-04-26	2026-07-05	verified
DCIM/DSC07446.JPG	DCIM/DSC07446.JPG	8135878	39c3b90da5360f3f1d114769f25d266fd3fab89452826b6588ac5d0a0f7a95f4	2026-04-26	2026-07-05	verified
DCIM/DSC07447.ARW	DCIM/DSC07447.ARW	28741632	51aef76a8d7827382266511314991f0cb745410f208548bf569277610714f7ee	2026-04-26	2026-07-05	verified
DCIM/DSC07447.JPG	DCIM/DSC07447.JPG	7549006	d01f98bea60793109da56d8b92ecbdabcd52dc0ebaaa498dac663f871604a059	2026-04-26	2026-07-05	verified
DCIM/DSC07448.ARW	DCIM/DSC07448.ARW	28700672	0a46b588cf3699f3476d4018b18932149afdd3af2b579d6b4ff4642c7848cfca	2026-04-26	2026-07-05	verified
DCIM/DSC07448.JPG	DCIM/DSC07448.JPG	7460661	c7981789bbdb11946e2387f4a8fb879724165a10c66c6f0f0c21ec001862544d	2026-04-26	2026-07-05	verified
DCIM/DSC07449.ARW	DCIM/DSC07449.ARW	28483584	002f69b4b497e1ac573a6ded4a05d16342af77053ecd456c2af8c9cc69985c98	2026-04-26	2026-07-05	verified
DCIM/DSC07449.JPG	DCIM/DSC07449.JPG	7031487	f8db68bae2db9597335ec1cb6df8082d270dde40dd4413dca67921c267311766	2026-04-26	2026-07-05	verified
DCIM/DSC07450.ARW	DCIM/DSC07450.ARW	28450816	81f3bcd581addc040914775dc7c74fd2df7a2140152a97c3e6cc3dbefae8d293	2026-04-26	2026-07-05	verified
DCIM/DSC07450.JPG	DCIM/DSC07450.JPG	6965360	29201ad8557d0562deea7954896f4d979fda459eba82c08219edc35baba0053b	2026-04-26	2026-07-05	verified
DCIM/DSC07451.ARW	DCIM/DSC07451.ARW	28565504	795cddc1864549a6b8d9ae6bf4a9a13f052784e44164faf25ba1e5311ab38aa0	2026-04-26	2026-07-05	verified
DCIM/DSC07451.JPG	DCIM/DSC07451.JPG	7194369	0a44319b0ff24bef8cf40aa88a74ff1ded6fdef517ba8001ded5b996c98475c3	2026-04-26	2026-07-05	verified
DCIM/DSC07452.ARW	DCIM/DSC07452.ARW	28655616	b803062e3832517653400d553d226c4ec78f1f0fc79b47a7d8fc21ba46dcd1a0	2026-04-26	2026-07-05	verified
DCIM/DSC07452.JPG	DCIM/DSC07452.JPG	7370401	e7ebf6a6e75db4744ebe4c84cad8e69e1337304d0e5366a838d64ceccb1a9727	2026-04-26	2026-07-05	verified
DCIM/DSC07453.ARW	DCIM/DSC07453.ARW	28753920	b7fef7d378d280420940c96ff04d19eafa512b81f092ffa6da139cb58d4713c2	2026-04-26	2026-07-05	verified
DCIM/DSC07453.JPG	DCIM/DSC07453.JPG	7580733	64325d890ba780da2fb3cb4d86c8dc4d8d4c1514b7472cbe8bb71c7fdd8603d4	2026-04-26	2026-07-05	verified
DCIM/DSC07454.ARW	DCIM/DSC07454.ARW	29384704	6898de7be442c1aae50ba2842a0640a1476250cd18dd9064e355defc598a626a	2026-04-26	2026-07-05	verified
DCIM/DSC07454.JPG	DCIM/DSC07454.JPG	8523069	4a0183d23ac7fe13002e0189b7961da2d12cb031fd546e92cc3ded14a27d892a	2026-04-26	2026-07-05	verified
DCIM/DSC07455.ARW	DCIM/DSC07455.ARW	27447296	d0c20b1a96ad9fc5f2670d0734ae2e1e9512ccafeb011e24eeecc9d79a7862cb	2026-04-26	2026-07-05	verified
DCIM/DSC07455.JPG	DCIM/DSC07455.JPG	3831057	47f037d3d721c4985fc367280e484d229f800a2c7e05a8d4e61f0c9b9d95f05b	2026-04-26	2026-07-05	verified
DCIM/DSC07456.ARW	DCIM/DSC07456.ARW	27684864	ceaf98843e6743e123c8ff1cdea31b3c21e711ddfc881dc29acaa0f39f4c8ffa	2026-04-26	2026-07-05	verified
DCIM/DSC07456.JPG	DCIM/DSC07456.JPG	4403605	1a74a29234d105383aa6372d52eb3c15eb44840ff371923602438ff791ca10db	2026-04-26	2026-07-05	verified
DCIM/DSC07457.ARW	DCIM/DSC07457.ARW	27701248	063d00873410b32a723fc93866a4beb49f7fa01758dd9194c569887d2681df8c	2026-04-26	2026-07-05	verified
DCIM/DSC07457.JPG	DCIM/DSC07457.JPG	4458977	78a589545df317a0b9ca7a373951b4871bd7f5f125915efd5f1c3e52d8c3f65f	2026-04-26	2026-07-05	verified
DCIM/DSC07458.ARW	DCIM/DSC07458.ARW	27652096	1f0895822d7444ef9ea18296ecabeaa40214edf1778a715a02cba4144f778b92	2026-04-26	2026-07-05	verified
DCIM/DSC07458.JPG	DCIM/DSC07458.JPG	4353349	07412f68a01b91f99b467a5410ed0cd9daa854aa201f2970d5250706b2fae450	2026-04-26	2026-07-05	verified
DCIM/DSC07459.ARW	DCIM/DSC07459.ARW	27643904	9ce180a6881d6da225e7fec580f455e0ab21d6d488d409ee26d91879c254a539	2026-04-26	2026-07-05	verified
DCIM/DSC07459.JPG	DCIM/DSC07459.JPG	4363101	3d761fd90a4c1e5e18d4e68975444a7ebdd2d870076c06180e5324e3c756db7c	2026-04-26	2026-07-05	verified
DCIM/DSC07460.ARW	DCIM/DSC07460.ARW	27648000	030b00e9e50b919299879d68c66cf43ee800c76bfe04867e0efb6099aee3daf3	2026-04-26	2026-07-05	verified
DCIM/DSC07460.JPG	DCIM/DSC07460.JPG	4339460	71190ef65c7296a54d900265fc567d2eb72bc916ec0ef3e43b229a2a2ac30418	2026-04-26	2026-07-05	verified
DCIM/DSC07461.ARW	DCIM/DSC07461.ARW	27566080	912ad25a0057fccb74b299d7bd56b3842ebde0e2476701a46934fd071a28afc5	2026-04-26	2026-07-05	verified
DCIM/DSC07461.JPG	DCIM/DSC07461.JPG	4156664	2b095685fb71694329e67a4bfffd3408048d65bb418c9b7f2040b94a95dc066a	2026-04-26	2026-07-05	verified
DCIM/DSC07462.ARW	DCIM/DSC07462.ARW	27672576	c532a60af1a7809a8612e50de951c88314351030185a61aaf270b2dd50516691	2026-04-26	2026-07-05	verified
DCIM/DSC07462.JPG	DCIM/DSC07462.JPG	4412104	04ba495bd64de38c4532fe504a614917b0cd93271e4846742449b333f39a0bba	2026-04-26	2026-07-05	verified
DCIM/DSC07463.ARW	DCIM/DSC07463.ARW	27607040	1126812d09f6f5b41a38f7dfba410dd106a5e3ac85333c900faf98e38a6f717e	2026-04-26	2026-07-05	verified
DCIM/DSC07463.JPG	DCIM/DSC07463.JPG	4219719	1e69e2cb4601839c382fa5ee737f5c7cf773a8528bb4b1b702c75adc4d9f0fb8	2026-04-26	2026-07-05	verified
DCIM/DSC07464.ARW	DCIM/DSC07464.ARW	27660288	3caf3bd524446e88fcaf185788c3d85742282278b6801b38737cd6b4f67fb648	2026-04-26	2026-07-05	verified
DCIM/DSC07464.JPG	DCIM/DSC07464.JPG	4383830	22eee3f5183b07b0cf142deb8b389013bebe114f36b6998e2fe2295952d2938e	2026-04-26	2026-07-05	verified
DCIM/DSC07465.ARW	DCIM/DSC07465.ARW	27578368	a993ab3e400bd0faba2a01a185948760318a99706369111acc8a561b00b5fd10	2026-04-26	2026-07-05	verified
DCIM/DSC07465.JPG	DCIM/DSC07465.JPG	4230881	eed6332eb8645cca8229ddaea28ebda4e4f6a275e9409a62251dea742a4cea35	2026-04-26	2026-07-05	verified
DCIM/DSC07466.ARW	DCIM/DSC07466.ARW	27570176	f6d401a0d7fe8c1207e9b096ddd118fb9640025d1fa96e9be855bf69b07177be	2026-04-26	2026-07-05	verified
DCIM/DSC07466.JPG	DCIM/DSC07466.JPG	4164915	0b8cc0d6d01c7a0f74da7efcdc62086cf57739545243d4351090e02c7d28a766	2026-04-26	2026-07-05	verified
DCIM/DSC07467.ARW	DCIM/DSC07467.ARW	27586560	b46e250196a02fd6b53bbe027ab19ff2fcaeb03dfabdebed6d49c308995fab9f	2026-04-26	2026-07-05	verified
DCIM/DSC07467.JPG	DCIM/DSC07467.JPG	4214995	2ce2b8c326038d6128e1045d9f015f07057e504ca5ea25c91c6b4155184e10f1	2026-04-26	2026-07-05	verified
DCIM/DSC07468.ARW	DCIM/DSC07468.ARW	27611136	d47feb5890c9ef0b57ce46a4eeb351b1ff8dce508f80789e81cd5253a67ec474	2026-04-26	2026-07-05	verified
DCIM/DSC07468.JPG	DCIM/DSC07468.JPG	4300621	8238abbb6ba2e8599af3f6c41ae841b1478308070c8dba31ac45d1e1063439b9	2026-04-26	2026-07-05	verified
DCIM/DSC07469.ARW	DCIM/DSC07469.ARW	27553792	db9d76b05aadb5a605f0cac444f08f9e76dc6b59cd246d1a8f6aab603ffbaece	2026-04-26	2026-07-05	verified
DCIM/DSC07469.JPG	DCIM/DSC07469.JPG	4157620	d2ee6e6a2a2c6f9fa579462156263cf1aabb942369b0779c88685382d24dd06c	2026-04-26	2026-07-05	verified
DCIM/DSC07470.ARW	DCIM/DSC07470.ARW	27500544	550a0f0f4caecad8560fee5a4e3386ac56b22d7325ded6d02f4932e299c93593	2026-04-26	2026-07-05	verified
DCIM/DSC07470.JPG	DCIM/DSC07470.JPG	3996901	040a0a12177dd2914dfd1d0a8a2f10426b0a42f3cfd08eac2519715413f2a81d	2026-04-26	2026-07-05	verified
DCIM/DSC07471.ARW	DCIM/DSC07471.ARW	27521024	3aa92481b3f3893aab70235367ac2ab01380d2a351e6c93ef18f4a69d90bfed9	2026-04-26	2026-07-05	verified
DCIM/DSC07471.JPG	DCIM/DSC07471.JPG	4043460	67a812c3f0f1a2c4acfc1885193f7e04e916f7bab3ef485c236613bd40724761	2026-04-26	2026-07-05	verified
DCIM/DSC07472.ARW	DCIM/DSC07472.ARW	27504640	9283f63ff6cd38a9f072647a9b50d6e813687104e9a123064c684218828e1277	2026-04-26	2026-07-05	verified
DCIM/DSC07472.JPG	DCIM/DSC07472.JPG	3912747	f25f40e4ac17acaec94b441fd61619d627a28bef0c0d1051203eee71ec02d85f	2026-04-26	2026-07-05	verified
DCIM/DSC07473.ARW	DCIM/DSC07473.ARW	27492352	46711f22da04c1d4dc480d1708a4215c69a948cf1e6dda976d066bbf67c2582e	2026-04-26	2026-07-05	verified
DCIM/DSC07473.JPG	DCIM/DSC07473.JPG	3901317	a5fd7c1cead90761087cb384e95c36db8e33686e4cfbc04b1155eda8f137a9fa	2026-04-26	2026-07-05	verified
DCIM/DSC07474.ARW	DCIM/DSC07474.ARW	27533312	d15b7d34aba06b0d7de45843259129a2922129f48cae0d3c350c6382976a9b33	2026-04-26	2026-07-05	verified
DCIM/DSC07474.JPG	DCIM/DSC07474.JPG	3992979	b985234b527acafa885edb8578e1ff5c2eae90b19b56efd3081c5219d96cf22d	2026-04-26	2026-07-05	verified
DCIM/DSC07475.ARW	DCIM/DSC07475.ARW	27508736	5a91af1c6ca817428a744b0e1f781aa3dd9837a27f87ed3180de82d0a23f7cbc	2026-04-26	2026-07-05	verified
DCIM/DSC07475.JPG	DCIM/DSC07475.JPG	3887543	1d6aa6a02f47f599e56dc2a8ad0287d608655522d07876f843e28360f39e3d7f	2026-04-26	2026-07-05	verified
DCIM/DSC07476.ARW	DCIM/DSC07476.ARW	27443200	bdc8699d60f43cac72ad211338b180e862b04eac952a8f857b2c2f042c28ac48	2026-04-26	2026-07-05	verified
DCIM/DSC07476.JPG	DCIM/DSC07476.JPG	3756722	5b205944ffe7f7b0334c3e20b244e3c11c9c6292a18328f096fdb13e2fa10b9a	2026-04-26	2026-07-05	verified
DCIM/DSC07477.ARW	DCIM/DSC07477.ARW	27443200	55e27a0594d4fa07e7204c777b38701fd5ec7d6c3a581c4d062e012ade57cdb7	2026-04-26	2026-07-05	verified
DCIM/DSC07477.JPG	DCIM/DSC07477.JPG	3760681	84a9f3357ed565e29d41ffc519b5fd4870efd297c8baf589b4bee7c9a51e1099	2026-04-26	2026-07-05	verified
DCIM/DSC07478.ARW	DCIM/DSC07478.ARW	27459584	511a994dbbf32a7a8b0b1834987021b22f28e929b77bc259d89eb1a671720ff8	2026-04-26	2026-07-05	verified
DCIM/DSC07478.JPG	DCIM/DSC07478.JPG	3815797	d7301b48494fc52c4badde75777c9c59f252b6cbbeafbcbd69e766ac3d164e25	2026-04-26	2026-07-05	verified
DCIM/DSC07479.ARW	DCIM/DSC07479.ARW	27492352	7bff28d221c72b16bb91bbe788382890ec477a7715688e13a5a3a389db7926c2	2026-04-26	2026-07-05	verified
DCIM/DSC07479.JPG	DCIM/DSC07479.JPG	3876631	2f833c182fe21797b113c096ee6b450f2386d758bb9a43f668b8aad2d9cefb84	2026-04-26	2026-07-05	verified
DCIM/DSC07480.ARW	DCIM/DSC07480.ARW	27426816	46972c418438ea4e0c47b675de7c751c28df3ec1becd8bbb01b08f376509b99a	2026-04-26	2026-07-05	verified
DCIM/DSC07480.JPG	DCIM/DSC07480.JPG	3706230	bbac2655e5fd550f2429c50764ec8ada5270b69d971ffb177afb95c49e42c67c	2026-04-26	2026-07-05	verified
DCIM/DSC07481.ARW	DCIM/DSC07481.ARW	27439104	d9b46db71bd4d69e3c59f3202365c120b980dfd9495567a4e1db7d826cb10d2e	2026-04-26	2026-07-05	verified
DCIM/DSC07481.JPG	DCIM/DSC07481.JPG	3739821	d9f28451b1ae32c2beee3c4fc8284de5cc9d1ea331936d5f0f53d424cecded01	2026-04-26	2026-07-05	verified
DCIM/DSC07482.ARW	DCIM/DSC07482.ARW	27418624	718f60395e853a20afa74c9c9065e164c4173537d02470af46cc48e71f706a2b	2026-04-26	2026-07-05	verified
DCIM/DSC07482.JPG	DCIM/DSC07482.JPG	3660349	86cb68ccfdf50d172bfc1488fd5745bea7078527c9067432f83b14f3de9a5d0f	2026-04-26	2026-07-05	verified
DCIM/DSC07483.ARW	DCIM/DSC07483.ARW	27385856	d12d13e8298ea24fa1d6c15759cbf7d198fc167fd89b0f2b4e5298ea58c944f6	2026-04-26	2026-07-05	verified
DCIM/DSC07483.JPG	DCIM/DSC07483.JPG	3546665	984ecfa728aaadaca7d92bc42786eda67cfa23a0cdffdff9a73ce76d1cb30ec6	2026-04-26	2026-07-05	verified
DCIM/DSC07484.ARW	DCIM/DSC07484.ARW	27430912	0a8b414dc0b1fce7bf348fa1d29c5545a1cd7031d1baf00f5ac40607d0d4139d	2026-04-26	2026-07-05	verified
DCIM/DSC07484.JPG	DCIM/DSC07484.JPG	3694656	e22c2d4cb7f173a6962867447bb2b125bc6ef1be6e32fed743a1d96f0b7fa026	2026-04-26	2026-07-05	verified
DCIM/DSC07485.ARW	DCIM/DSC07485.ARW	27451392	f84776b7c58184dc62e5fe727c242de1dd8c1a8740e98a70aeda37527e313286	2026-04-26	2026-07-05	verified
DCIM/DSC07485.JPG	DCIM/DSC07485.JPG	3763773	0f5b1ca58b9b387d4994563be856b7c55b2b04a2860688fe47bf84da027e2800	2026-04-26	2026-07-05	verified
DCIM/DSC07486.ARW	DCIM/DSC07486.ARW	27381760	f5c6acc4d9a25beb670e513c67bf740e55981f9add06dcfbdc5d6ae67116427c	2026-04-26	2026-07-05	verified
DCIM/DSC07486.JPG	DCIM/DSC07486.JPG	3579486	0a20a6ba0f7818a430cf3f2028157b3bf8917ff3d305c79ef7f584ab08138f15	2026-04-26	2026-07-05	verified
DCIM/DSC07487.ARW	DCIM/DSC07487.ARW	27439104	97fe34f61511c1213913b0fe67a1dfb1624e4f704d8de877644f8bb5fca3b552	2026-04-26	2026-07-05	verified
DCIM/DSC07487.JPG	DCIM/DSC07487.JPG	3708933	b46e3917c4f9a0f8cca4e66a7ec769e5624daa822fdd68f50b76fa88f5c832e7	2026-04-26	2026-07-05	verified
DCIM/DSC07488.ARW	DCIM/DSC07488.ARW	27439104	fe513ec7ee59773c66709c442a3b6289659e7c8720ab3856f844925b6b4215a5	2026-04-26	2026-07-05	verified
DCIM/DSC07488.JPG	DCIM/DSC07488.JPG	3685056	b1bc04f7b92d20a7acfea6ce0915881088fd26be12d8a6506595e86bf376f3d6	2026-04-26	2026-07-05	verified
DCIM/DSC07489.ARW	DCIM/DSC07489.ARW	27430912	efabf09b955856531c7adefb00b76a51458b2af9e8e4c12108b383a4ff18c7c8	2026-04-26	2026-07-05	verified
DCIM/DSC07489.JPG	DCIM/DSC07489.JPG	3634835	5884a6a9f7f7a6d02d2b553222faebf83cf5482b15c6d6f0c7f2a2db088c94a8	2026-04-26	2026-07-05	verified
DCIM/DSC07490.ARW	DCIM/DSC07490.ARW	27398144	8a309dd61edebe55f6096af41baf7c0abcf2e32b20332820e00dcf5c3a8a72aa	2026-04-26	2026-07-05	verified
DCIM/DSC07490.JPG	DCIM/DSC07490.JPG	3551890	0423049c2dcfbd67eb1d8c6f915b6ddb9402c4b367af130e1525196490368e6e	2026-04-26	2026-07-05	verified
DCIM/DSC07491.ARW	DCIM/DSC07491.ARW	27402240	121cb750e93fff79f7f7918ab80d8fe418dc8e08663b2baeaec45719ba689e68	2026-04-26	2026-07-05	verified
DCIM/DSC07491.JPG	DCIM/DSC07491.JPG	3557837	cb859fb36af5edc4997d5332d1a966287c5c8d8fea2972de5a4a028a6f849335	2026-04-26	2026-07-05	verified
DCIM/DSC07492.ARW	DCIM/DSC07492.ARW	27365376	0fc80c05b56a0c4efe75a52fe4180f608a52336daf4b36a2f70a60b0ff266e4e	2026-04-26	2026-07-05	verified
DCIM/DSC07492.JPG	DCIM/DSC07492.JPG	3447480	56a5938be87368b9db4b9fdd83aa8de7aaaee5fd1e653ffb7a6de888684488d1	2026-04-26	2026-07-05	verified
DCIM/DSC07493.ARW	DCIM/DSC07493.ARW	27385856	bec879b0ce5a5587e472663c07ea32e5a04b3777a4a459f6e48e93d8e6f7fb31	2026-04-26	2026-07-05	verified
DCIM/DSC07493.JPG	DCIM/DSC07493.JPG	3510951	6b1861daf8c11166350abc6a3a6790f707145f4437259574f620d97b97e4a018	2026-04-26	2026-07-05	verified
DCIM/DSC07494.ARW	DCIM/DSC07494.ARW	27406336	183323e1e49d52f49e5b7d36322570d42fc5436385d8aff9e0dc64f0fee71e97	2026-04-26	2026-07-05	verified
DCIM/DSC07494.JPG	DCIM/DSC07494.JPG	3715654	8515cb67a8d9883744ea7cf284a53f93ce285ec6bfcecef42a5e6bfce4f1319e	2026-04-26	2026-07-05	verified
DCIM/DSC07495.ARW	DCIM/DSC07495.ARW	27414528	f81bdb7e0587d69db7ce8618950fdc748c05eea39502d331f075f566ab3ca4a2	2026-04-26	2026-07-05	verified
DCIM/DSC07495.JPG	DCIM/DSC07495.JPG	3732359	6fb7fe016363ee41f5b8dfb4f41f99e7904906bf782cf1dc6bfc82c28e74360d	2026-04-26	2026-07-05	verified
DCIM/DSC07496.ARW	DCIM/DSC07496.ARW	27410432	415cd030771a71549e37e8e3aa207610b9c16ca0fdd0469c8a6960a1da5207fd	2026-04-26	2026-07-05	verified
DCIM/DSC07496.JPG	DCIM/DSC07496.JPG	3632135	82204077f0b2c8f68fd47d3008589fd5fb9867a446304ccd22637c531d6be4d6	2026-04-26	2026-07-05	verified
DCIM/DSC07497.ARW	DCIM/DSC07497.ARW	27357184	cd3bc7643381a7ed11a51f7db63860195982e79390cd6802ec8383651b0f6ef9	2026-04-26	2026-07-05	verified
DCIM/DSC07497.JPG	DCIM/DSC07497.JPG	3438653	82a9bb5e490bfeec99c3519f91a01ce58e20222a0543e080fba75c8ecf273d7e	2026-04-26	2026-07-05	verified
DCIM/DSC07498.ARW	DCIM/DSC07498.ARW	27422720	776bc232bd8694ccc53f9f2d6721c8a720d36c6c17b1d2eec7343342f3f7bf1d	2026-04-26	2026-07-05	verified
DCIM/DSC07498.JPG	DCIM/DSC07498.JPG	3629909	008eeb62e253e108999033b840da005dc27df434739e0a17718f3c055f055944	2026-04-26	2026-07-05	verified
DCIM/DSC07499.ARW	DCIM/DSC07499.ARW	27467776	25ef88674c66a7a346167c83fc732ec016d87cdc3d4a938748f9fe6e09bdaad8	2026-04-26	2026-07-05	verified
DCIM/DSC07499.JPG	DCIM/DSC07499.JPG	3831629	627be95bc10983d84e659342afd4cdfbc531af6bc6ccc6a21d0e7b1e33576121	2026-04-26	2026-07-05	verified
DCIM/DSC07500.ARW	DCIM/DSC07500.ARW	27414528	fd568d4ac29d2b4056bd579a348402e1736216d4d1e432e0d8594abcabea4580	2026-04-26	2026-07-05	verified
DCIM/DSC07500.JPG	DCIM/DSC07500.JPG	3593288	43703f0b3e2d68185f528ef1f115d7948e7f92693224a38586a1a70ea8e4eeec	2026-04-26	2026-07-05	verified
DCIM/DSC07501.ARW	DCIM/DSC07501.ARW	27291648	d040c7f822d688c31591054ba37b62e20d8167873e1d492701f5c734672837f9	2026-04-26	2026-07-05	verified
DCIM/DSC07501.JPG	DCIM/DSC07501.JPG	3180295	e1604c661d3d67cf085746003e7400f8409857c51f7c67eb453401f9f8316dc4	2026-04-26	2026-07-05	verified
DCIM/DSC07502.ARW	DCIM/DSC07502.ARW	27312128	5d99ca26cd9b9fd7a3ab67aa029b16b8ec1253c4cff5787c4c146fc3c36f636c	2026-04-26	2026-07-05	verified
DCIM/DSC07502.JPG	DCIM/DSC07502.JPG	3221558	e74c904fe3d15728da03e0dd24d80f417bf2cab0f71a41c4dc08174b06b28375	2026-04-26	2026-07-05	verified
DCIM/DSC07503.ARW	DCIM/DSC07503.ARW	27373568	58e51346f960adf98bfa1ad74927bf998c5ef1908df0d9e6e14da51f693c5d6d	2026-04-26	2026-07-05	verified
DCIM/DSC07503.JPG	DCIM/DSC07503.JPG	3478105	346cf99434454e61c1f0d70ff156b47db1244c525e494ff8b6984757fdfc4397	2026-04-26	2026-07-05	verified
DCIM/DSC07504.ARW	DCIM/DSC07504.ARW	27430912	6bd45c7604f8a1df1d35fe93d3a33a4fd5acd5fed6bc82bec0d1b91494dda1ca	2026-04-26	2026-07-05	verified
DCIM/DSC07504.JPG	DCIM/DSC07504.JPG	3675902	c87cf7b27b3e6510b04e1951caee0535373afadefd5fe13aaa49c2e49d3c65db	2026-04-26	2026-07-05	verified
DCIM/DSC07505.ARW	DCIM/DSC07505.ARW	27471872	0e26525fa2b127d6e67270852c5c2a3340f563b1d49e55b71ebd25a2173d0aca	2026-04-26	2026-07-05	verified
DCIM/DSC07505.JPG	DCIM/DSC07505.JPG	3786433	614ffd5832d60ff1ce034b877b05d33d1091dc803ac7ed25790e95ecb3997720	2026-04-26	2026-07-05	verified
DCIM/DSC07506.ARW	DCIM/DSC07506.ARW	27492352	a4c066ff6f01fc9ae9ccb5b8891d2ae4d695a167b7b4abc61f055bfe64870e86	2026-04-26	2026-07-05	verified
DCIM/DSC07506.JPG	DCIM/DSC07506.JPG	3753545	3616085fa49a262e60328709f59c8a2e2e49dbb310fc4822eaae81f9ac8ccdab	2026-04-26	2026-07-05	verified
DCIM/DSC07507.ARW	DCIM/DSC07507.ARW	27475968	9ef7e42ab718936efc9999087a3ed8547252532ea6c8558b909ef3164321b92a	2026-04-26	2026-07-05	verified
DCIM/DSC07507.JPG	DCIM/DSC07507.JPG	3726595	3ae4ee801b50e36a6f3bfae3cc04fafeef0545cff597a5023f82f968f43f39d7	2026-04-26	2026-07-05	verified
DCIM/DSC07508.ARW	DCIM/DSC07508.ARW	27471872	81c5eed00eecd801441708c12d53678289fb9ca2ae8282722d7fb6421b7b1bfc	2026-04-26	2026-07-05	verified
DCIM/DSC07508.JPG	DCIM/DSC07508.JPG	3719670	127d0f4735b5df7b70b20db9123fd5e84ddd6ef419bacd57f3c6c5ef78b186e5	2026-04-26	2026-07-05	verified
DCIM/DSC07509.ARW	DCIM/DSC07509.ARW	27398144	f1daa6a38d5a5c62a7933e772e09f17b4a01dc8849bd8f035f6d5ec5c271a9f5	2026-04-26	2026-07-05	verified
DCIM/DSC07509.JPG	DCIM/DSC07509.JPG	3545979	fb7822de36cfbabae698d4cc232d6f1661d9fb321592c48eac563508082d65aa	2026-04-26	2026-07-05	verified
DCIM/DSC07510.ARW	DCIM/DSC07510.ARW	27373568	08ff45274c92149420f4d0038275977a7a9def7a77f8fb14ae6c3d8a08f82da4	2026-04-26	2026-07-05	verified
DCIM/DSC07510.JPG	DCIM/DSC07510.JPG	3372524	f2401f78e63abaa6b7db311a108b1b202580f8b5bf17a81fe018183ea935f4ec	2026-04-26	2026-07-05	verified
DCIM/DSC07511.ARW	DCIM/DSC07511.ARW	27561984	9d7f20a6e538e0dea1d449028118f2a978066956f67ef8586fd1f122493df2dc	2026-04-26	2026-07-05	verified
DCIM/DSC07511.JPG	DCIM/DSC07511.JPG	4082474	355d50934f2cd1664c96172a2354f8d3c0486254b2e7253c5992418d8a0a5d34	2026-04-26	2026-07-05	verified
DCIM/DSC07512.ARW	DCIM/DSC07512.ARW	27541504	50daf35ee569ce05ab23222908a3f2031e0872f7dec6c4a000493d3821401c35	2026-04-26	2026-07-05	verified
DCIM/DSC07512.JPG	DCIM/DSC07512.JPG	3953900	54c67e8887f2219b4de341020a0613367b355046f3f703e826a0a7537eb8282d	2026-04-26	2026-07-05	verified
DCIM/DSC07513.ARW	DCIM/DSC07513.ARW	27525120	de5d591d68d015981a6cb749aed618e784490c0bb7e8b6512555dfd622ddacc6	2026-04-26	2026-07-05	verified
DCIM/DSC07513.JPG	DCIM/DSC07513.JPG	3943708	2515a1bfac4e9932726b1d1f4d0fec4be76451bca641025d529299384c424a4c	2026-04-26	2026-07-05	verified
DCIM/DSC07514.ARW	DCIM/DSC07514.ARW	27435008	397db1e2fa6e569bb42173eae92456ab3d602e24fe2db17c28ae94419ae820fe	2026-04-26	2026-07-05	verified
DCIM/DSC07514.JPG	DCIM/DSC07514.JPG	3638794	b170bd7fc61029f3760883b1abd9c760c19da8a679439184686b78848c0fb4d5	2026-04-26	2026-07-05	verified
DCIM/DSC07515.ARW	DCIM/DSC07515.ARW	27447296	407f40e091cb382e361924ce000b6bf8dfc224a1a9aacf0e04c2fa9b57d82d4b	2026-04-26	2026-07-05	verified
DCIM/DSC07515.JPG	DCIM/DSC07515.JPG	3702973	bf2cbf9fb16c5bde759669d9ead75b86690d3f27733f1f455c19bbda3d38ef43	2026-04-26	2026-07-05	verified
DCIM/DSC07516.ARW	DCIM/DSC07516.ARW	27430912	1137ce99c9f6b1c585f87825607ea6a80d3b751504aefa70e8501bab6f41b130	2026-04-26	2026-07-05	verified
DCIM/DSC07516.JPG	DCIM/DSC07516.JPG	3693672	1e7497b8ea971a7519a258d189840a495f2c95d030dd11313cc3d6e8c27f7dae	2026-04-26	2026-07-05	verified
DCIM/DSC07517.ARW	DCIM/DSC07517.ARW	27447296	0cf7b57a1cff13c4a4911f0326e24a53b0b68545ce567d18a82790f5fd8c8e9f	2026-04-26	2026-07-05	verified
DCIM/DSC07517.JPG	DCIM/DSC07517.JPG	3712351	7b8bedda7462e260d64886b61a5d766e3ee29ee044774010601b5558b691eb10	2026-04-26	2026-07-05	verified
DCIM/DSC07518.ARW	DCIM/DSC07518.ARW	27439104	e1f5f66a652e29120f2931213e0e4655a0f3332fee69131d1e98b645d9e61af6	2026-04-26	2026-07-05	verified
DCIM/DSC07518.JPG	DCIM/DSC07518.JPG	3710939	fa6ea25e6a6bde0e4b60223c4a28c2dcfa52325a0fe1faa57c599d8a28bb9b8c	2026-04-26	2026-07-05	verified
DCIM/DSC07519.ARW	DCIM/DSC07519.ARW	27410432	2633fc279cb9d76c470e0ca5cc4d93e35f561214de063a4d9a269ad19ad5aa1b	2026-04-26	2026-07-05	verified
DCIM/DSC07519.JPG	DCIM/DSC07519.JPG	3601373	46af10f578944c07193d98e17884ee7ddce37d44dca494cd214505fb0384fe5d	2026-04-26	2026-07-05	verified
DCIM/DSC07520.ARW	DCIM/DSC07520.ARW	27512832	90b131bc06ecfc91d66af7f24de4e73fcf2911fd9bca862adf7c1e7d5dad3fa9	2026-04-26	2026-07-05	verified
DCIM/DSC07520.JPG	DCIM/DSC07520.JPG	3971175	f4a9e4cf43979e6ee889af0784490f9fd81cdab66b1e0968405c0a7b84ad50a4	2026-04-26	2026-07-05	verified
DCIM/DSC07521.ARW	DCIM/DSC07521.ARW	27430912	c3ebec4129fe52753fe9fb82b87e270b14d003234c4e5d9f83619a9fdd5b8a0e	2026-04-26	2026-07-05	verified
DCIM/DSC07521.JPG	DCIM/DSC07521.JPG	3696757	b299e6867533acda6d087294134edf3d66a811e0aee5ab362f304d137948c433	2026-04-26	2026-07-05	verified
DCIM/DSC07522.ARW	DCIM/DSC07522.ARW	27426816	fb2e723b394c9f0c5f179c2d7327c9f39f788982034fae360b249ea626d60a15	2026-04-26	2026-07-05	verified
DCIM/DSC07522.JPG	DCIM/DSC07522.JPG	3692758	e82eb6e99dcea95da39c19824523697fbc16650738147dff8c737bbdca0f4e54	2026-04-26	2026-07-05	verified
DCIM/DSC07523.ARW	DCIM/DSC07523.ARW	27545600	f3e5fdf4b4a77855b5facf0ba437e53838fd19ac7fd3dd905764d619445a2fb5	2026-04-26	2026-07-05	verified
DCIM/DSC07523.JPG	DCIM/DSC07523.JPG	4052637	634599cdb1698be99888d22dc69e21f302e8be8033929b60f2450f182672be41	2026-04-26	2026-07-05	verified
DCIM/DSC07524.ARW	DCIM/DSC07524.ARW	27467776	1ea2d37551dfcecb723a9b3922599bacc445f534bd16619baa5503d4ebd3ca47	2026-04-26	2026-07-05	verified
DCIM/DSC07524.JPG	DCIM/DSC07524.JPG	3798067	a76b2232a33ae280f60b9715d803dd3be30db5dcee85ece704d5af69082748e6	2026-04-26	2026-07-05	verified
DCIM/DSC07525.ARW	DCIM/DSC07525.ARW	27377664	6adeccc23bc442baa05d9e49c983b0fa38f02e62ec9dce1f699e751fb62d35ea	2026-04-26	2026-07-05	verified
DCIM/DSC07525.JPG	DCIM/DSC07525.JPG	3491163	d3f39bb1baf0274a9937ee097231e04693e0c4972f5c9ecfe1ac02f3a8a05bf7	2026-04-26	2026-07-05	verified
DCIM/DSC07526.ARW	DCIM/DSC07526.ARW	27447296	a29759f26b287a3b9d78497c310547d408797110e558a7d9fa8031fcfee2b417	2026-04-26	2026-07-05	verified
DCIM/DSC07526.JPG	DCIM/DSC07526.JPG	3686629	7482a0c9066a591b650efee052b007f9d1b05642417a105b4e3ed27578950ec7	2026-04-26	2026-07-05	verified
DCIM/DSC07527.ARW	DCIM/DSC07527.ARW	27463680	3b2dd633442fc857717996b24b449f380d1890b0ab025ac6da6b0cb24d723f0a	2026-04-26	2026-07-05	verified
DCIM/DSC07527.JPG	DCIM/DSC07527.JPG	3762643	e7004d375f15eee6133fdfbf9c714558346561e00c2f8e2f5b003a36af2ec264	2026-04-26	2026-07-05	verified
DCIM/DSC07528.ARW	DCIM/DSC07528.ARW	27430912	ab4d1c4ea154cfa1461d2d08c9a299516c2640ba49150b6764b3b645a4245b24	2026-04-26	2026-07-05	verified
DCIM/DSC07528.JPG	DCIM/DSC07528.JPG	3645814	b1198ceadc136ef979f544a4448bc3710f68f6407f78d37f3c64a7f6ea1e11b7	2026-04-26	2026-07-05	verified
DCIM/DSC07529.ARW	DCIM/DSC07529.ARW	27484160	4a235612327a26cdfbf1c30dcb9061430649545626ca2dffc5dfb62dae347256	2026-04-26	2026-07-05	verified
DCIM/DSC07529.JPG	DCIM/DSC07529.JPG	3798504	adc1b7f4429dfc195fb83aac008ce19c8357579e8b149237fae06afbcf5b0229	2026-04-26	2026-07-05	verified
DCIM/DSC07530.ARW	DCIM/DSC07530.ARW	27406336	f28378aee5d8286d7719fd9abae8b07d1f7da8bd6f4fe1037270bbbdcb0368d5	2026-04-26	2026-07-05	verified
DCIM/DSC07530.JPG	DCIM/DSC07530.JPG	3541650	c769adbac89497edd5dd060e9f81dcea1a9f8b19fdeffefa4a5d925640274776	2026-04-26	2026-07-05	verified
DCIM/DSC07531.ARW	DCIM/DSC07531.ARW	27435008	85b7ccbca8c6631524fdb1e1562f8e55481529bd335776c1615fdbfb580c144c	2026-04-26	2026-07-05	verified
DCIM/DSC07531.JPG	DCIM/DSC07531.JPG	3650111	41cb4a9ed220b4c9001b6e12af0f1a49ecb26708fc43ef887c352b9e30b1cfef	2026-04-26	2026-07-05	verified
DCIM/DSC07532.ARW	DCIM/DSC07532.ARW	27435008	4054d11985dcab40cd2203b00417b092580ed29635b31c17538aea96a50fe528	2026-04-26	2026-07-05	verified
DCIM/DSC07532.JPG	DCIM/DSC07532.JPG	3621504	924e72598a2f36faee5b68463fe1e708ef446b6e809b3172770deee5498f3182	2026-04-26	2026-07-05	verified
DCIM/DSC07533.ARW	DCIM/DSC07533.ARW	27426816	5cf65410dc180573ccf6e0c051f534be6e141c4155dc1654152c42fe76152695	2026-04-26	2026-07-05	verified
DCIM/DSC07533.JPG	DCIM/DSC07533.JPG	3584861	f9158d0f1d1467e9b1127b9b3938948647a82d6ec83e040847c70203e7dd7d76	2026-04-26	2026-07-05	verified
DCIM/DSC07534.ARW	DCIM/DSC07534.ARW	27422720	f1ac4044c965c296a9b1aa5a3a98026922430f995b74139570e9aef994b08c6b	2026-04-26	2026-07-05	verified
DCIM/DSC07534.JPG	DCIM/DSC07534.JPG	3596178	373067d7c891c9c9ef26060e97bbe8c4a19edee27720b3cbb69e6320f4aea876	2026-04-26	2026-07-05	verified
DCIM/DSC07535.ARW	DCIM/DSC07535.ARW	27418624	617fa33427d52f5655c1d7dff5203c25500dfc67cfd8a2643cf81986284fec71	2026-04-26	2026-07-05	verified
DCIM/DSC07535.JPG	DCIM/DSC07535.JPG	3595227	8175a1219781e5325086c35032fcbf34067481f6313cdcf485d9936974119f82	2026-04-26	2026-07-05	verified
DCIM/DSC07536.ARW	DCIM/DSC07536.ARW	27422720	f3c3057bc8168cc6cc48e5214ea4c1f1b7a0318b9d2495ab213f46d9bec592f8	2026-04-26	2026-07-05	verified
DCIM/DSC07536.JPG	DCIM/DSC07536.JPG	3603274	819241a2e79e7124bef170d8cb8e79f36048751cd685509bf53811c3d1cc1cbc	2026-04-26	2026-07-05	verified
DCIM/DSC07537.ARW	DCIM/DSC07537.ARW	27394048	dfeccec3e8c2e1015984a104fc326393e08eff2ed20610271ab4131beedbd1fe	2026-04-26	2026-07-05	verified
DCIM/DSC07537.JPG	DCIM/DSC07537.JPG	3522479	344049bbf43c9321e42557c59244b0dff8b400f09e07eeb7cc2712447b444eba	2026-04-26	2026-07-05	verified
DCIM/DSC07538.ARW	DCIM/DSC07538.ARW	27418624	17bf0d4165b97891211452ad084e08f118aaf568cec49a0b10174ef424f5272d	2026-04-26	2026-07-05	verified
DCIM/DSC07538.JPG	DCIM/DSC07538.JPG	3594955	ac883f80a2aa22f4395e20f7a7b9b2b856df950f1b2878f8c3846ee4693306ab	2026-04-26	2026-07-05	verified
DCIM/DSC07539.ARW	DCIM/DSC07539.ARW	27377664	7de6e621300e457adb3807e6284acd3ea38959ccc3a59cddc7ffbe308e2a238e	2026-04-26	2026-07-05	verified
DCIM/DSC07539.JPG	DCIM/DSC07539.JPG	3443449	92c904378c66d3fa24e1a34bc3c665dd1d9578040f3a87e113efc648f617770c	2026-04-26	2026-07-05	verified
DCIM/DSC07540.ARW	DCIM/DSC07540.ARW	27332608	4a9d8eb1fae90fe7dc5f966699485760ea1e7d64ccb751c370580bb76ce95528	2026-04-26	2026-07-05	verified
DCIM/DSC07540.JPG	DCIM/DSC07540.JPG	3247727	a7dee37ce5b90870ea15ccb1462dfe80d361d60bf89011b83992746664832e26	2026-04-26	2026-07-05	verified
DCIM/DSC07541.ARW	DCIM/DSC07541.ARW	27357184	d07dffcb18c8c730e97195875af6758066e7af0da32f8c6a95ed20cd42815280	2026-04-26	2026-07-05	verified
DCIM/DSC07541.JPG	DCIM/DSC07541.JPG	3336006	62e510c6a0637b2b08dc6e00694dbe58898935996dbc500c6402fdcd511ad38b	2026-04-26	2026-07-05	verified
DCIM/DSC07542.ARW	DCIM/DSC07542.ARW	27332608	c0ef0118ff3590519d07bd06a000b5096718619e24b3f7fc3db8f6b059b7d55a	2026-04-26	2026-07-05	verified
DCIM/DSC07542.JPG	DCIM/DSC07542.JPG	3240015	9b323a096643be0750ef26beeb757a2850893599782b92d8a21eb7c724774261	2026-04-26	2026-07-05	verified
DCIM/DSC07543.ARW	DCIM/DSC07543.ARW	27340800	5ebfb51638649f9bfc363b3a01cb433ac1e584c22fc005f96437d1c91d467e49	2026-04-26	2026-07-05	verified
DCIM/DSC07543.JPG	DCIM/DSC07543.JPG	3285607	086afd77e51100c58e708b38fce7e6c61f018767e81053ce3a1eb25022c48709	2026-04-26	2026-07-05	verified
DCIM/DSC07544.ARW	DCIM/DSC07544.ARW	27348992	df0c7abb7370ef291fcbee473ff76bfaf7d858f39514bbec4c3118c3b5b07040	2026-04-26	2026-07-05	verified
DCIM/DSC07544.JPG	DCIM/DSC07544.JPG	3343053	b6897bc17092f42901bfbe5dc832c2af113f7a9702a559ea2aa9492320fd5250	2026-04-26	2026-07-05	verified
DCIM/DSC07545.ARW	DCIM/DSC07545.ARW	27377664	6b022c90af1286965e65fa7039094cdbad08c7bc68da3d84a4536ed9e5841d01	2026-04-26	2026-07-05	verified
DCIM/DSC07545.JPG	DCIM/DSC07545.JPG	3476429	68bb894bc6371268aa5b39db04959611ecd4c0cb6e67a518e3c43504eb4131b0	2026-04-26	2026-07-05	verified
DCIM/DSC07546.ARW	DCIM/DSC07546.ARW	27389952	d7510a63bf0c7de6ff90a6fabf60e9fb4acb248cd67b42b3a7b41faee3ab6599	2026-04-26	2026-07-05	verified
DCIM/DSC07546.JPG	DCIM/DSC07546.JPG	3457412	a07b65af3bc5b42cb33cf084de54b42e454845113d8cf30deff7416ada4c0c4f	2026-04-26	2026-07-05	verified
DCIM/DSC07547.ARW	DCIM/DSC07547.ARW	27340800	d7f78272e6b2599b769b2584481a77e3117a46a45359ad1200b6d3c57afaa6ff	2026-04-26	2026-07-05	verified
DCIM/DSC07547.JPG	DCIM/DSC07547.JPG	3317221	15864f0c2c5ac91fb3e987c01550b679d533f01a76c5bac7d5a8fc8c9cc87baf	2026-04-26	2026-07-05	verified
DCIM/DSC07548.ARW	DCIM/DSC07548.ARW	27377664	dc7c7824eebaaf84002899f338fffd2f705ae1b8a90ca0758c19d2d7065def5e	2026-04-26	2026-07-05	verified
DCIM/DSC07548.JPG	DCIM/DSC07548.JPG	3447670	1c9795f35dd702b8429838548f68cd1571fec5d2cd15c8d22a7c1eea456c8c3a	2026-04-26	2026-07-05	verified
DCIM/DSC07549.ARW	DCIM/DSC07549.ARW	27361280	a447d8fa3051e366da6efa009b857ddbc46aa3a3d7c861b6610f932cf8483400	2026-04-26	2026-07-05	verified
DCIM/DSC07549.JPG	DCIM/DSC07549.JPG	3378367	3157f8e99e40f348caf013d2a596de21577fd8e912435cd5d7f03cce4082b91e	2026-04-26	2026-07-05	verified
DCIM/DSC07550.ARW	DCIM/DSC07550.ARW	27369472	b938fad5d72c40cb7a3e142eb16a1662e3ecb93e5d2423a9549b044a6d0593af	2026-04-26	2026-07-05	verified
DCIM/DSC07550.JPG	DCIM/DSC07550.JPG	3355377	b2ed273886a2f8e98063dd2595ca269cd96a8d7323b4b71c9e23d1a3aab0daf6	2026-04-26	2026-07-05	verified
DCIM/DSC07551.ARW	DCIM/DSC07551.ARW	27357184	4b511edde313ea8d24541306138b602174e27c5c56cc1329b49b2dd31d19bfd5	2026-04-26	2026-07-05	verified
DCIM/DSC07551.JPG	DCIM/DSC07551.JPG	3265455	d0b61597e523f32b127f7ad71685510c3b4cde92eb8e3f46fb035a10f7ff8210	2026-04-26	2026-07-05	verified
DCIM/DSC07552.ARW	DCIM/DSC07552.ARW	27406336	d461d973ae79951793c6f65d497250c41aacc7b5e168ec26be6d934f3cfaec30	2026-04-26	2026-07-05	verified
DCIM/DSC07552.JPG	DCIM/DSC07552.JPG	3526138	d6fbb52f3cef79704258af6a2b4be8beb34dd793f89618959930afdbd2483de9	2026-04-26	2026-07-05	verified
DCIM/DSC07553.ARW	DCIM/DSC07553.ARW	27361280	a5123c1c3e759b500432d37f090c27a35b08724b146cb0caddba801eee43bce7	2026-04-26	2026-07-05	verified
DCIM/DSC07553.JPG	DCIM/DSC07553.JPG	3354136	97ced1f02609d10c6e467252826fa61c862ea026d7c4d931d0c190fad14affab	2026-04-26	2026-07-05	verified
DCIM/DSC07554.ARW	DCIM/DSC07554.ARW	27369472	7b3e155d503f11dd0c438d196a7f0620faa2552bac7882935714291715545022	2026-04-26	2026-07-05	verified
DCIM/DSC07554.JPG	DCIM/DSC07554.JPG	3423467	97b3cb0bc6bed624d64a2fec3444b8b69f270bf2aad4a59a5fb0d0a08073ff11	2026-04-26	2026-07-05	verified
DCIM/DSC07555.ARW	DCIM/DSC07555.ARW	27377664	af85e693873e06d0a5d0022a5ef885ea7202b9a87df8ece74891fae3daf4fdc2	2026-04-26	2026-07-05	verified
DCIM/DSC07555.JPG	DCIM/DSC07555.JPG	3513136	33b1d7b23c47d34b283728b2886c7ffd28f805ba2f15d1f60d1d92f154d4e83d	2026-04-26	2026-07-05	verified
DCIM/DSC07556.ARW	DCIM/DSC07556.ARW	27254784	91d3bc894c0c8ae190d41c29a97d6310f38cacc86febe35c276023387a040736	2026-04-26	2026-07-05	verified
DCIM/DSC07556.JPG	DCIM/DSC07556.JPG	2965110	73de25c2a04dd481bd715ad49d641d798dd1f715db46b42d12020b7e15a3d2b4	2026-04-26	2026-07-05	verified
DCIM/DSC07557.ARW	DCIM/DSC07557.ARW	27193344	7c376e0144dbecaebe9d3727ea323e5c36bbdf21ded7393a6606196943726274	2026-04-26	2026-07-05	verified
DCIM/DSC07557.JPG	DCIM/DSC07557.JPG	2837117	1c7bae3fbc230072ef2e4cfa8684a0e8c1fe910342b20ccf4cc4c50cf4fa1d0c	2026-04-26	2026-07-05	verified
DCIM/DSC07558.ARW	DCIM/DSC07558.ARW	28217344	6c88094889f719b946d97f51837d40e3d539a33da1c08d9e8dba6d9f8eece7a1	2026-04-26	2026-07-05	verified
DCIM/DSC07558.JPG	DCIM/DSC07558.JPG	5258046	c505ceda169ffa3a832075a49bd4a4bd23f8c12e69a87d6ce98d024897cc3528	2026-04-26	2026-07-05	verified
DCIM/DSC07559.ARW	DCIM/DSC07559.ARW	28188672	a1cafe1edac4af87be83dde8cc3b172d72a5d729c5085cc1dd87ee13a6f6838c	2026-04-26	2026-07-05	verified
DCIM/DSC07559.JPG	DCIM/DSC07559.JPG	5372469	dadbd785e6d03511c3a0840734ee1d15b2fba9394e1674835caf46245ba6dd13	2026-04-26	2026-07-05	verified
DCIM/DSC07560.ARW	DCIM/DSC07560.ARW	27484160	a75224615d4750ebc84fbe786e7d5a317dbaf1b5c7a8ba3575944d1c859b46f9	2026-04-26	2026-07-05	verified
DCIM/DSC07560.JPG	DCIM/DSC07560.JPG	3290064	7898925eaf73e2698917634374e80ef0782a9f20398d3e3c87e67a05e096b73d	2026-04-26	2026-07-05	verified
DCIM/DSC07561.ARW	DCIM/DSC07561.ARW	27500544	00a65423b1608c740384d604378f7a9ca57788415f007c69428ac291f91d0325	2026-04-26	2026-07-05	verified
DCIM/DSC07561.JPG	DCIM/DSC07561.JPG	3362475	abf0c82c68396d344ba97af7ec1b00241f89bb6a8d1328aadcfc5667f4028788	2026-04-26	2026-07-05	verified
DCIM/DSC07562.ARW	DCIM/DSC07562.ARW	27488256	346cff3aaed723a73686849cc01c17dbdd9fd9584f040f6efbefee2053a1bdb2	2026-04-26	2026-07-05	verified
DCIM/DSC07562.JPG	DCIM/DSC07562.JPG	3293148	056c5ed2896f94b64af8ba4469bbe4f9e970c9b925cc21bb4061d03fb3ec7494	2026-04-26	2026-07-05	verified
DCIM/DSC07563.ARW	DCIM/DSC07563.ARW	27504640	56a92e21a11ba4f91d2cd4435cd679aa5963efa2f280a6d71ce161315dfbceca	2026-04-26	2026-07-05	verified
DCIM/DSC07563.JPG	DCIM/DSC07563.JPG	3423844	3c556dfedfb1cba2172af6eaaee957484b03cd0f992c9486a2e4e93c02f4d222	2026-04-26	2026-07-05	verified
DCIM/DSC07564.ARW	DCIM/DSC07564.ARW	27471872	9a259d1583c8bb005c4edcf1d3ab3c42a6223862548efd69a0a9887d5c738ad0	2026-04-26	2026-07-05	verified
DCIM/DSC07564.JPG	DCIM/DSC07564.JPG	2960765	9139cea144336fd5874eaa61640875980b1b79ad308a79465b5739574439a214	2026-04-26	2026-07-05	verified
DCIM/DSC07565.ARW	DCIM/DSC07565.ARW	27484160	95c3922ccd44c60a54e5ba212dedc124d5df1504d870fef189650d149cc9d9f9	2026-04-26	2026-07-05	verified
DCIM/DSC07565.JPG	DCIM/DSC07565.JPG	3031387	a303096c434dff89d654f8b5867492c86df27da5bb672add2037fc3281492708	2026-04-26	2026-07-05	verified
DCIM/DSC07566.ARW	DCIM/DSC07566.ARW	27521024	01912d8106cc3cc4ce1320b214fd97940cfa2efe5e187530afcaa8908ebce21c	2026-04-26	2026-07-05	verified
DCIM/DSC07566.JPG	DCIM/DSC07566.JPG	3267151	ca6b7b307f8ad8c7494748374122f369c68489db979e08502627142fe7921640	2026-04-26	2026-07-05	verified
DCIM/DSC07567.ARW	DCIM/DSC07567.ARW	27529216	766d10efd5ef750bc5874a2c8d893ebd3eafc4298f66f4049dd053fcb14d0188	2026-04-26	2026-07-05	verified
DCIM/DSC07567.JPG	DCIM/DSC07567.JPG	3296836	558bb990d5e110236235c80da32ad7674bca72dcbfb51b9ae114b9be0ae25a02	2026-04-26	2026-07-05	verified
DCIM/DSC07568.ARW	DCIM/DSC07568.ARW	27521024	c5c865ba54ce35da102ea4fd65f3174bb836e86a92d65e0b2c0a0a2201e4f540	2026-04-26	2026-07-05	verified
DCIM/DSC07568.JPG	DCIM/DSC07568.JPG	3312519	a485c3f42d2831a135376891e0bae4b090e6ad05ca967e221518fce3a261c9bc	2026-04-26	2026-07-05	verified
DCIM/DSC07569.ARW	DCIM/DSC07569.ARW	27500544	eeff5b9cba560f58aa622a250ff7c1eab26dd7cd50a1e06eb2b764dd884db8b1	2026-04-26	2026-07-05	verified
DCIM/DSC07569.JPG	DCIM/DSC07569.JPG	3186092	ed80484f5f56fdfc8f1f52cec51915c06f634aea4834de8a694e5937049cb9a2	2026-04-26	2026-07-05	verified
DCIM/DSC07570.ARW	DCIM/DSC07570.ARW	27455488	ab1f18ac9c0554d17e1ce5a1b85141677523b89c9a95e39044936806b4b1cda3	2026-04-26	2026-07-05	verified
DCIM/DSC07570.JPG	DCIM/DSC07570.JPG	3051986	eeea7bf4c8774b24846c3691729f5e2137653f205f39079bda0e64d8ef09c13e	2026-04-26	2026-07-05	verified
DCIM/DSC07571.ARW	DCIM/DSC07571.ARW	27451392	257d72a0d2a01c61e2440cc80ace84a5c67e9e4406679199bf74434f186b2ccf	2026-04-26	2026-07-05	verified
DCIM/DSC07571.JPG	DCIM/DSC07571.JPG	3039602	9c0fc0c118b99d8a72b5d360dece019b35d0609008077cbffa76b78c8f6a1c40	2026-04-26	2026-07-05	verified
DCIM/DSC07572.ARW	DCIM/DSC07572.ARW	27459584	dba9fa791fafe3ba09ab779b22a9cb77412f928f9ecdcc301bd7730d1a51ea4f	2026-04-26	2026-07-05	verified
DCIM/DSC07572.JPG	DCIM/DSC07572.JPG	3164754	12ea6ade704b3e2ff7cdc6f2f9c75afb44889cd2df9a4d6a312c9fe96f5e0360	2026-04-26	2026-07-05	verified
DCIM/DSC07573.ARW	DCIM/DSC07573.ARW	27414528	6e961b5131969871002d1867df30c32cb4e6586766ddfdd1739f929704ec28c1	2026-04-26	2026-07-05	verified
DCIM/DSC07573.JPG	DCIM/DSC07573.JPG	2993404	bda2628d45dd429e3d997c6acafd8051b99e1393259f78de2cf65a4452432a2f	2026-04-26	2026-07-05	verified
DCIM/DSC07574.ARW	DCIM/DSC07574.ARW	27398144	008ba7a6a8c39c4b884f8b432e7f19c14976cebe9795cdb4a08b0d5cb8f45aa6	2026-04-26	2026-07-05	verified
DCIM/DSC07574.JPG	DCIM/DSC07574.JPG	2990992	40438c4f6034c509aceb1baef2f17683f83e9110347aa0c553524a559fa0cc4c	2026-04-26	2026-07-05	verified
DCIM/DSC07575.ARW	DCIM/DSC07575.ARW	27418624	51e87f304ddf91a9fcef4c23e11083b7b4669ba481ca2f0c70660c8a0db74e1d	2026-04-26	2026-07-05	verified
DCIM/DSC07575.JPG	DCIM/DSC07575.JPG	3125773	4e422d23848fc15d2ac3b5c2f388eee9542ece4b9627c841bf383cf334c977dc	2026-04-26	2026-07-05	verified
DCIM/DSC07576.ARW	DCIM/DSC07576.ARW	27496448	f20fc7b8d64469ed113a4fd01870ce17886072eda1b7d12737bc60516c0aa523	2026-04-26	2026-07-05	verified
DCIM/DSC07576.JPG	DCIM/DSC07576.JPG	3368256	7c8e6222d338ec7dc2a956da34469633c92174cf0aa22f64ced118c9c24331c9	2026-04-26	2026-07-05	verified
DCIM/DSC07577.ARW	DCIM/DSC07577.ARW	27488256	6cd83d82a1f8a0a5accc04a6f175e17eb5561c77ef2a1eafb3597251bd76edc4	2026-04-26	2026-07-05	verified
DCIM/DSC07577.JPG	DCIM/DSC07577.JPG	3109478	fe2751cd81b7e1193e20831bc84dc170b5e72acf5118261f347a079bdbad926d	2026-04-26	2026-07-05	verified
DCIM/DSC07578.ARW	DCIM/DSC07578.ARW	27455488	edac0524ab7352f8fb77ae8d83f384aeceeabbaf428d9b911a509d68e8b6e0e6	2026-04-26	2026-07-05	verified
DCIM/DSC07578.JPG	DCIM/DSC07578.JPG	2833897	e7c72c7231334c9e2cb73150ee96ecbff30da4ae561619a25b3ddec294095fb6	2026-04-26	2026-07-05	verified
DCIM/DSC07579.ARW	DCIM/DSC07579.ARW	27455488	3ef4a49be20f37e03644648789e37b43c2277a2f42541c653be915ed162750b6	2026-04-26	2026-07-05	verified
DCIM/DSC07580.ARW	DCIM/DSC07580.ARW	27435008	1c4d5d4b354bc39d6c7231f066510fd0ce7faac2f6f4b29c5b90d34a4fb0ddb3	2026-04-26	2026-07-05	verified
media-sonya6700.cert.json		6184483	a1bae10d665206d3ee0814e78c8af13758a160932bd8f665b3388432febbfc0a	2026-04-28	2026-07-05	mismatch
